0|三军,听令,自刎,归天
0|经略,史有,德
0|昨晚,经略,直播,剪,视频,撑,点多,撑不住,睡着
0|更得,快,骄傲
0|经略,德
0|三军,听令,自刎,归天
0|小时,二十分钟,等于,120,分钟
1|真是,更
1|吃
1|漂泊,半生,未遇,明主,经略,不弃
1|百,进制,受益者
1|经略,忠义,人呐
1|百,进制,享受
1|痛饮,更新,酒
1|先登
2|先登
2|80,分钟,指正
2|今天,吃,肥肠
2|先登
2|120,分钟,小时,20,分钟,战士,玩家
2|先登
2|120,分钟,做,视频,做,蒙
2|120,分钟,经略,史,视频,做,迷糊
2|经略,ff14,玩,战士,之后,回来
3|先登
3|120,分钟,狒狒,14,玩,战士,觉得,没错
3|我来,迟否
3|120,分钟
3|三连,支持
3|今天,记得,再补,40,分钟
3|痛饮,更新,酒
4|小时,20,分钟,120,分钟,两回事
4|经略,德
4|120,分钟,小时,20,分钟,凉州,钟表,奇特
4|120,分钟,说,欠,40,分钟,左右,啥时候
4|第一,先登
4|志气
4|经略,厚道人
5|赛博,还债
5|拉
5|众所周知,小时,20,分钟,120,分钟
5|先登
5|懂,这集,欠,40,分钟
6|经略,史,做,视频,做,傻,哈哈哈
6|休息,会儿,求求
6|数学,有意思,颇,百官,感觉
6|春节,吃,长
6|哎呀呀
6|共,120,分钟
6|必须,立刻,吃饭
6|痛饮,更新,酒
6|120,分钟,哈哈哈
7|小时,20,分钟,做,糊涂
7|小时,二十分钟
7|小时,二十分钟,等于,一百二十,分钟
7|h20min,120,分钟,哈哈哈
7|欠,40,分钟
8|好家伙
8|120,分钟,意思,本期,40,分钟,需要,补
8|80,分钟
8|多长,过年
8|昨天,不补,60
8|忠厚,人呐
8|经略,史,疯,拉下去,催,更,doge
8|第一次,看到,六,进制
9|若蒙不弃
9|先登
9|极好,极
9|卧槽
9|凉,先生,忠厚,人呐
9|必须,一键,三连,昨天,刷,剪,视频,实况
9|感谢,义父,厚爱
9|噢
9|120,分钟
10|数学,战士,学
10|我来,迟否
10|放,屁
10|爽
10|经略,忠厚,人呐
10|66666666
11|是不是,做,视频,做,傻
11|看爽
11|众所周知,小时,100,分钟
11|进制,100,min
12|经略,欠,40,分钟,说,doge
12|小时,20,分钟,120,分钟,是吧
12|想
12|牛,逼
12|小时,60,分钟,少,40,分钟,何在
12|更,作,甚,今天,更,明天,催,更
12|发它,做,甚,今日,发了,明天,催
12|巨制
12|不会,客气,doge
12|倒,看看,120,分钟
12|经略,德之人
13|琢磨,半天,楼主,应该,嘴,瓢
13|夺少
13|更,作,甚,今天,做,明天,回来,催,更
13|甚好,甚,好哇
13|蔡帽,杀,大爷,得手,遇到,子龙,一个,死人
14|两个,小时
14|舒服
14|我少,40,分钟,谁给我,补
14|哪来,120,分钟
15|先,蹲,先,蹲
15|昨晚,四点,做
15|每日,一善
15|子龙,独立,BGM,男人
15|记得,补,40,分钟
15|欠,40,分钟,视频
15|迎面,走来,万余
15|赛博,还债
15|百,进制,享受
15|赵云,喝
16|百,进制,享受
16|该赏
16|40,分钟
16|美德
17|120,分钟,说,欠,40,分钟,左右,啥时候
17|视频,120,分钟,20,分钟,发,小时,补给,大伙,欠,40,分钟
17|真的,哭,死
17|乖乖
17|吃
17|喝酒,骑马,骑马,喝酒
17|有德之人
17|先,素质,三连,视频
18|40,分钟,虚报
18|咱家,说,长
18|宝藏
18|不得不,说,真牛
18|现在,欠,四十分钟
18|百,进制,享受
18|妙
19|这时候,子龙,砍,没有,后来,荆州,投降,事
19|先登
19|喝,假酒
19|杀
20|哭,死
20|赵云,真的,帅
20|不发,吃
20|传下去,经略,欠,40,min
20|跃去,龙驹,救主,追来,虎将,欲,诛,仇
21|中国,特有,十进制,时间,单位,doge
21|120,分钟,俩,小时,欠,40,分钟
21|赵云,对面,枪,枪头,断
21|赵云,太帅
21|咱家,说,时长
22|爽
22|龟龟,压迫感,说错,一句,话,云大怒,刺于,马下
23|云妹,好帅
23|1000
24|张山,老师,演,赵云,最帅
24|蔡瑁,你家,主公,飞,信
24|我来,迟否
24|经略,糊涂,倒,欠,40,分钟,哈哈哈哈
25|剧场版
25|蔡瑁,回话,最好,注意,点,一个,字,说错,云大怒
25|使君,一匹,白马,西天,取经
25|赵云,威武
26|张山,老师,主要,那股,英气,特别,浓
26|蔡瑁,确实,知道
27|瑁,差点,体验,周仓,三枪,福气
27|张飞,这群人,全得,交代
27|不得不,怂
28|差点,触发,云,怒
28|赵云,换,三爷,一矛刺,死了
28|新,三,蔡瑁,狂,逼
28|赵云,帅爆
28|蔡冒,这时候,应该,心虚,哪像,新,三国,差,指着,赵云,鼻子,骂,勇气
29|蔡瑁,冷汗,下来
29|子龙,脸,黑
29|张三,直接,刺死,蔡瑁
29|委屈
30|蔡瑁,当时,慌得,一批
30|人话,蔡瑁,懵
30|蔡瑁,使君,变成,蝴蝶,飞走
31|尿
32|险些,触发,云大怒
32|哈哈哈哈
32|荆州,找人,习俗,顶,盔,掼,甲,手持,利刃
32|周仓,哥,三枪
32|河里
32|蔡瑁,对面,一架,高达,不敢,说话
32|蔡瑁,算个,狠人,万军,之中,没,尿裤子
33|直接,杀,蔡帽,说,不慎,溺死,行不行
34|卢,现原形,找,可能,泡发
35|吞吞吐吐,指定,有事
35|子龙,矛扎,地上,问不迟
35|一个,找字
36|飞,起来,确实,不见踪影
36|子龙,特别,帅
36|多发,小时,作,甚,明天,催,更
37|蔡瑁,快,尿
37|只能,报,失踪,没,抚恤金
37|刘备,不易,溶于,水,bushi
38|皇叔,易溶,于水
38|蔡猫,算,账,我算,东西
38|刘备,溶于,水
38|云大怒
40|好家伙,真,肝
40|23333,蔡冒,慌,一皮,生怕,赵云,秒
40|换成,关羽,估计,提着,蔡瑁,脑袋,换成,张飞,估计,蔡瑁,全家,安排
41|80,分钟,哪来,120,分钟
41|找,不到,特么,回来,一枪,扎,死
41|演员,断句,不太对
41|赵云,回来,算账
41|高达,威胁
42|极其,雄壮
42|威慑
42|有时候,断句,确实,挺迷,王允的,太师,亲自,接娶,老夫,doge
42|云大怒,枪刺,蔡帽,马下
42|没,问题,别忘了,前面,赵云,不会,喝酒,灌,半天,酒,话,说不清,正常,更,别提,断句,问题
43|太帅
43|赵云,我用,一万,单挑
43|高达,威胁
43|先,算账,找,行
44|断句,怪大,概率,是因为,改了,台词,后期,配音,对口型
44|云大怒
44|张山,老师,赵云,太,符合,史书
44|蔡瑁,当时,懵,逼
45|蔡瑁,知道,几百人,面对,10300,恐惧
46|可能,喘
46|建议,先,算账,找
46|蔡冒,慌,知道,解释
47|灌酒,有点,喝麻
47|已经,云大怒
47|找,不到,回来,开,无双
47|1.20,120
48|蔡瑁,穿甲,是不是,露馅
48|直接,云大怒,刺,蔡帽,马下,说不定,以后,简单
48|高达,威慑
49|极其,雄壮
49|飞飞,脾气好
49|断句,可能,赵云,太急,有点,说话,清楚,可能,是因为,气
49|喝,多酒,一路,奔袭,而来,短句,显得,更,真实
49|云大怒
50|这马真,健壮
50|险些,云大怒
51|还好,赵云,换,关羽,张飞,人头,已经,满地,滚
51|新三,蔡瑁,赵云,呛,声
51|蔡瑁,消息,10300,可能,要来,攻城
53|记住,不要,愤怒
53|云大怒
53|翼德,一直,怒
54|转换,技,大怒,—,销户
54|张飞,蔡瑁,拿下
54|厮杀,汉,怎能不,怒
55|杀,刘备,关张,赵,蔡家,屠杀,干净
55|这是,懒得,写,打斗,几位,大怒,因果律,武器
55|张飞,没,事
55|开,无双,怒气,暴怒,气要,无双
56|羽,睁眼,飞大,喝,云大怒
56|姓,刘名备,字,走,河里,流走
56|张飞,常驻,怒气,满格,大怒,吕布来,绕,走
56|赵云,还行,这段,张飞,回首,掏,蔡冒,没拉
56|关羽,怒,脸红,起来,张飞,怒,脸黑,起来,狗头
56|云大怒,刺于,马下,我大怒,怒,一下
57|云长,不长,大怒
57|张飞,现在,蔡瑁,已经,地上,趴着
57|姆,总怒
57|云大怒,技能,触发,见,秒,韩家,户口本
57|玩,观者,玩
58|云,暴怒,状态,吕布,赵云,对手,估计
58|翼,德怒,一会儿
58|一直,怒
58|发怒,感觉,会,释放,肾上腺素,更,力量
58|看来,就数,张飞,脾气,最好
58|动不动,捅,一万个,透明,窟窿
59|新,三国,蔡瑁,想,厮杀
59|张飞,酒后
59|想,拼杀
59|飞,一直,怒
59|关公,一大,怒,一个,颜良要,倒霉
59|张飞,大怒,常驻,被动
59|云,汝姐,侍景升,汝尚,年少,意欲,销户
60|张飞,应该,直接,砍
60|亏,没带,张飞,当时,拿下
60|赵云带,骑兵,步兵,追不上,赵云
60|飞恒怒
61|云大怒,销,一户
61|蔡蔡,逃得,一条,性命
61|云,可不,经常,大怒
61|翼德,合着,大怒,常态
61|飞,盛怒
61|核心,技,云大怒
61|张飞,一矛刺,死
61|应该,赵云,一辈子,最慌
62|相比之下,赵云,脾气,算好
62|张飞,情绪稳定,稳定,大怒
62|益德,没怒
63|翼德,持续,大怒,赘述
63|二爷,怒,两次
63|张飞,不用,提,我怒,正常,状态
63|张飞
63|一家人,感情
63|张飞,今天,没怒
63|甲亢,赵云,无敌
63|大哥,得头,马,疯狗
63|军旅,本来,武将,性命,相搏,血性
64|身上,找,找,原因,非要,惹,二哥,和子,龙
64|三爷,稳定,永远,血怒
64|张飞,常驻,怒气,效果,见,黑,一张,脸
64|云大怒,销户,机器
64|翼德,不用,大怒,平时,红温,状态
64|人均,甲亢
64|一怒之下,怒,一下
65|翼德,一直,怒
65|云大怒,枪刺,马下
65|云妹,可爱,捏,香草
65|哈哈哈,大怒
66|董,卓大怒,吕布,大怒
66|张飞,一直,愤怒
66|毕竟,正史,里,刘备,脾气,不小,关张,赵,仨,共事
66|张飞,大怒,常态
66|翼德,怒,没关
67|张三
67|云常大怒
67|张飞,不用,一直,怒
67|为啥,没有,三,将军,发怒,奇怪
67|后面,东汉,工厂
67|主公,追杀,好脾气
67|云大怒,枪刺,马下
67|生怕,赵云,一枪,挑
68|备备,梦游,仙境
68|老,匹夫,可知,天水,姜,爷爷
68|飞,天天,怒
68|子龙,无双,条蓄,满,不放待
68|牧童,吟笛大怒
68|赵云,算是,脾气好
68|万古流芳,莽撞
68|张飞,鞭挞,士卒
68|飞飞,狂怒
68|民间,赵云,武力,定位,真的,云大怒,巅峰,吕布,一定,干,赵云
69|张飞,始终保持,大怒
69|翼德怒,一会,常驻,状态,大怒
69|张飞,一定,脾气,最好
69|翼德,一直,大怒
70|翼德大怒
70|张飞,常驻,满,怒气,不用,额外,描述,2333
70|翼德,一直,怒
70|血压,高
70|暴怒,增加,30,暴击率
70|云妹,哥,仨,脾气,没,一个
71|张飞,一直,怒
71|张飞,蔡,某人,头早,掉,地上
71|前面,弹幕,逆大天
71|这段,喜欢,部分
71|赵云,脾气,换,张飞,蔡冒,已经,死
71|张飞,一个,爱生气
71|飞,常驻,大怒
71|老,刘,否极泰来,转折点
72|大怒,蜀汉,阵营,技能
72|武将,肯定,刚,猛
72|开启,副本,寻找,智,能之士
73|张三是,一直,处于,大怒,状态
73|大水牛
73|张飞,没有,蓝条
73|马超,黄忠,动不动,大怒
73|赵云,想,脾气好,手里,这杆,长枪,答应
73|刺,一万个,透明,窟窿
73|张飞,常驻,大怒,不用,专门,写
74|将军,性暴,需,时时,自制,怒气
74|飞,一直,怒
74|张飞,100,怒,不怒,需要,特殊,注明
74|诸葛亮,村
74|张飞,怒,常态
74|牧童,骑,黄牛
75|清明,时节,雨,纷纷,路上行人,欲,断魂,借问,酒家,牧童,遥指,杏花村
75|其实,张士诚,兄弟
75|tm,赵子龙,武力,放,狠
75|脾气好,当不了,大将
75|武将,老好人
76|地方
76|张飞,大怒,日常,状态
76|牛牛,可爱
76|刘玄德,梦游,仙境
76|漫游,翡翠,梦境,说
76|画面,想起,美影,动画短片,牧童
76|翼德来,蔡瑁,直接,捅,死,还大怒
77|张飞,情绪,稳定,一直,稳定,血怒,状态
77|三,将军,锁定,怒气,值
77|呜呜,亮亮,美,男,终于,要来
77|厲害,騎,水牛,耶,這年頭,很少,看到,騎真馬,騎,真,牛,演,員
77|dlc,开启
77|备备,の,奇妙,冒险
77|个个,大怒
77|洪太尉,说,牧童,龙虎山,张天师
77|元,直要
78|云,相对,脾气,哈哈哈哈
78|飞,没有,不怒
78|笛子,吹,太,好听
78|备备,奇妙,冒险
78|牧童,大怒
78|太美
79|骑,青牛,太上老君
79|飞飞,不怒,秒
79|黄牛,大怒
79|谋士,体验,卡来
80|开启,支线,任务
80|备备,何人,演奏,角色,曲
80|捡,司马徽
80|牧童,遥指,杏花村
80|翼德大怒,掀翻,诸葛亮,帅案
80|离别,挥手,仁爱,长存,天地间,仁爱,长存,天,—,—,间,—
80|牧童,骑,黄牛,歌声,振林樾
80|民得,平安,天下,安,变奏
81|老子
81|大寶備,徐元直,體驗,卡即,將送,達
81|张山,赵云,有点,刚毅,劲儿,加上,张山,马术,打戏,拍,漂亮
81|碰到,刘安
81|三连
82|短笛,无腔,信口吹
82|如饮,美酒
82|牧童,来首,千年,一回
82|备备,桃花源记
82|這是,山水,畫嗎,好美
83|触发,支线
83|老,三国,滤镜,新三太,阴间
83|跑,南漳
83|逃难,误入,隐藏,副本
84|牧童,田园,中,意境,一部分
84|牧童,归去,横牛,背,短笛,无腔,信口吹
84|牧童,遥指,杏花村
84|云大怒,是因为,出言不逊,赵云,性格,稳重
84|张飞,毛刺,死
85|确实,想美影,厂的,牧童
85|刘备,奇妙,冒险
86|快放,新,三,关羽,之歌
86|离别,挥手,仁爱,长存,天地间,仁爱,长存,天,—,—,间,—
86|卧龙,吟,呜呜,呜呜
87|一怒之下,怒,一下
87|借问,酒家,牧童,遥指,杏花村
87|黄叔,这身,衣服,真帅
87|画面,古风
88|牛背上,坐,稳生乐,牛,牛,悠闲,漫步
88|骑,水牛
88|诗情画意,画面
88|反着,骑,技术
88|兵,熊熊,一个,熊熊,一窝,思想,工作,政委,挑,大头
89|携民,渡江,曲子
90|小孩儿,小孩儿
90|骑马,仪态,太帅
90|皇叔,卢,干
90|大宝,备着,细腰,啧啧
91|备备,换,衣服
91|卧龙,吟
91|李密,先导,片
92|牧童,归来,横牛,背,短笛,无腔,信口吹
92|副本,罗
92|汉末,这种,良田
93|太有,感觉
93|蜀汉,HR,上线
93|牛牛,可爱,捏
94|皇叔,上集,这身,衣服
95|备备,外套
95|这马,骑,真帅,不亏,刘皇叔
95|刘皇叔,真是,太帅,喜欢,这身
95|丞相,快
95|民得,平安,天下,安,算是,老三,刘备,角色,曲
96|触发,武侠剧,男主,奇遇,情节
96|牧童,骑,水牛
97|小时候,村里,骑,水牛,当时,特别,羡慕
97|想,诸葛亮
97|现在,应该,蔡瑁,提着,等会儿,找,不到,大爷,不用,回来
97|刘备,干,哪来,地球
98|换衣服
98|换衣服
98|刘备,开启,主线,任务,王佐之才
98|皇叔,锦袍
98|换衣服
98|牧童,骑,黄牛
99|叙事,逻辑,好像,武侠小说
99|走,乡间,路上,牧童,歌声,荡漾,一支,短笛,隐约,吹响,符合
99|牛牛,太,可爱
100|吹,卧龙,吟
100|牧牛,刘马
100|使君,换衣服
100|小孩,拍,这段,戏,真,骑,牛
101|水牛,温顺
101|赴宴,时,外套,脱
101|没有,蔡冒,是不是,认识,不到,司马徽
102|土地,平旷,屋舍,俨然,良田,美池,桑竹,属
102|骑牛,远远,过前,村,短笛,横吹,隔陇闻
102|立,大业,民为,民得,平安,天下,安
102|小时候,骑,水牛
102|水牛,耶,好大,一头
102|吹,民得,平安,天下,安
103|中式,意境,美
103|黄牛,大怒,摔,牧童,刘备,错过,碌碌无为,而终
104|刘备,隐居,东汉,亡
104|看起来,外面,那件,脱掉
104|好听
104|这是,仁义,长存,天地间
105|皇叔,气质,无敌
105|sr,上线
105|小孩,邓艾
105|换衣服,外袍,脱
105|吹,刘备,角色,曲民得,平安,天下,安
105|荆州,没有,战乱
106|牧童,吹,关羽,之歌
106|意味着,刘备,开启,新,创业,之路
106|豁然开朗
106|实际,一垫,一垫,能吹出,节奏
107|携民,渡江,轻快,版,配乐
107|刘备,换衣服
107|离别,挥手,仁爱,长存,天地间,仁爱,长存,天,—,—,间,—
107|刘使君,触底,反弹
107|是民,心得安,天下,安
107|经典,坠崖,奇遇,属于
107|刘备,后面,携民,渡江,负责,伴奏
107|这是,卧龙,吟,变奏,哭,死
107|卧龙,吟,变调
108|立,大业,民为
108|刘备,真,挺,主角,剧本
108|乡村,小童,知,bgm
109|应该,外面,那件,湿太多,脱
109|牧牛,刘马
109|使君,锦袍
109|换成,西游记,取景,师
109|换衣服,外套,脱,湿,吹,吹干
110|云大怒,正逢,吕布,交马,合,斩,吕布,马下
110|牧童,骑牛,大神,小孩
110|吹,大宝,备,角色,歌
110|牧童,归去,横牛,背,短笛,无腔,信口吹
110|小孩儿,竟然,扶,方向盘
110|哈哈哈,备备,何人,吹,主题曲
111|热血,山林
111|牛儿,牛儿,忙
111|得会,骑马,会,骑,牛
112|没人,觉得,录音棚,笛声,有点,出戏,DOGE
112|桃花源,本来,荆州,一带,没,问题
112|牛牛,可爱
113|五岳,剑,派
113|没换,外套,脱
113|没换,湿透,外套,脱
113|这牛,真帅
113|转身,优雅
113|换,衣服,外套,脱,看不出来
113|歌
113|仙童,何往
113|三国,三个,领袖,其实,蛮,主人公,模板,只不过,模板,不同,三个,厉害,只不过,曹,老板,更胜一筹,更,喜欢,耳朵,备备
114|西游记,梦幻,联动
114|卧龙,吟
115|牧,牛,刘,马
115|孙,老师,真俊
115|备备,好像,外面,那件,金色,袍子,脱
115|下面,明显,有人,牵牛,哈哈哈哈
116|衣服,颜色,好看
116|穿帮,上个,镜头,牧童,背着,坐
116|我家,襄阳,檀溪,哈哈哈
116|换,现在,电视剧,这牛敢,弄,成,特效
116|好像,携民,渡江,曲子
116|水牛,绳子,有人,牵着
116|没摸,丈八,牛,老板,南村,小童,骑于,胯下
116|演义,里,说,会
117|东汉,牛马,真实,影像
118|瞅
118|牧牛,刘马,↓
118|卢,你好,牛兄
119|牧牛,刘马
119|牧牛,刘马
119|荆州,刘表,死,之前,还算,安定
119|刘备,奏乐,舞
120|应该,束发
120|骑牛,我会
120|刘备,更正,一下,汉,左,将军,宜城亭,侯领,豫州,牧,皇叔,刘备
120|歌,大宝,备携民,渡江,插曲
120|有人,牵牛
120|歌,诸葛亮,个人,曲,会,刘备,为主,剧情,里,出现,这是,刘备,个人,专属,曲
120|牧牛,刘马
120|小童,蔡将军,恭候,多时,拿命
120|非,中山,靖王,之后,孝景,皇帝,玄孙,汉,左,将军,宜城亭,侯,豫州,牧,刘玄德
121|神,TM,牧牛,刘马
121|李密
121|牛,前面,有人,拉
122|天下,人识君
122|衣服,路过,海澜,之家,买
122|小孩,应该,哪吒,扎双,发髻
123|通缉令,认识
123|小孩子,可比,不了
123|牛牛,牵
123|小时候,做,牛,背
124|耳垂,肩,双手,过膝
124|上集,末,一身,黄衣服,换衣服
124|背景,有点,假
125|这群,吊,弹幕
125|牛牛,可爱,捏
126|牧童,这大,耳朵,长臂猿,莫非,大耳贼
126|牛牛,可爱,捏
126|刘大
127|大耳贼,认识,看过,通缉令
127|芦苇,旁边,歌声,对不起,搞错
127|大宝,备,通身,气派,啧啧,啧啧
127|外衣,湿,脱
127|知道,沈思,琪,故事
128|将军
128|卢
128|三山,六水,一分,田
128|小孩,大耳贼,何在
129|堪比,孔融,求援
129|通缉令,认识
129|知道,刘备,易中天,脸
129|定,刺客
130|莫非,卧龙,先生
130|近日,童谣,曰
130|小孩,没有,脸上,写满,故事
130|牧童,世间,刘备,耶
130|大耳贼,太,有名
130|这牛,好肥
130|听说,过破,黄巾,故事,中平,元年
131|小兄弟,知,世间,刘备
131|跑,路,一眼,认出,真的,好事
132|备,飘零,半生
132|诸葛亮,营销,团,正式,启航
132|脸上,写满,故事
132|脸上,写满,故事
132|省,新野,军分区,司令
133|牧童,知,世间,刘备,耶
133|可能,通缉令
133|脸上,写满,故事
134|听说,刘备,行,故事,彰武,二年
134|知道,刘豫州,故事,错乱
134|没,听,脸上,写满,故事
134|脸上,写满,故事
134|复姓,皇甫
134|刘备,故事,—,—,投,公孙瓒,投,曹操,投,吕布,投,袁绍,投,刘表
135|太有,辨识,度
135|黄,外套,没
135|听说,沈佳琪,故事
135|角度看,备备,像是,天下第一,里,诸葛,神侯
135|孔北海,知道,世上,玄德
136|眼里,写满,故事
136|歌,携民,渡江,插曲
136|导演,牛,逼
136|脸上,写满,故事
137|听说,事故
137|这娃,推,糊
137|看过,三国演义
138|放牛娃,邓艾
138|身上,写满,故事,刚,出土,兵马俑
138|听说,黄书,不少
139|刘备,辨识,度,双臂,过膝,一个
140|希,维尔,声音
140|小童,网上,传遍
140|紫衣
140|师父,不会,曹丞相
141|各州,贴满,告示,认得,刘备
141|耳朵,特别,知道,大耳贼,刘备
141|曹,老板,青梅,煮,酒,说,应该,全,天下,知道
141|小孩,蔡将军,引兵,至此,欲,取汝项,人头
142|懂,师父,曹操
142|童谣,讲
143|大耳贼,好认,牧童,卒
143|听说,马跃檀溪
144|真,邓艾,确实,出生,新野,附近
144|小朋友,长得,真,可爱
145|刷,站,认识
145|师傅,莫非,曹孟德
145|我观,此童,头顶,峥嵘,之辈,额有,双角
146|主要,双手,过膝,辨识,度太高
146|师父,曹操
147|早,听闻,刘玄德,耳朵,今日,见次,大耳
147|皇叔,听,嘴,翘,飞
147|小朋友,嘴真甜
148|这话,教,快,说,说,杀
148|今日,路过,特让,拜他为师,护,西天,取经
149|师父,菩提,老祖
149|曹操
150|三国演义,玄幻,皆,诸葛,妖
150|牛马,英雄
150|诸葛,诞
150|原著,中,神话,色彩,一窥
151|将军,将军
151|小孩,发型,这是,成年人,发型
152|邓艾是,结巴
153|孙权
153|牧童,每每,有人,路过,便,会,询问,今日,见,不负,往日,之劳
153|师傅,曹孟德
153|大耳贼
154|明白,师父,指使,蔡,追杀,刘备
154|小童,演技,吊打,鲜肉
155|可爱
155|小童,长得,真,俊俏
155|小童,吾,姓,邓名,艾,未来,灭,蜀汉,之人
155|皇叔,爱,听,说,点
155|罗纳尔多,02,年,世界杯,发型
156|小孩,应该,黄发垂髫,束发,大人,造型
156|大耳贼
157|总角,这算,及笄
157|主要,手长
157|总角
157|黄发垂髫
157|前面,黄发,指,高寿,老人,头发,由白,转黄
157|水浒传,第一回,张天师
158|七八岁,满口,文言
158|红孩儿
158|木梳,背
159|新,三,童子,四十,年纪,十四,装束
159|童儿,贫道,驻颜有术
159|红孩儿
160|可能,小演员,不乐意,剃头,˚,▱,˚
160|红孩儿
160|这是,八岁,这是,拔碎
161|战乱,年代,吃,少长,不高
161|小孩,穿,大人,衣服
161|复姓,司马,名徽,罗贯中
162|师父,姓罗,名贯,中
163|姓罗名,字贯,中,号,湖海,散人
164|何人
164|司马徽,诸葛亮,老师,三国演义,智力,天花板
164|确实,不到,加冠,年纪
164|姓罗,名贯,中
164|小孩,难说,说不定,转头,变,菩萨
164|德操,孟德,曹操,实锤
165|司马德操,司马,曹
165|德,操,说,师父,丞相
166|小孩,诸葛孔明,确信
166|又名,罗贯中
166|套路
166|不好,曹贼
166|也许,古代人,长,矮小,发育,慢
166|司马,吧唧
167|颖川,司马,姓,西晋,司马,家,本家
167|应该,无名,之人
167|东汉,第一,猎头
167|水镜,先生,徒弟,这是,老八,小胖
167|营养不良
168|字,机伯字,操
168|GM
168|这是,岁
168|职位,荆州,人力资源,主管
168|小孩,哥,简单
169|经纪人,水镜
169|颖川,三国,时期,人才,倍,出,地方
169|盗,号,不能,帮,刘表,号,盗
169|水镜,八奇
169|字,吃
169|玄德公,嘴角,微微一笑
170|三国,唯一,一个,姓,司马,不招,人烦
170|人才中介,2333333
170|孙策,爹
171|大号,罗贯中
171|罗贯中,小号
171|神仙
171|姓罗名,尼德兰,国,格罗宁根
171|关键,会荐,杰会龙,印凤,印会,称
171|姓罗名,字贯,中
171|又名,罗贯中
172|诸葛亮,老师
172|老朽,无名,别号,水镜,其实,水镜,年纪,没有,刘备,三十多岁,死
172|水镜,八奇
172|头套,成年人,显得,头大
172|三国,知名,教育家,职场,导师
173|古代人,营养,不好
173|司马,家,唠嗑,智囊,人物
173|水镜,八奇
173|新,三国,师傅,无名
173|仙人
174|老朽,无名,别号,水镜
174|颍川,氏族
174|想到,诸葛亮,家,童子,记不得,名字
174|编剧,仙人
175|司马氏,本家
175|山里,各种各样,朋友
175|大佬
176|水镜,先生,左慈
176|大宝,备,这人,路子,野
176|hr
176|问
176|蛋挞,老祖
176|庞德,云长,认识,庞德,抬棺,对决,云长,dog
176|小童,认识
177|这是,诸葛亮,小时候
177|问
178|水镜,三奇
178|嘴,棉裤,腰,说
178|其实,董卓,颖川,叫仲颖
178|小童,这人,认识
178|易中天
179|小孩,背,多词
179|司马德操
180|庞德公,庞德,界限,突破,庞统,sp,庞德
180|问,庞德,庞德公,关系
181|吾,众,好友
181|著名,猎头
181|懂,刘玄德,博学多才,小牧童
181|庞德公,字令明
181|庞,司马,没听说过
181|老八
181|丞相,不来
182|罗贯中,应该,搞错,庞,山民,庞德公,儿子,庞德公,字,山民
182|何人
183|马良,部下
183|俩
183|庞,山民,庞德公,儿子
183|整个,村,小孩,水镜,宣传,机器,刘备,哪天来,说,预测
183|庞德公,≠,庞德,性别,公
184|庞德公,庞,山民
184|庞,庞,没听说过
184|有点,应该,庞德公,名气,刘备,应该,听说
185|明明,说,庞统,名,字,凤雏求,官,居然,认识
185|孩子,不藏话
185|庞德,庞德公,俩,以前,一直,尊称
185|司马懿,关系
186|盗号,水镜,先生,—,—
186|说
186|司马,草
186|三国,杀,庞德公,庞,山民,解释
187|台词,功底
188|庞,山民,诸葛亮,姐夫
188|于谦,于小谦
188|清楚,八岁
188|求,师父,多少岁
188|请问,司马徽,今年,几岁
188|请问,水镜,先生,今年,多少岁
189|道,号,罗贯中
189|外号,凤雏,先生
190|刘备,问,两句,小童,家底,抖落
190|落凤坡
190|鹿门,庞氏,刘备,知道
191|问,师父,今年,多少岁
191|庞,山民,庞德公,儿子,孔明,姐夫
191|不会,侏儒
191|最后,师傅,家,赢,最终,身败名裂
193|这会,刘备,知道,庞统,字,后面,会,认识,庞统,凤雏
193|庞德,曹操
193|小孩,背台词,哈哈哈
193|云哥,老大,快,急,疯,搁,乐
193|卢,就妨
194|户口,查,挺,清楚
194|卢,大水牛,沟通,一下
195|三国演义,里,地理,BUG,剑门关
195|称,弟
195|涅槃
196|有种,兄弟,忘年交
196|没,bug,水镜,40,出头,老,三国,里,扮相,偏老
197|庞统,应该,刘备,十多岁
198|庞统,死,36,这时候,应该,28,29,样子,司马徽,33,34,是否,太,年轻
198|放,现在,算是,人力资源,猎头
199|水镜,年轻
199|其实,问题,水镜,到底,多大
200|没有,bug,庞统,36,岁,死,明确,记载,水镜,先生,现在,30,岁,左右
200|非常
201|水镜,挺,年轻,死
201|三国,活化石,廖化,丁奉
202|算下来,赵云,曹操,差不多
202|廖化,活成,化石
202|耳朵,刚,死里逃生,闲心,说,笑
202|凤雏
202|比如说,赵云,至少,刘备,两岁
202|蜀中,大将,廖,化做,先锋
203|廖化,最早,黄巾军,活到,最后,一集
203|廖化
204|庞统,诸葛亮,岁,左右,徐庶,司马懿,接近,可知,司马徽,孙策,周瑜,接近
204|正史,里,曹睿,年龄,bug,一直,怀疑,其实,袁熙,儿子,可能,陈寿,笔误
204|庞统,死,30
204|笑,起来,真,好看
204|尤其,廖化
204|其实,庞统,诸葛亮,两岁
205|庞统,凤凰,涅槃
205|诸葛亮,出山,27,岁,庞统,应该,差不多
205|虚报,虚报年龄,当官
206|荀彧
206|火,化石
206|赤兔,bug,横跨,半部,三国演义
207|赤兔
207|赤兔
207|演义,年龄,bug,老,刘备,荆州,死,隔,长时间
207|牧牛,刘马
207|司马徽,其实,年轻
208|大爷,外面,一个,黄色,衣服,没有
208|庞统,死
208|廖化,最后,一集,姜维,年轻
209|廖化,老
209|南阳,师范学院
209|小牧童,花言骗,刘备,司马徽,妙计,赚,皇叔
209|三国,活化石,廖化,丁,奉
209|湿透,扔掉,里面,这件,身上,脏,地方
210|廖,师傅,后面,越活,越,年轻
210|黄巾,打到,蜀,灭,廖化,后面,越活,越,年轻,姜维,看着,年轻
210|两人,做,牛马
211|赵云,年纪,应该,不小
211|牛,马
212|廖化,打满,全场,一百多岁
212|年龄,bug,严重,赤兔马
212|老罗,写,一同,人文
212|廖化,粗略,计算,死,九十,几了
213|真牛
213|卢,牛角,别抵,拉
213|很多,BUG,央视,三国,编导,组在,开拍,前开,好多,修正,会议,现在,剧本
214|泡水,太沉,脱掉
215|以前,小登,真,骑,新,三,一群,老登,假骑,难评
215|廖化,代号,传
215|三国,活化石,廖化
215|小孩,代了,头套
216|备备,小朋友,眼神,慈祥
216|赵云,前期,诸葛亮,差不多,后期,突然,诸葛亮,20,多岁
216|牛马,打架
217|黑中介
218|老卖,年糕
218|小童,眼力,技能,发动
218|十五,一千,观看
218|廖化,演义,里,活到,90
219|廖化,最少,90
219|庞统,死,36
220|牧牛,刘马
220|牧牛,刘马
221|小童,怒,斩,侏儒,西
221|神特,莫,牧牛,刘马,哈哈哈哈
222|牛马,不会,起来
222|骑牛,真,有意思
222|一件,衣服,湿,嫌,穿着,舒服,扔,不行
224|人才交流,中心
224|刘玄德,误入,蓬莱,洲
224|徐庶,上线
226|廖化至,少得,90,岁
226|应该,小童,岁,不该,水镜,先生,岁
227|水牛
228|三国,跨度,97,年,廖化,从头,活到,尾
228|瘴气
229|水镜,职业,介绍所
230|水镜,猎头,有限公司
230|上古,计算,培训中心,算命,天才
230|刘备,爱好,犬马,美,衣服,应该,不会,衣服,湿,丢
231|师父,雷音寺
231|马,好听话
231|社局
231|爱好,原则,之间,刘备,选,原则,爱好,时势,玩,会,玩,上头,真实
232|斜,月,三星,洞
233|牧牛,遛马
233|迷魂阵
233|刘备,说,因祸得福
233|三国,无双,上面,水镜,先生,一句,话,跟班,上限,锁死
234|房子,诸葛,家
234|两代,牛马
234|牧牛,刘马,哈哈哈,哈哈哈,哈哈哈,哈哈哈,哈哈哈,哈哈哈,哈哈哈
234|水镜,人才,市场
235|特殊,抽卡池
236|毕竟,剧本,男人
236|衣服,丢,穿,打赤膊,生病,死
236|着火,快,灭火
237|这身,衣服,牛,发怒
237|仙人,住,瀑布,底下
238|世界,名画,隐士,居所
238|爱好,衣服,脏,湿,扔,正常,不缺,一件
238|观音,变
239|肉眼凡胎,岂能,窥视,仙人,变化
239|仙剑,奇侠传
239|逃命要紧,不会,丢
239|说,衣服,看看,刘备,跑,路,穿,内衬,是不是,颜色,衣服
240|仙人,之力,昭于,世间
240|万寿山,五庄观
240|山清水秀,青烟,袅袅
240|小桥
242|刘备,上个,香,以后,娶,香香
242|水镜,卡池,开启
242|洞,中方,一日,世上,千年
242|司马徽,好像,30,几岁
242|山本,山本
242|放,干冰
242|这像,孙悟空,斗,二郎神,猴子,变得,庙
242|正点,炉子,生火
243|自选,卡池,低保,高品,阶
243|牛马
243|斜,月,三星,洞
244|想,稍作,修改
245|五庄观
245|早期,人才,市场
245|门上,可有,长生不老,神仙,府,天同寿,道
246|请问,隐士,居住,前面,着火,浓烟滚滚
247|干冰,机藏
247|水镜,庵
247|司马徽,确实,算,仙人,看透,世间,万物
247|怕,牛,马屁股,犄角
247|早,知道,昨天晚上,不看,直播
248|跃,马檀溪,里面,衣服,这件,脱,外面,那件,黄,袍子
248|开新卡包
248|自选,卡池,没,绷住
249|仙人,光头,带,玳瑁,眼镜
250|农家乐
250|仙人,の,力,一用
250|易中天,大师
251|水镜,人才,市场
251|汉末,谶语,牛,马后,牛金,当心
253|想,稍作,修改,门上,写个,活,字
254|不好,师傅,前面,妖怪
254|小孩,不算,人是吧
254|老,三国,哪里找,地方,真的,太有,感觉
255|老牛,演得
255|牛马
255|一牛,一马,成人,儿童
255|大汉,建筑,工程局,有限公司,荆州,分公司,承建,doge
256|东汉,斜拉桥,说,结,结实
256|1800,年前,悬索桥,doge
256|小孩,到底,是不是,人呐
257|说,有人,一牛,一马
257|确实,结实,走,5000,没事
257|小童,是不是,到底,是不是
257|小童,是不是,到底,是不是
257|一牛,马一人,一个,牛马
257|为啥,脱,马甲,认识
257|吊桥
258|平常,打仗,争权,太累心,旅游,散散心,挺
259|东汉,无业,青年,低保,领取,处
259|三国演义,里,水镜,先生,已经,接近,成仙
259|小童
259|大汉,基建
260|上去,一定
260|牧童,到底,是不是
261|毕竟,铁索,连环
261|毕竟,悬索桥
261|刘备,是不是,到底,是不是
262|小孩,大喊,是不是
262|汉阳造
262|百吨,王都,没事儿
262|真,·,乌,牛,白马,赖,祭祀
262|童子,是不是
263|蛮河
263|说
264|小孩,哥,说,清楚,刘备
265|牧童,属
265|水镜,先生,演员,好像,濮存昕,爹
265|自古以来,基建,大国
265|水镜,庵
265|大汉,建工,集团
265|戳,底下,东汉,古法,钢筋
266|小童
267|结实,做工,杖刑,监督,充军
267|湖北,质造
267|小童,走
267|古人,想,傻
267|三次,单,抽出,ssr
268|底下,柱子,支撑
269|司马徽,道家,高人,三国,重要,节点
269|小童,大爷,魅魔
269|悬索桥
269|开玩笑,牛马,桥,二仙,桥
270|荆州,人才,市场
270|桥,看起来,像是,实心
270|小男孩,是不是,人呐,到底,是不是
271|长生不老,神仙,府,天同寿,道
271|介绍,全是,家,亲戚
272|表面,悬索,底下,支撑
272|小孩,到底,是不是
272|广陵散
273|大汉,国力,强盛,基建,质量,天竺,基建
274|双,车位
274|小孩,∶,听,听,憋,扒拉
274|大汉,科技,停车场,音乐
274|请,收下,膝盖
274|一牛,一马,牛马
275|这段,是不是,新,三,刘备,拦着,阿三,叫醒,葛,小姐,灵感,来源
276|说,广陵散,朋友,曲子,流水
276|小童,天天,听
276|刘星
276|小孩,占,重比
276|对牛弹琴
277|旁边,一个,牌子,上书,想,风,吹到
277|对牛弹琴
277|不可,惊扰,先生,真,神人
277|小童,这是,广播体操,BGM,皇叔,少见多怪
277|小童,天天,听,腻,咱快,走
277|小孩,听腻,完成,NPC,任务,领,盒饭
277|小童,懂,老子,听腻,有人,硬是,拉,不让,走
277|小孩,天天,听,耳朵,快,茧子
278|流水,小时候,懂,如今,已经,结缘,古琴,美哉,老,三国
278|左,肩上,泥,图纹
278|我本,飘零
279|左,肩上,泥,图纹
279|左,肩上,泥,图纹
279|小桥,一看,豪族,私造
280|在弹,长河,吟,doge
280|穿越
280|小童,听,耳朵,起茧
281|红色,衣服,好怕,牛,一下
281|围观,牛牛,演技
281|古琴,真的,好听
281|小孩,将军,天天,听
281|流水
281|珍贵,泥,点子
281|古琴曲,流水
281|刘皇叔,身上,水痕,泥印
282|小童,一曲,至少,弹错,800,多个,音符,无端
282|流水
282|诸葛亮,鲁肃,孙权,一起,吃饭,时同,一曲
282|这烂,怂,琴声,好听
282|师父,一段,琴练,半年
283|皇叔,年轻,时喜,音乐
283|流水
283|演奏,流水
283|鲁肃,乱弹
283|赵云,闲,听琴
283|三道,河水库
284|小孩,∶,这烂,怂,琴声,甚,听
284|小孩,天天,听到
284|刘备,琴声,中似,一股,杀气,doge
284|真,刘皇叔,太有,气度,看看,新,三国,面瘫
285|小朋友,没有,必要,罢
285|刘备,真,好看
285|小童,这烂,怂,音乐,听
285|水牛,谈琴
285|小孩儿,我妈,喊,回家,吃饭
286|DeepSeek,说,琴曲,卧龙,吟
286|牧童,大惊小怪,没,见过世面
286|备备,真,好看
287|何人,弹奏,长河,吟
287|爱,音乐,喜狗马
287|牧童,师傅,天天,就弹,首都,不换,好听
288|平湖,版,流水
288|此图,备备,颜值,巅峰
288|放,火
288|一曲,肝肠,断,天涯,觅,知音
288|小童,天天,听,听,麻
288|流水
289|小孩,天天,听
289|听,水镜,先生,想,吃,咕噜,肉
289|现在,发现,备备,手,背后,打拍子,老三,太,细节
289|曲,有误,周郎顾
289|大宝,备,手,跟着,做,指法,符合,先主,喜欢,音乐,设定
290|曲,流水
290|六,指琴,魔,司马徽
290|懂,司马徽,加,一个,琴音
291|小孩,我能,听,出个
291|地震
291|曲,有误,周郎顾
291|毕,老爷,抖
291|喜,音乐,真的
291|小童,天天,听,快,烦死,听
291|琴声,似乎,谈错,八百个,音调
291|备备,喜欢,墙,外点
292|喜欢,这种,为人处世,体现,角色,特征,桥段
292|小童,瞧,没,见过世面,样子,曹阿瞒,拼
293|手指,细节,太秀
293|赵云,主公,主公,汝,何在
293|意境,真雅
293|小孩,听,拦,干
293|弹错,八百个,音符
293|铮铮,之音,犹如,惊涛拍岸,风卷残云,埋伏,风紧,扯,呼
293|弹错,八百个,音调
294|老子,回家,吃饭
294|弹,八百多个,音调
295|必有,英雄,窃听
295|小孩,哥,我特,站不住
295|比新,三国,好听
295|抖起来
295|指尖,似有,雄兵,百万
295|坏,笑傲江湖
296|小孩,站,门口,愿意,站,门口,进去,别拉着,我行,不行
296|抖
296|确实,流水,听错
296|管派,流水
297|惊涛拍岸,风卷残云
297|小孩,卖,草鞋,装,文人墨客
297|铮铮,之音
297|手指,一看,音游
297|晃
298|毕,姥爷,别抖
298|毕,姥爷,手,实在,不稳
299|琴声,刚停,屋子,古怪,不要,进去
299|曲,有误,周郎顾
299|刘备,啊呀
300|抖,人工,防抖
301|贫僧,是从,东土,大唐,而来
301|陈宫,确信
301|司马徽,没,VIP,听,集贸
301|陈宫,上线
302|刘使君,真君子
302|有钱,捧,钱场,bushi
302|黑中介,司马徽,司,教授
303|孙坚
305|试听,结束,想,听,需要,办理,会员
305|偷听,弦,断
305|罗贯中,小号,↓
305|孙策,爹,孙坚
306|某姓,孙名,坚,江东,小霸王,之父
306|门,里面,弹琴,琴,一停
307|演员,选,一眼,仙风道骨,世外,高人
307|东汉,rap,第一
307|陈宫
307|濮存昕,他爸
307|公台
308|极好,极
309|陈宫,二舅
309|老年,何冰
309|卧龙,凤雏,营销,团队,长,登场
309|三国,里面,bug,人物,水镜,先生
310|地震,画面,好抖
310|扮相,告诉,33
311|抽卡,动画
311|演员,濮存昕,老爸,苏民
311|懂,刘备,加个,窃听
311|东汉,末年,第一,HR
312|窃听,风云
312|孙策,他爸
312|苏民字,孙坚
312|不好,做局
313|窃听,风云
313|陈宫
313|孙策,爹来
314|跑掉,跑掉,跑掉,跑掉,甩,锅
314|司马德操
315|司马徽,像是,罗贯中,开,天眼
315|道理,懂,你弹
315|窃听,风云
315|猎头,HR
315|道光帝
316|牧童,天天,只会弹,一首,听腻
317|苏民
317|老毕,摄像头,别抖
318|弹,高调
318|孙策,爹,孙坚
318|好像,三打,白骨精,里,老汉
319|神仙,就行了
319|神,庞统,九条,命,可能,已经,世了
320|道家,高人
320|新,三国,老妖
321|快,左上,叉,出去
321|懂,司马徽,加,一个,窃听
321|长,男女老少
321|季,检察长
322|↓,↑
322|新,三国,哪来,野人
322|35
323|暂停,23333,这声,哈哈笑,死
323|庞统会,涅槃
324|笑,晕
325|钟会,我爹,74,岁生,庞德公,想,打破,我爹,记录
325|刘备,加个,窃听
326|新,三,几个,老头,角色,妆造,太,老气,没有,精神,头
326|哈哈哈哈,哈哈哈哈
327|演义,太,计较,没意思,主要,形象,性格,举止,吸引,观众
327|装扮,司马徽,刘备
327|水龙,敬,老师,bushi
327|水镜,应该,不到,40,庞统,30,左右,诸葛亮,岁数,差
327|水镜,导师
329|水镜,30,岁
329|一直,笑,不愧,好好先生
329|新,三国,水镜,脸,配音,分家
329|炼气,期,看不出,年纪,修,预言,术
330|哈哈哈,哈哈哈,哈哈哈哈
332|庞统,技能,涅槃,看到,庞统,实际上,涅槃,之后,样子,变,年轻,doge
332|哈哈哈,哈哈哈,弹,刘备,尤里
332|总,觉得,老,演员,长得,何冰
332|濮存昕,老爸,苏民
333|水镜,看招,冰枪,白莲,华
333|英雄,窃听,各打,五十,大板
335|刘备,本备
335|衣服,下摆,湿
336|皇叔,先生,何不,效,吕望,之举
336|一表人才
338|狼备
338|大宝,备
338|这才,仙风道骨
338|水镜,老师,学生,时间段,留在,水镜,府,照顾,水镜,老师,起居,张天师,骑牛,懂,宗教,兵法,仙人,赵,昇
339|高祖,遗风
340|濮存昕,老爸,苏民
340|衣着,狼狈,神态,威仪
340|庞统,爸,15,就生,庞统
340|大宝,备,衣服,有点,狼狈,气质,真的,超绝
340|刘备,真是,神采奕奕
340|罗贯中
340|司马徽,扮演者,孙策,扮演者,濮存昕,父亲,苏民,本命,濮思,荀
342|刘备,眼睛,好看
342|哈哈哈哈,没,淹死
343|不会,带,团队,只能,一个,人干,死
343|明公,近日,瘦,吕布,状
344|三打,白骨精,里,老头
344|刘备,看着,身后,一路,水渍,确实
345|苏民,老师
346|皇叔,太美
346|备备,衣角,微脏
347|刚才,说,庞统,叔
347|好好先生,庞统,应该,忘年交
348|濮存昕,老爸,苏民
348|古代,15,生,孩子,奇怪
348|岂,诸葛亮,差,一辈,差辈,可能,相提并论
350|备备,不拜
350|猜出来
351|仙人
351|此刻,赵云,城中,厮杀
352|叔父,父亲
354|开挂
354|年
356|水镜,先生,配音,听,起来,适合,两军,阵前,饶舌
356|看看,摄像,毕,姥爷
357|刘备,愣住
358|大宝,备,保底,要出,金色,传说
361|赵云,襄阳,城翻,遍
361|不会,带,团队,只能,干到,死
361|两集,两集亮,仔,出山
362|刘皇叔,行动,纲领,滑稽
363|必须,抽卡
364|赵云,已经,急,疯
364|红色,传说,亮亮
364|攒钱,九,卡,池里,刷五费,诸葛亮
364|出现,毕,老爷
364|诸葛亮,徐庶,真是
364|发现,两千人,在看
365|孙乾,听
365|外置,大脑,太好
365|刘备,保底,这人怕,保底,限制,抽
365|没,办法,这会,寄人篱下,算是,刘表,打工,招兵买马,想,往外,扩张,刘表,一定,同意
366|毕,姥爷
367|毕,XX
367|这才,名人,雅士
367|公司,运营部
367|听成,打下,大半个,潍坊
368|刘备,集团,严重,缺个,张良,萧何
368|点子,王
369|看到,毕,姥爷
369|诸葛亮,长大
369|备,总,大舅子,爹
370|往北,曹,老板,往南,老板,往东,往西,过不去
370|昨天,直播,剪
370|一直,袭取,许昌,刘表,不让
371|政研室
371|诸葛亮,长大
372|反正,结交,荆州,士族,刘表,掉,当个,摄政王
372|没有,战略,大方向,没有,扩张,资源,只能,保安,天时
372|不会,带,团队,会,一个,人干,死
373|赵云,主公,躲,tm,找不着
373|想,刘表,听
373|刘备,一直,想,北上,刘表,听,刘备,只能,小规模,战役
374|制片,主任,定时,吕布,亲戚
375|另一边,赵云,找,不到,刘备,急死了
376|曹操,刘表,和稀泥
376|诸葛亮,18,岁
376|往东,东海,龙宫
377|屈身,守分,以待,天时,doge
377|咋动,周围,个个,豪强,大佬
378|诸葛亮,长大
378|没有,行动,大纲
379|不敢,想,次数,赵云,回去,面对,关张
379|诸葛亮,酒馆,里,刷新
379|打过,南阳
380|刘表,曹操,真,迟疑,内部,问题,叛乱,士族
381|有人,战略,目标,干,起来,劲
382|刘备,真,时运不济,失,天时,看看,刘邦,早早,凑齐,将相
382|刘备,没兵,没地,一直,想,刘表,曹操
383|年
383|保命,保,身边,班子,猥琐,发育,容易
384|刘备,领兵,干人,猛,军师,只用,查漏,补缺,就行,徐庶,够用,战略,后勤,确实,少,一个,出谋划策,实际上,刘备,死前,诸葛亮,很少,单独,领兵,军师,后勤,肩挑
384|等待,天时,能干,诸葛亮
385|小书童,真,可爱
385|声音,司马昭
386|为啥,不取,西川
387|确实,刘备,荆州,干,八年,知道,干,后来,赘肉,长,急,哭
387|其实,没有,资源,基本,盘,养兵,练兵,全靠,刘表,肯定,不够
387|石田,三成
388|没,势力,没,资金,没,人才,出生,自带,花,几十年,贴,热脸,搭,关系
389|芭蕉,安徽
389|投,死
389|剧组,回事,跑,博物馆,顺来,文物,拍戏
389|刘备,没有,根据地,只能
391|这用,童工,没人管,法律
391|跪坐,真的,腿疼
392|汉服,真是,唯物主义,美
394|赵云,找,不到,准备,杀,蔡
394|不能,白,浪费时间,有人,规划,合理,利用,资源,积蓄,力量
394|童工
395|其实,跪坐,垫,腿,装置
395|来处,doge
396|伯约,何来,迟
396|刘备,3000,兵,没有,地盘,确实,不好,动
397|安乐,公,颇,思蜀,否
397|赵云,没,回去,通宵,满山,搁,找,刘备
397|安乐,公,颇,思蜀,否
397|东土,大唐,而来,带,白龙马
398|贫僧,东土,大唐,而来,前往,西天,拜佛,求经
398|正式,场合,跪坐,平时,现在,盘腿
399|子龙,大耳贼,哥哥,好找
399|八年,其实,涿郡,刘郎,明良,千古,系列,已经,讲,详细
399|古人,跪坐,会,屁股,下面,垫,凳子,支踵,出土文物
400|其实,诸葛亮,先去,找,刘备
400|丞相
401|从檀溪,游过来
402|地方
402|刘备,诸葛亮,长大
403|花果山,而来
403|东土,大唐,而来,去往,西天,拜佛,求经
403|偶尔
404|后面,图是,斗牛,图
405|屏风,漆画,真,漂亮
405|偶尔
406|刘备,开快,直播,报平安,赵云,急死了
408|对面,一个,陌生人,上来,全说,合适
408|好家伙,刚,看见,时长
409|诸葛亮,想当,萧何,可惜,刘备,同意,后期,只能,张良,韩信,肩挑
410|卢,米诺斯
411|刘备,逃跑,事,说,出去,丢人
411|不愿,喊,一声,教父
412|玩劫,主播
412|卢,小毕,寨子,我救,感谢,一下,名字,提,下次,必妨
412|去平,荆南,叛乱,刘表,不能,机会
412|姓,司马,字德操,还行,司马懿,刘玄德,曹操,包括,天下,归一
414|卢是,上门,礼,提
415|卢,起票,回,大宛
415|当时,英雄,唯操,使君,一个,人字,两个,德操
415|知道,问
415|卢,终究,错付
416|初极,狭才,通人
417|窗外,竹影,甚美
417|算命,老天,没,跑
418|发生
418|适才,相戏,耳
419|问题,老,刘家,要会,逃跑
419|德操,德操,孟德,曹操
419|老三,细节,做得好,水镜,刘备,衣服,痕迹,判断,刘备,逃难,至此
420|大爷,卦
420|诸葛亮,早生,十年,起飞
420|字,绝,德操
421|皇叔,问
422|赵云,在乎,感受,主公
422|司马徽,绝逼,刘表,集团,内有,深,耳目
422|刘备,风度
423|刘备,知道,难道,主谋
424|皇叔,别装,神仙,干,算
424|大宝,备,适才,相戏,耳
424|偶然
426|小童,应该,送来,学习,学生,下人
426|刘备,现在,落水狗,个人
426|卢,不愿,一声,教父
426|夏洛克,·,司马德操
427|赵云,已经,城内,城外,翻个,底,掉
427|司马徽,必是,走,新,三,大道,逃难,至此
428|名,侦探,司马,微,刘备,衣服,湿,确定,逃难,衣服,湿,基本,两种,可能,一种,追杀,趟水,过来,一种,穿着,衣服,洗澡,司马,微,推测,追杀,趟水,过来
429|衣角,微脏
431|赵云,老板,电话,不通,5555
431|衣服,水渍,不合理,前面,马跃檀溪,皇叔,身上,一滴水,没有,doge
431|取,西川,刘表,想要,现在,西川,孙权,偷,屁股,刘备,没,实力
432|衣服,湿透
432|构图,太,舒适
434|刘备,不够,奸,一点,招
434|刘邦,善
435|高祖,鸿门宴,逃席,之风
435|天黑,赵云,不会,整个,城,掀
436|走,尿道
437|福尔,摩徽
438|祖传,尿,遁
439|刘璋,逃过,凤凰,设,鸿门宴,3.0
440|刘家,免疫,鸿门宴
440|老,刘家,免疫,鸿门宴
441|天,古人,直接,画里,走
442|雍齿,不配,拥有,姓名
443|曹无伤
443|刘邦,项伯,告密,以外,项羽,自爆,曹无伤,卖
445|老,刘家,天生,免疫,鸿门宴
445|项羽,对面,项羽,拦不住,赵云,拦不住
445|罗贯中,抄
445|知道,小强,告,密
446|刘氏,buff,免疫,鸿门宴
446|刘备,尿,遁
447|鸿门宴,2.0
447|刘,縯,有过,鸿门宴,当时,差点,死,可惜,最终,没,躲过
447|说,高祖,遗风,哈哈哈,哈哈哈
448|祖传,免疫,鸿门宴
448|老,刘家,传统,艺能
448|刘邦,中途,告密,刘邦,张良,萧何,保驾
449|老,刘家,祖传,剧情
449|致敬,全,TM,致敬
449|告
450|分,36,郎
450|宴席,不能,老,刘家,人上,厕所
450|老,刘家,天生,避免,鸿门宴,属性
450|高祖,之风
450|高祖,遗风
450|免疫,鸿门宴,buff
451|进,益州,汉中,高祖,因之以,成帝业
451|高祖,之风
451|项伯害,满族,死绝
451|高祖,之风
451|哈哈哈,老,刘家,传统
452|祖传,尿,遁
452|高祖,遗风
452|祖传,绝技,尿,遁
452|尿,遁
453|刘玄,应该,刘秀,摆过,最后,刘秀,算是,避,过去
453|刘邦,告密,想,跑
453|高祖,遗风
454|高祖,爷,保佑
454|伊机伯
454|老,刘家,免疫,鸿门宴,buff
454|高祖,爷
454|高祖,之风
454|高祖,牌,电风扇
455|尿,遁
455|司马,微,推理,穿着,衣服,洗澡,一定,会,高兴,神色,不会,惊慌,只能,追杀,无奈,趟水,过来,神色,依然,慌张
455|尿,遁,老祖
455|水镜,先生,演绎法
456|老,刘家,鸿门宴,buff
456|祖传,尿,遁
457|吾,八分,36,郎
457|大宝,备,知道,问,问,怪,尴尬
458|被动,技能,无视,鸿门宴
458|老,刘家,自带,免疫
458|老,刘家,逃跑,无与伦比,天赋
459|印堂,发亮,虽有,小灾,无碍
459|老,刘家,不要,孩子,风气,捏
459|吾,右,将军,十一次,郎
460|布豪
461|英雄,何在
462|史記,原文,寫,翻來,還有,諡號,高,皇帝
462|史記,原文,記載,建議,改為,高帝,遺風,比較
462|早,没有,郎
465|120,分,值
468|前摇过,短
471|这是,苏民演,水镜,先生
478|WC,广
484|反,重力,哈哈哈
485|杀人
486|苏民,老师,濮存昕,父亲
486|赚
489|觉得,39.66
490|记不得,化学物质,名字
499|怪不得,睡,一晚,重新,涂抹
502|海洋,至尊,三棱镜,AB,货,货,确实,好用,货,拉
508|容量,真不大
515|感谢,八分,三十六,郎
517|感谢,八分,三十六,郎
518|今日,有幸,相会
518|分,36,郎,真豪杰
519|久闻,公之,大名,今日,有幸,相会
519|不知,明公,小名
520|久,闻明公,大名,今日,有幸,相会
520|感谢,分,36,郎
521|公,知天命,识时务
521|要兴,无名之师,犯,疆界
522|谢谢,八分,36,郎
524|谢谢,右,11,郎
524|刘备,燕雀安知,鸿鹄,Sorry,走错,片场
525|八分,三十六,郎,真豪杰
526|过年,亲戚,问,没有,买房
527|刘备,出于无奈,先生,不弃
529|只恨,财力,不足
530|猎头,水镜
530|坏,戳,肺,管子
530|反应,快点儿,想到,提出,问题,之前,老头,答案,老头,重要,人物
531|刘备,只恨,财力,不足
532|一人本,汉室,宗亲
532|出于无奈
533|鸡,命运,多变
534|备备,没,办法,距离,抽到,SSR,卡,几集
534|鸡
535|出于无奈
536|居然,feel,yeah
538|啪,眼睛,睁
539|聊天,鬼才,司马徽
540|扎心
542|眼神,一变
542|布
543|智力,不够
543|董事长,缺少,一个,总经理
544|每日,一贤
544|一个,团队,智力,上限,重要
544|是因为,将军,大事,未成
545|眼神,一亮
545|是因为,将军,大事,未成,doge
546|没有,军师
546|是因为,未成,大事
548|备备,闲人
549|是因为,缺个,HR
550|是因为,将军,光,抽主,没,抽,辅助,doge
550|hr,缺人
550|是因为,大事,未成,笑,死
550|猎头公司
552|没人取,三台,高达来
553|闲人,不要
553|没,吕布,背刺,徐州,加上,陈登,不行
554|闲人,咸人
554|刘备,说,我行,说,手下,弟兄,可不,高兴
554|推荐,侄子,司马懿,报道
555|司马徽,句句,刺,要害
555|猎头公司,推送,人才
556|难道,朕,不知,兵
557|吃闲饭,一堆
557|孙乾,糜竹
558|抽,一堆,主,没,抽,辅助
558|笑,起来,真,好看
558|福祸,之论,皇叔,身上,体现,淋漓尽致
558|推销,SSR,中
558|光有,高达,不行,母舰
559|ssr,挺
559|突然,高清
560|备,闲人,呐
560|BOSS,直聘
560|推荐,室友,闲人
561|为啥,文官,不称,字
561|水镜,先生,隐士,学院,教务主任,天天,学校,就业率,忙活
561|对的
561|曾小贤,贤哥
562|糜竺,糜芳
562|这时候,徐庶
562|前,三个,叫个,名,三个,字
562|家里,没有,贤妻
564|这话,说,真
564|前,三个,知名度,不高,说,字,观众,听不懂
564|应该,公佑
565|说实话,文,有点,对不上,这武
566|没有,一流,谋士
566|仨,智力,一个,超过,80
567|徐州,一路
567|前面,三个,刘备,挺亲,应该,直接,叫名,难不成,是因为,名气,没有,后面,三个,人大
567|打开,手牌,三张,SSR,武将,卡
568|备,六个,SSR,徽,推荐,UR
569|几个,没百智,不行
569|几杆,枪,够,缺,一门,意大利,炮
570|确实,三台,高达,骄傲
570|偏科
571|文臣,出名,武将,天下,知
572|前,三个,说,字,观众,可能,认识,只能,说名
573|缺,一个,村夫
573|班子,质量,不错,缺个,总经理
573|文臣,厉害,比不上,曹操,手里
574|前,仨,字,观众,够呛,认识
574|国家,大事,必须,依靠,主谋,亮亮音
574|全是,ssr,水镜,推荐,ur
575|缺个,二把手,云长,以后,二把手,现在,差点
576|缺,一个,荀彧,难得
576|缺,一个,荀彧
576|确实,两种,人才,王佐,奇谋,既亮,法正
576|谋臣
577|三张,SSR
577|缺,王佐之才
578|缺个,张良
578|水镜,人力资源,有限公司
578|缺个,CPU,缺算力
578|水镜,人才,市场
578|总览,全局,人才
578|荀彧,dog
579|亮亮,没错
579|部门,主管,一大堆,总经理,没有
579|孔明,孔明
580|抽出来,一个,战略,核弹,级别,人才
580|战略,战术,两个,不同,位面
580|缺,子房
580|没有,荀彧,曹操
580|大宝,备,时期,文,几位,其实,更,财政,外交,人才,战略战术,缺
581|荀彧,比不上,诸葛亮
581|实力,缺,获胜,方法
581|其实,缺,眼睛
581|王佐之才
582|缺个,ssr
582|备有,高达,三台
582|将军,何故,发笑,←,←
582|缺,一个,水镜,八奇
583|土鸡瓦犬,耳
583|谋士,军师
583|缺,两个,一个,战略,一个,参谋
583|缺个,ceo
583|确实,有种,4080,ti,配,i3,美
583|严重,偏科
583|缺个,谋主
584|曹,老板,刘备,几个,猛将,加上,财主,糜竺,肯定,统一天下
584|缺,荀彧
585|少个,谋主
586|万人迷
586|前面,三个,说,姓名,一定,有人,知道,后面,三个,已经,名声在外
586|前面,仨,全是,外交官,没,谋略
586|笑,周瑜,少智,诸葛亮,无谋
586|缺个,常务副,主公
587|确实,孙乾,简雍等治政,军事行动,方针,不行,没有,整体,大局观
587|缺个,荀彧
587|万人敌,万人,不敌,到底,厉害,有点,懵
588|熊虎
588|万,千,百,十
588|缺百智,军师
589|万人敌,战术,后仰
589|没,复杂,押韵
589|蔡瑁,赵云,现在,知道,救
589|公认,马,指导,承认
590|老罗,钦定
590|皆,高达,抬手,秒,扎,古
590|这时候,赵云,没,出名,长坂坡,赵云,一战,成名
591|三高达
591|赵云,行,再过,两集,知道,知道
591|熊虎
592|官方,认证,万人敌
592|其实,缺法,正,诸葛亮,这种,可惜,法正,死,早,没,刘备,早,碰面
592|赵云,看过,正史,长坂坡
592|两晋,十六,国,南北朝,说,勇武,基本,会,关张,形容
592|皆,匹夫,doge
593|缺,一个,总经理
593|周仓,硬接,赵云,三枪,没事,配有,姓名
594|正史,里,赵云,压根,没带,大规模,部队,陈,他俩,一个,保安队,长,一个,派出所长
594|赵云,试试,知道,知道
595|晋朝人,关张,评价,猛将
595|赵云,十万,重围,七进,七出,赵云,十万
596|水镜,先,给你个,徐庶,体验,一下,军师,快乐
596|赵云,谦虚,一点,9999,人敌
596|关羽,张飞,皆,称,万人之敌,世虎臣
596|刘备,腿,跪麻,起来,站会
597|十六,国,史书,文臣,个个,自比,管乐,武将,个个,勇赛,关张
597|刘备,难道,朕,不知,兵
597|魏晋,之后,一直,唐朝,形容,武将,勇猛,都是,张之勇
597|曹操,我会,善用
598|版本,更新,现在,谋士,版本,SSR,需要,抽新卡来,组队
599|赵云,长坂坡
599|备备,领导,能力,不行
600|刘备
600|刘备,搁,这点
600|刘备,隐士,骂人,当面,骂
600|刘备
601|备备,到底,是不是
601|刘备,说,生气,走
601|三万,之众
601|老,刘,没有,一个,能调,动,仨,决定性,人物
601|刘备,是不是,到底,是不是
601|难道,朕,不知,兵
603|缺,军事,缺,军事家
603|刘备,特,说,不行
603|意思,武将,全是,ssr,配队,谋士,sr
603|刘备,贴脸,开大
603|指着,鼻子,骂人
604|有点,打脸,走开,点
604|备备,更加,稀有,卡,没,抽到
604|难道,不知,兵
605|刘备,若依,先生,之言,莫非,朕,不知,兵
605|腿,麻
605|先生,之言,莫非,朕,不知,兵
606|刘备,大胆,砍,头
606|司马徽,不行
606|赵云,80,万人敌
606|云大怒,知道,知道
606|一人
607|刘备,打仗,行,未来,发展,谋划
608|莫非,朕,不知,兵
608|刘备
608|村里,老头,吹牛,逼,呐
609|刘备,这老登,内涵
609|古代,跪坐,杌,子,腿,不会,麻
609|关羽,不断,杀,张飞,限制,两人,合一,清场
610|神卡,没有
610|马上,获得,SR,徐庶
611|原是,中山,靖王,之后
611|一直,南北朝,隋唐,说,人像,羽,飞,皆,万人敌
611|缺个,中路
612|说,擅用,骂
613|赵云,核,科技
613|刘备,到底,是不是
614|刘备,阁下,不要,试试
614|刘备,三架,高达,一个,驾驶员
614|孙乾,简雍,外交官,糜竺,后勤部门
615|孙乾,简雍,说客,属性,糜竺,天使,投资人
615|水镜,先生,衣服,真,好看
615|生发
615|关张,赵,顶,万兵
616|孙乾,不会,拼命
617|命,赵云,许胜,不许,败
617|栏杆,好像,塑料,雨衣,doge
618|战略眼光,之前,说,袁绍,年轻,时,曹操,谈过,人生,规划,刘备,现在,空有,大志,没有,途径,实现
618|辈,两,字,杀伤力,有点,高
618|糜竺,做生意
619|糜竺,主要,天使,投资人,孙乾,简雍,搞,内政
620|孙乾,搞,外交,简雍,搞,后勤,糜竺,投资方
620|关羽,意思,绿豆,大将
621|后期,诸葛亮,大脑,飞速发展,起来
621|接下来,见,更白,更俊
621|十室,邑,必有,忠信,堂堂,全浙,岂,无材勇,哈哈哈哈
621|孙乾,明明,会,72,变
621|缺一,奶油小生,bushi
623|孙乾,糜竺,简雍,多读,诗书,可能,出身,不同,眼光,丞相,真,做到,经纶济世
623|算是,士族,代表,可不是,书生
623|开骂
623|绝对,不赖,几个,文臣
624|榜,大哥
624|吾,观,天下英雄,唯,使君,与徽耳
625|等辈
626|输出,没,辅助
626|不够
626|内政外交
626|备备,隐藏,款
626|茅塞顿开
627|于备,孙乾,确实,跑腿,先生,高见
627|事实上,少,一个,萧何加,张良,多面手,角色,做好,管理,规划,方向
627|没见,智力,90
629|先生,之言,茅塞顿开
629|武将,够用,文臣,不行
629|孙乾,不会,拼命
630|备,马上,令,自刎,归天
630|伊籍
630|白话,需要,强大,外置,大脑
630|糜竺,金主,孙乾,简雍会,搞,外交,其实,碌碌,之辈
631|徐庶,体验,卡爽,天
631|需要,更劲,更,霸,贤才,口牙
632|他家,为啥,挂,歌绿,塑料袋
632|找,刘大,找到,天黑,没,找到,云大怒
632|水镜,听,推荐,唐国强
633|部门经理,总经理,区别
634|孙乾,外交,厉害
635|陈登
636|真,听,劝
637|孙,糜,简,干吏,管好,衙门,创造性,没有
638|其实,几个,不差,没有,厉害
639|寻访,300,次,领取,限定,星
640|舟,游玩,家
640|回合,话,好几个,行动,点来,寻访
641|寻访,凭证
641|司马徽,远在天边,近在眼前
641|三国志,游戏
642|唐国强
642|没,地盘,放,曹操,地盘,你别,寻,有人,赶着,找,创业,难
642|寻访,凭证
642|伊籍,眼力
643|营销,关键期
643|陈登,陈宫
643|毛阶,奉天,子,以令,不臣,修,耕织,蓄,军资,霸王,之业,可成,诸葛亮,占据,荆,益二州,西,戎,南抚,夷,越,外结,孙权,修政理,均,国策,级别
643|跑,市场
643|三国志,14
644|孙乾,简,雍,糜,竺,礼貌
644|寻访,DNA,动
645|伊籍,有眼力,派
645|白脸,书生,阉,有理
646|大汉,魅魔
646|现在,中东,好多,自称,赛翼德
646|刘备,魅力,100,100,最高,100
647|三国志,系列,游戏
647|赛翼德,笑,死
647|刘备,加个,技能,眼力
647|天天,张飞,出去,找人
647|登不来
648|我操,我刚,发现,多期,丞相,没
648|三国群英,传,找,不到
648|派,张飞,逮,过来,doge
649|干,员,寻,访
649|三国志,霸王,大陆
650|突然,发表,三国志,言论
650|寻访,登庸,不到
650|派,三爷,绑回来
650|铺垫,隆中对,直接,起飞
650|派,张飞,行,直接,绑来
650|特技,眼力
650|仿遍
651|张,SSR,孔子
651|老,刘是,魅魔,没,魅力值
651|何陋
651|搜索
652|天运,派,刘禅
652|大伙儿,看见,没,高颜值,管用
652|寻访,没有,凭证,万万不可,需要,更,寻访,凭证
652|没错,我试
652|三国志
652|三国,第一,魅魔
652|得有,眼力,技能
653|寻访,10,单,抽,容易,出货
653|派,张飞,绑来
653|主要,先,百智,军师
653|关公,魅力,高,311,经常,找到,徐晃
653|陋
654|没事,叫三弟,绑
654|一转,三国志,游戏,笑,死,2333333
654|出六星
654|名望,不够,进不了
654|懂,建议,先玩,三国志,11,doge
655|无有,门路
655|孔子,云,十连,抽卡,必出,保底
655|外交,技能
656|噔,噔,噔,噔,噔,噔,噔,噔,噔
656|十连,抽,必有,保底
656|孔子,云,卧龙,凤雏,一可安,天下,切不可,天下,必失
657|颍川,人才,看不上,刘备,库库,曹操,送人
657|登不来
657|岂不闻,天无绝人之路
657|三国,抽卡,系统
658|春节,没,更新,原来,玩,三国志,游戏
658|三国志,说,特技,眼力
658|翻译,十连,保底
659|时势造英雄
659|忠信,华夏民族,核心,精神
659|孔子,云,十连,保底
660|糜竺,投资人,孙倩,简雍,外交官
660|十连,保底
660|十连,保底
661|刘邦,一个,县加,韩信,差不多,组团,成功,人才,肯定
661|其实,得不到,地方,士族,豪强,支持,之前,好歹,有个,徐州,跑,寄人篱下,自然,没有,基业
661|前段时间,流行,死士,寻访
661|有钱,连续,抽,十次
661|十连,保底
662|堂堂,荆楚,岂,谋臣
662|三步,之内,必有,解药
664|徐州,领,豫州,牧,陈登,陈群,ssr
665|远在天边,近,眼前,呐,—,—
665|玩,三国志,11,王朗,推荐,诸葛亮,舌战,秒
665|子,曰,十,抽,保底,氪,金,必胜
666|刘备,运气,不错,抽,三次,出,ssr,诸葛亮
667|今天,奇才,皆,此池,之中
669|抽卡,充,648
669|高祖,那会,发育,时间,现在,哪有,草根,逆袭,机会
669|水镜,人才,市场
670|刘备,早去,颍川,早就,找,可惜
670|湖北,偷偷,叉,下腰
670|自吹自擂,哈哈哈
671|远在天边,近在眼前
671|卡池
671|先主,一生,遇过,大贤,缘分,短浅,徐庶,陈登,陈群,田豫,牵招,终究,难得,始终
671|荆襄,限定,池
672|水镜,八奇,误
672|我用,小乔,寻访
673|卡池,准备,掏钱,首冲,优惠,出金,概率,doge
673|一轮,八百,张牌,神
673|天下,SSR,此卡池,之中,愣,干什么,赶紧,氪,金,doge
674|十连,抽,保底,橙卡
674|抽卡,抽卡,抽卡
674|中国,隐士,高人,最大,特色,隐世,外面,知道
674|邓艾
674|出卡池
675|确实,光,ssr,卧龙,凤雏,sr,徐庶
675|真的,卧龙,凤雏加,徐庶
676|主要,全国,荆州,益州,地方,打仗,荆州,交通,便利,地方
676|南阳
676|缺,一个,总览,全局,战略性,人才
677|玄德公,准备,掏,一下,腰包
677|直接,boss,直聘,司马徽
678|商城,老板,司马徽
678|估计,南下,长江流域,以避,中原,河北,战乱,北方,贤人,自然,会,荆州,地区,扬州,益州,济济一堂
678|水镜,更,像是,推销
678|前往,抽卡
679|颍川,人才,市场
679|老鸨,水晶
680|南阳,东汉,帝乡,刘秀,是从,出去,一大,票,皇亲国戚,开国功臣,家族,门阀,士族
680|这算,因祸得福
680|惟楚,有材,于斯,最盛
680|现在,两千多万,人口
680|袁术,起兵,占,南阳,郡,富饶,便宜
681|南阳,一个,郡,人口,整个,凉州
681|刘备,氪,金
682|营销,大师,司马徽
682|惟楚,于斯为盛,hhh
683|三国志,游戏,刘备,魅力,99,100,没有,古代,武将,刘邦,刘备,魅力,最高,刘邦,并列第一,100
683|南阳,人材,交易市场
683|诸葛亮,庞统,徐庶,一带
683|孔子,云十连,保底
684|新卡池,开放
684|南阳,从古至今,郡
684|之前,说,河北人
684|叉腰
685|奇才,波士顿,玄德公,可亲
685|南阳,颍川
685|奇才,华盛顿,公,可亲,网求
685|200,多万
685|华盛顿
685|确实,卧龙,凤雏,徐庶,下野,状态,主要,刘表,魅力,差
686|皇叔,奇才,华盛顿
686|好多,避难,隐居
687|水镜,先生,赐,我点,将令,我试,抽,十发
687|奇才,华盛顿
687|奇才,莫斯科,mo,玩家,乱入
688|南阳,平
688|一段,长镜头,节奏,娓娓道来
688|一半,是从,曹操,屠,徐州,时,逃,过来,包括,八岁,诸葛亮
688|地方,杀,血流漂杵
688|遇见,风云,便化龙,扬州,找,双龙
689|逃难
689|南阳,东汉,帝乡,豪族,人才
689|怪不得,袁术,横
690|诸葛亮,是从,山东,跑过来,避难
690|河南,驻马店
690|逃难
690|奇才,华盛顿
690|奇才,华盛顿
691|华盛顿
691|颍川,士族,谋士,戏志才,郭奉孝,荀彧,凤雏
691|奇才,华盛顿
691|奇才,华盛顿
691|零,氪,出,ssr
691|水镜,需,一千万
692|奇才,乔丹,沦为,超巨
692|奇才,华盛顿
692|现在,南阳,1200,多万,人口,最多,地级市
693|颍川,大族,看不上,刘备
693|MO,玩家
693|奇才,祖安
693|奇才,华盛顿
693|当时,整个,并州,总共,不到,400,万人,南阳,一个,郡,280,万
693|南阳,刘子骥
694|走,坐,回去,隐晦
694|诸葛亮,山东人,逃难,河南
694|水镜,中介费,先交,一下
695|备备,畅聊,云妹,找,急眼
695|HR
695|奇才,华盛顿
696|诸葛亮,小时候,徐州,避难,猜,离开,徐州
696|眼前,一位,拿下,水镜,荆州,奇才,会
697|南阳,好像,曹操,屠过,最多
697|三张,ssr
697|奇才,莫斯科,已经,心控
697|诸葛亮,路上,听到,有个,猛人,几千,兵要,救,徐州,猜
698|徐庶,SSR
698|曹操,屠,南阳,问过,荀彧
698|刘备,蠢,直接,司马徽,辅佐,多好
698|南阳,诸葛,庐,西蜀子,云亭
700|器材,华盛顿
701|猜猜,诸葛亮,是从,逃难,荆州
701|烤,立马,小镇
701|卧龙,凤雏,子初,孝直
702|忽然,注意,一段,一镜,到底
702|华盛顿,奇才
702|南阳,刘秀,起家,之地,号称,天下第一,郡
703|火攻
703|司马徽,推荐,卧龙,凤雏,后面,说,孔明,虽得,其主,其时
703|眼前,这一,老头,妥妥,奇才
704|三国,第一,谜语
705|奇才,华盛顿
706|水镜,HR
707|公司,想,做,做,强,视感
708|真,红眼,魔导,士,毁灭,凤凰,二者,可安,天下
709|龙,帝王,之征
709|卧龙,凤雏得,一可安,天下
709|数年,图守困,空对,旧,山川,龙,岂,池中物,乘雷欲,上天
710|龙,帝王,之征
711|↑,游戏王,乱入,叉,出去
711|看看,卡池
713|龙凤,大宝,备,心想,老头,龙凤呈祥
714|龙,这时候,帝王,专属
714|字,好好看
714|打嗝,警告
714|原来,紫鸾
715|好字
715|龙,没,帝王,象征,赵云,敢字子,龙
716|龙凤,水饺
716|刘备,不会,倒,字
716|写
716|俩,禁
717|凰,雌
717|更新,无双
717|难崩,真三国,起源,洗脑
717|龙凤,懂,玄德,赶紧,捞大鲸
718|好字
718|龙,警觉
718|紫鸾
719|真,好看
719|原来,玩源,神
719|玩,起源
719|经略,玩,真,三,起源
719|紫鸾,白鸾,鸾
719|源神,启动
719|大概,太平,之要,魅魔,过于,抢手
720|跪姿,太难受
720|青眼,白龙,凤凰,龙神,号
720|忘不了,紫鸾
720|字,写,真,好看
721|紫鸾,╭,╯,╰,╮
721|龙凤,帝王,之征
722|玩,起源
722|呈祥
722|营销,手段,logo,展示
722|颠龙,倒凤
722|备备,猫,咪,识字
722|龙,帝王,之征
722|玩,真,三,起源
723|两个,魅魔,凑,一起
723|大胆,经略,好好,更新,居然,沉溺于,割草
723|龙凤呈祥,香烟
723|太平,之要
724|龙,帝王,象征
724|卧龙,凤雏,紫鸾
724|凤,王后,之征
724|抽,10,次,必出,传奇,橙卡
725|玩,起源
725|找,紫鸾
725|喜结连理
725|太平,之要,笑,死,经略,玩,起源
725|龙,帝王,之征,雾
725|龙凤,汤圆
726|龙,帝王,之证
726|转译,手底下,学生,招,一个,进,公司,管理层
726|灭,鸾
726|庄强,聪明
727|原著,伏龙凤雏
727|太平,之要,笑,死,经略,玩,起源
727|龙,帝王,之征
727|痉挛
727|找,一个,紫鸾,哑巴,杀,穿,三国
728|二人,皆,天下,尽失
728|二则,成翔
728|找,紫鸾,高达
728|二人,皆
729|推荐,学生
729|二人,皆
729|卧拥,六合,梦醒,驱百策
730|卧龙,凤雏,加奶龙
730|二,二
730|二,不可,安,天下
730|这一,卧龙,别要,庞统
730|三国,无双
730|想到,现如今,卧龙,凤雏,意思,已经
730|冢,虎
731|龙凤,论坛
731|二,二世,而亡
731|小童,说,认识
731|子龙,小龙,蟒,古早,动物,塑,赵云,常山,巨蟒
731|备备,全都
732|坏,得二泪
732|颠鸾倒凤
732|得二可失,天下
732|安,天下,没,说,平天下
732|司马徽,俩,徒弟,挑个
732|荆州,最大,郡
732|听说,故事
732|凤是,雄性,凰,雌性
733|正正,负
733|水镜,先生,人才中介
733|吾,二人,兼得,汉室,锁门
733|二者,皆,寄
734|笔劲
734|经略,玩,绿帽,起源
734|刘备,我俩,没,咋滴
735|神算,连环,差个,百出,老猛,每次,功绩,飙到,七八万
735|可安,天下,一定,能得,天下
735|太平,之要,天下,哈哈哈
735|紫鸾,白鸾
736|这是,两人,买,热缩
736|司马德操,要充,vvip
736|凤是,公鸟,凰,母鸟
736|龙,要不得,龙,帝王,之征,doge
736|大宝,备,冢,虎,全都
737|两人,成,西川,蜀备
738|子初,孝直,若亡,一人,汉室,难兴
738|二人,挚爱,亲朋
738|传销
738|备备,全都
739|龙凤,皆,正正,负,必失,天下
739|北辰,张延廷
739|卧龙,庄强,凤雏,聪明
740|刘备,太牛,逼
740|名不副实,传教,现场
740|西红柿,小学
740|这是,两人,买,热,搜
741|俩,死,一个
741|内存,溢出,变成,负数
741|龙,帝王,之证
741|得加,钱
741|新,版本,PV
742|意思,意思
742|子彻,孝直,失一人,汉室,难兴
742|溢出
743|卧龙,bin,凤雏,cube
743|士元,孔明,幼常,连环,神算,百出
743|正正,负
743|原著,伏龙凤雏,打听,打听,不到,卧龙,后来,徐庶,说,伏龙,卧龙
744|龙凤呈祥
744|龙凤,成翔
744|龙,帝王,之征
744|可惜
745|如来,玉帝,得意,天下
745|龙,刘协,凤,曹节
745|两个,庞统,急,争功,祸害
746|同救,同守
746|数据,溢出
746|龙凤,成翔,龙凤,成翔
746|一安,天下,得二完,犊子
746|负负得正,说
746|二,原地,爆炸
747|没准,徐庶,刘备,背后,水镜,打了个,暗号
747|龙凤,呈翔
748|奶穿
748|一起,出,BUG
748|架不住,庞统,落凤坡,讲真,庞统,徐庶,能留,一个,镇,荆州,三国,历史,不好,说
749|二进制
749|法正,陪,主公,吃瓜,看戏
749|法正
749|关羽,张飞,一人,可失,天下
749|南阳,荆,襄,人口,聚集地
749|诸葛亮,配,赵云,法正配,关羽,庞,统配,张飞
750|卢,干嘛,我作,甚
750|其实,法,刘备,契合,谋士,奈何,英年早逝
750|这时候,卧龙,凤雏,贬义
751|相抵
751|放,三年,前,卧龙,凤雏,贬义,只不过,褒义,成语,用作,贬义,一起,讽刺,效果
751|卧龙,主建,凤雏,主战
752|法正
752|后来,法正,法孝直
752|两人,天下,菲尼克斯
753|益州,庞统,跟着,刘备,听
753|一个,满值,两个,内存,溢出,负
753|张任
753|其实,效果,没,区别,庞统,明确,反对,隆中对,主张,放弃,荆州,保留,益州
754|水镜,先生,要加,钱
754|刘备,法正,诸葛,赵云,徐庶,关羽,庞统,张飞,蜀汉,最佳,配置
754|破坏,平衡,服务器,必须,取消,一个
754|打仗,紫鸾,丫打,冒烟
754|可惜,历史,庞统,运气,太差,流矢,射死,累死,孔明
754|←,孝,直,避,箭
755|需,一千万
755|徐庶配,关羽,庞,统配,张飞,卧龙,配,赵云,法正配,刘备,这是,最佳,拍档
756|负负得正,正正,负
756|安,天下,天下
756|真三国,无双,线,说,回,徐庶,救下,庞统,后面,连带,关羽,张飞,刘备,马谡,刘封,孔明,魏延,没,死
756|诸葛亮,庞,统,徐,庶,法,正,美好
757|喜欢,真三
757|法正,主公,吃瓜,唠嗑
757|好好先生,上线
757|关键,刘备,没有,天下,安
757|需,一百万
758|其实,徐庶,挺,适合,刘备,团队,可惜,曹,老板,搞,走
758|水镜,先生,本期,卡池,HUR,龙凤,滑稽
758|得到,破坏,游戏,平衡
758|诸葛亮,真的,活活,累死
759|好好先生,词,典故,出自,司马徽
759|庞统,徐庶,法正留,一个,行
759|三国演义,看到,落凤坡,不忍心,继续,下去
759|先,买,dlc
760|最低,0.3,元,天,开通,会员,查看,完整,内容
760|系统,提示,需要,购买,猎头,资源,包
760|谜语
760|太,超模,系统,强制,庞统,下线
761|好好先生
761|☜,配置,两家,爆炸
762|司马徽,发动,技能,称好
762|诸葛亮,萧何,角色,庞统,张良
762|饥饿,营销
762|卢,不谢,凤雏妨,掉
762|司马徽,发动,称好
762|将军,茅房,茅舍
763|今日,何日
763|上半,池,卧龙,下半池,凤雏
763|服务器,繁忙,请,稍后,再试
763|徐庶配,关羽,庞,统配,张飞,卧龙,配,赵云,法正配,刘备,这是,最佳,拍档
763|作者,断文断,关键,之处
764|发动,技能,称好
764|老,谜语
764|说话,说,一半,简直,急,死,个人
764|卧龙,凤雏,污名,化,变成,贬义词,几年,事
764|吊胃口
764|称好
765|前面,朋友,卧龙,凤雏,徐庶,法正,集齐,土火,风水,四大,属性,谋士
765|谜语
765|好好,吃,烧烤
766|谜语
766|法正,没,问题,死,太早,这是,天灭,大汉
766|后面,付费,内容,哈哈哈
766|水镜,备备,钓成个,翘,嘴
767|徐庶,法正,庞统,留,一个
767|司马徽,服务器,繁忙,请,稍后,再试
767|赵云,主公,蔡瑁,坏,赵云,说,找,不到,刘备,找,算账
767|天机,泄露,一半
767|谜语
767|住,回去,赵云,要开,无双
767|最恨,断章,狗乐
768|茅房,住,一晚,25,第纳尔
768|皇叔,吃,守礼,亏
768|皇叔,楼主,太监
768|谜语
768|老登,说话,说,一半
769|话,说,这份,睡,doge
769|好好先生,司马徽
769|谜语
769|蔡瑁,搁,家里,躲,一宿,dog
769|刘备,说个,名字,费劲
769|刘备,诚心,不让,睡
770|可惜,庞统,挂,后来,法正,命,短
770|众所周知,水镜,先生,好好先生
770|赵云得,急,疯
770|吊足,胃口
770|尼玛,说话,说,一半,睡得
771|赵云,找
771|子龙,急死了
771|茅厕,赞助,一下
771|谜语
771|水镜,先生,别号,三国,deepseek
771|水镜,充电,元,解锁,后续,内容
771|前面,路,以后,再来,探索
772|赵云,急死了
772|付费,解锁
772|皇叔,暂住,蔡瑁,没
772|赵云,是不是,开,无双
772|饥饿,营销,大师
773|不行,少个,徐庶
773|司马徽,每日,深度,思考,一次
773|皇叔,话,说,一半,睡
773|子初,孝直,若亡,一人,汉室,难兴
773|这时候,赵云,估计,急,快要,杀,蔡瑁
773|赵云,主公
774|吊人,胃口
774|回去,赵云,要开,无双
774|表达,刘备,思乡,之情
774|想,知道,诚意,咯
774|说话,说,一半
774|引起,读者,阅读,兴趣
775|这辈子,讨厌,话,说,一半
775|玄德,有点,急,换成,沛公,怕,要求,上酒,上菜,水镜,称兄道弟,搓,一顿
775|这会,赵云,找人,急死了
775|得加,钱
776|司马徽,天津,说话,爱栓扣
776|赵云,四处寻找,大宝,备
776|蔡瑁,我命,休
776|没,好处
776|明日,云游四方
776|准备,好卡池
776|下集,再续
777|竟然,已经,忘,老三,庞统长,样,满脑子,新,三,丑比
777|刘备,想想
777|喜欢,说话,说,一半
777|先卖个,关子,吊,胃口
777|没,够,钱
777|这会子,龙,急死了
777|赵云,∶,睡得,年纪,睡得,觉
777|赵云,是不是,忘,主公,找
778|大宝,备,急死了
778|谜语,gck
778|蔡瑁,布豪
778|司马徽,比比,听,老子,指定,你好,果汁,吃
779|请客,请客,请客
779|人均,谜语
779|水镜,想到,徐庶,上位,机会
779|赵云,睡,大耳
779|司马徽,卡池,明天,更新,急
779|卧龙,凤雏,好比,荀彧,荀,攸
780|貂蝉,赵云,骑马,路上
780|谜语,滚
780|刘备,md,遇到,谜语
780|徐庶,留,时间,创造,机会
780|说话,说,一半,打死,犯法
781|刘备,谜语,不得好死
781|后面,想,知道,收费,哈哈哈
781|氪,金十连,抽,得到
781|刘备,睡
781|断章,狗
782|诸葛亮,配,关羽,法正配,赵云
782|赵云,已经,杀,穿,县城
782|水镜,饥饿,营销,懂不懂
782|知道,告诉
783|赵云,是不是,找,蔡,算账
783|谜语
783|蔡瑁,我滴哥,快点
784|大爷,急坏
784|赵云,真,急死
784|吊胃口,一手
784|刘备,应该,赶紧,回去,关张,估计,蔡冒,开打
785|赵云,这时候,找,不到,刘备,蔡瑁,杀,好玩
785|架不住,雒,城太难,庞统,太急
785|吊胃口
785|司马徽,后面,付费,内容
786|水镜,先生,生活,上班
786|水镜,服务器,繁忙,请,稍后,重试
786|赵云,真服了
786|云妹,城里,翻,遍,没,找到,大宝,备
786|赵云,米诺斯
786|云哥,主公,主公
787|后面,内容,需要,vip,浏览
787|赵云,急
788|赵云正,门口,堵,蔡瑁
788|应该,话,说,一半,想起,徐庶
788|服务器,繁忙,请,稍后,再试
788|水镜,氪,几百个,十连,抽,想要,卧龙,凤雏
788|记得,赵云
789|徐庶,玩儿,命往,刘备,必经,路上,跑
789|刘备,卧龙,凤雏
789|开新卡池
789|典型,卡池,寻访,时间,没到
789|赵云,已经,灭,蔡家,户口本
789|直接,刘备,整,emo
790|刘备,至此,目标,战略,重新,一次,审视,思考
790|r9,只见,水镜,先生,说,龙凤
791|说话,说,一半,小心,揍
791|大爷,急得,直,走,绺
791|赵四,草,喝趟,酒,大哥,整,丢,只能,蔡瑁,人头,一用
791|试探,刘备,情报,能力
792|弹幕,已经,会,R9,编新,梗
792|赵云,这时候,疯
792|司马徽,平生,最恨,两种,第一种,说话,不说,完整
792|前导,公司,赤壁,第一幕,开场,CG
792|刘备,确实,一夜,没睡
792|蔡瑁,速寻,玄德公,云大怒,正欲攻,我府,吾,命休
793|家里,产业,上班
793|刘备,敲,三下,脑袋
794|找,不到,刘备,赵云,压力,很大
794|大爷,睡不着
794|说实话,觉得,徐庶,更,适合,刘备
795|完全,吊胃口,逃难,多天,调整,状态,相亲
795|晚上,回家,哥,仨,疯
795|赵云,一辈子,失误,一次
795|爸爸,父母,缴费,玩,后面
796|卧龙,凤雏,生不逢时
796|本来,诸葛亮,关羽,坐镇,荆州,刘备,庞统,坐镇,益州,可惜,庞统,死
797|司马徽,应该,世家子弟,毕竟,东汉时期,农民,读,不了,书
797|水镜,先生,知识,付费
798|服务器,繁忙,笑,死,哈哈哈
798|徐庶配,庞,统配,张飞,法证,跟着,刘备,诸葛亮,居中,统筹,无敌
798|赵云,疯
798|想,知道,后续,入群,细聊
799|一个,小时,知道,见到,徐庶
800|赵云,其实,我特,一夜,没,睡
801|睡不着,觉,大宝,备
801|此时此刻,关羽,张飞,赵云,已经,准备,蔡冒,祭天
802|赵云,天
802|蔡瑁,危
803|前途,光明,看不见,道路,曲折,走,完
804|子龙,怒气,25
804|想想,刘备,带,庞统,守,西川,孔明,带,二爷,赵云,三弟,守,荆州,真的,天下无敌
805|漫漫长夜,无心,睡眠
805|赵云,其实,我特,一夜,没,睡
805|想,知道,赵云,今天,回去,面对,关张
806|赵云,已经,荆州,开,无双
806|已经,通知,元直,明天,到坡
807|陈群,陈登,贤人
807|赵云,其实,我特,一夜,没,睡
807|赵云,主公,主公
807|赵云,暂住,活爹
809|八,阿哥,找,贤人
809|周围,淡人
809|这一宿,回去,二爷,三爷,赵四,荆州,下来
809|陈登,201,年,死,现在,应该,207,206,年
809|玄德公,别干,发呆,整口,华子,抽抽
810|紫色,确实,贵气
810|子龙,天杀,蔡瑁
810|陈群,陈登,绑定,家族,没,办法,刘备,跑
811|吊胃口
812|赵云,眼都,红
812|司马,微,先,充个,电,告诉
813|贤人,八哥,何在,每日,一贤
813|不够,贤
813|陈登,陈群,看重,徐州,获得,天下,不在乎
814|赵云,完,主公,丢,找不着,刘表,一帮,突突,没法,回家
816|自此,卧龙,凤雏,词性,变,之后,听,总,觉得,怪怪的
816|子龙,找,主公,主公,找,卧龙
816|盐,腌制,一下
816|庞统,合,个二呗
818|敌人,目的,达到
819|子龙,急,团团转
819|喜欢,小桥
823|一只,子龙,正在,连夜,搜索
823|曹,老板,大汉,家底,豪横
823|曹,老板,拿下,版图,不无道理
824|曹操,不好,不好,不姓,刘,刘操
825|曹操,没有,帅才,不了,10,万兵
826|得二就
826|子龙,外面,瞎开,无双
826|明天,开卡池,激动,睡不着
826|中山,靖王,之后,孝景,皇帝,玄孙
827|夏侯,二,兄弟,曹仁,曹洪,确实,曹家
828|皇室,宗亲,宦官,之后
828|史嗝
828|会,不会,告诉,诸葛亮,庞统,刘备,找
828|一只,云妹,已经,疯
829|贾诩,程昱,刘晔
829|曹,老板,家,宗室,太香
829|原著,里,赵云,一看,檀溪,对面,一滩,水渍,知道,刘备,逃出,生天,这时候,找,不到,没,着急
831|曹操,编制,爵位,老家,一群,世家子弟,一呼百应
831|荀彧,乐
831|r9,追
831|程昱
831|每日,史嗝
832|宦官,之后,织席,贩履,四世,三公
833|云,翻,地皮
833|陈群,陈登,大士族,牵招,田豫,豪强,愿意,老,刘去,南方,发展
833|曹节,宦亦有,贤
834|此事,曹操,玩笑,记,中,记载
834|官宦
835|东汉,末年,宦官,权势,滔天,汉室,宗亲,身份,宦官
836|r9,可不是,史,不许,说
837|突然,R9
837|这是,r9,史
839|英雄,出身,简单
840|曹操,颇,颇,颇,颇,家资
841|遂,大怒,刺死,蔡瑁
842|哈哈哈,哈哈哈哈,哈哈哈哈
842|回去,突突
843|感觉,赵云,回去,肯定,两个,哥哥,骂
844|官宦
845|分,行李,散伙
845|好家伙,找,一天,水,没干
845|刘老板,家底,没,饿死,已经,不错
846|宦官,之后,合,起来,挺,奇怪,哈哈哈哈
846|徐庶
846|蔡瑁,求求,赶紧,找到
847|一袋,手机
847|找,一宿
847|刘备,生死,不明,死,赵云,应该,回去,干,蔡瑁
848|子龙开,一夜,无双,撸,秃
848|云大怒,遂,一枪,戳,死,蔡瑁
848|名,侦探,子龙
849|主公,河边,尿,尿,doge
849|曹操,宦官,之后,哥们,一点,历史,懂,装
849|名,侦探,赵云
850|水迹,水干,痕迹
850|原著,徐庶,晚上,水镜,庄园,刘备,听到,徐庶,水镜,谈话
851|观察力
851|卢,我留,记号,不用谢
851|云妹,皇叔,贴,贴
853|这水,没干
853|这是,冬天,拍,跃,马檀溪,跳水,里,太冷
854|回,新野,关张,打死,哈哈哈
854|两个,马儿,漂亮,聂
856|宦官,之后
858|改日,再谈,水镜,先生,闭客
859|子龙,心细
859|白月光
861|徐庶,夜访,水镜,剪
862|元直,终于,登场
862|Ssr,体验,卡到
862|关张,着急
864|名,侦探,子龙
864|最仙元直,登场
864|官宦,之后
865|回,新野,关羽,张飞,没骂,一顿
866|徐福
866|单福
866|神特,名,侦探,子龙,哈哈哈
867|田,国富
867|田,国富,登场
867|限时,ssr,登场
867|主公,子龙版
868|赵云,差点,饭碗,丢
869|这段,补齐
869|岂止,饭碗,丢,老板,丢,QAQ
870|吓死,赵云,荆州,杀,穿
870|赵云,一夜,没睡
871|田,国富
871|元直
872|元直,侠客
873|找到,刘备
873|前来,买瓜
873|冒牌,军师,上线
873|嗷,徐庶,仙人
873|SR,体验,卡
874|司马徽,元直,贤弟,刘皇叔,新野,速去,求职
874|田,国富,书记
875|懂,毛遂
875|大美人
875|恭喜,获得,SSR,级,谋士,徐庶
876|徐元直
877|新,三国,感觉,像是,徐庶,不好,驳,司马徽,面子,答应
878|连夜,跑,拦截
878|哦哦哦,元直
879|美丽,元,直,宝贝
880|前方,BOOS,直聘
880|单福来
881|欸,徐庶,可惜
881|陈,国富,老狗,登场
881|UP,主,永远,忘不了,新,三,精神,鞭笞,感觉,时不时,回味,一下
882|元直
882|前面,抢,宝贝
883|砂仁,饭来,wwwww
883|新三,徐庶,诸葛亮,整天,愁眉苦脸,样
884|想,起来,听,袁老,评书,讲过,这段,记忆,有点,错乱
885|老,三国,夜访,被删
885|体验,卡来
885|单福
886|1010000000000000
887|发现,在野,统帅,91,智力,94,徐庶
887|记得,拍
889|徐庶,毛遂自荐,行,冲突
889|二,倍速,打开,新天地
889|水镜,谜语,那说,好好,捂脸
889|BOSS,直聘,才艺,展示
890|偷听,好像,更,没,礼貌
892|难忘,今宵
892|意思,荒郊,野岭,刷,满练,顶配,军师
893|发现,双,90,徐庶
893|野外,刷新,一只,SSR
893|烽火台,式,建筑,烽燧
893|刺客,信条,徐庶
895|找,工作,徐庶
895|自卖自夸,歌
897|徐庶,打仗,能干,架,真的,顶级,人才,可惜,中,曹贼,奸计
897|元直,太,可惜
897|田,国富
897|国富,同志,平时,是否,山水,庄园,唱歌
897|叮,野外,爆出,SSR,谋士,体验,卡,一张
899|田,国富
901|前方,高人,国富,书记
901|田,国富
901|芋头,明煮
901|徐庶,善歌,诸葛亮,善琴,多才多艺,有志,青年
902|知道,为啥,一晚,徐庶,跑,路
902|SSR,体验,卡
902|元直,出场,方式,挺,独特
902|元直,故意,出现,备备,回家,路上,简直,太,可爱
903|徐庶,人才
903|单福,骑驴,自荐
904|难忘,今宵
904|徐庶,没看,刘备,刘表,碰,钉子,回头,找,刘备
904|少年,游侠
905|元直,留在,季汉多
905|田,国富,出场
905|东汉,声音
905|徐庶,专职,打仗,好手
905|好家伙,差,直接,上来,纳头,便,拜
905|系统,捡,一张,SSR
906|路边,捡,一张,SSR,搞,活动,送卡,doge
906|唱歌,求职
907|100,程昱,出现
907|圣枪,游侠,徐庶
908|烤烟,房
908|难忘,今宵
908|金刚,狼,死,侍,路边,看到,霹雳火
909|魅力值,太高,ssr,路边,直接,刷
909|听,嗓音,应该,翟万臣,老师,唱
909|最新,情报,新野,新增,在野,ssr,武将,徐庶
909|早期,摆,拍
910|诸葛亮,大学,同学
910|一个,动作,精心设计
910|徐庶,御史中丞,差,一步,位列,三公,老,曹,还行
911|二郎腿,翘起,妖娆
911|单福
912|武力,85,智力,95
912|贴,脸
912|魅力,高,路边,捡,一张,SSR
913|简历,唱出来,搞头
913|尚在,驻村,国富,同志
914|哈哈哈
914|凤雏死,以后,关羽,守,荆州,缺,一个,徐庶,当年,徐庶,曹营,回来,刘备,应该,撒泼打滚,留下
914|简历,音频,版
914|好歌
915|心,肝,四分之三
915|飞飞,敢,支吾
915|吼,辣,大声,干什么
915|徐庶,歌者,文明
916|唱,不错
916|洗面奶,试用装,差不多
916|徐庶,谋士,里面,最能,名声
916|乡村,歌手
918|铮铮,之音
918|田,国富,书记,多才多艺
918|徐,老师,算,善终
918|田,国富
919|啊啊啊
919|有汉东,声音,国富,书记,拿到,名次
919|刘备,集团,谋士,躺,求职
919|毛遂自荐
920|boss,直聘
920|何止,声音,原直,练武,好手
920|田,国富
920|备备,保暖,内衣,漏出来
920|元,直能,一直,留下,呜呜,元直,元直
920|徐庶,大人
921|仙人跳
921|声音,评委,敢,说,一句,曹操,唱,不好,曹,老板,槊,捅,死
921|第一名,周瑜
921|曹操,唱歌,要命
922|boss,直聘
922|声音,意思
922|歌声,好似,惊涛拍岸,风卷残云
922|汉东
923|国富,书记
923|后来,嗓子,坏,一言不发
923|安敢,败,诗兴
924|评委,捅,死
924|ssr,体验,卡
924|评委,不许,曹,老板,一槊,捅,死
924|曹,老板,不会,哭
924|第一,曹,老板,会,捅
924|导师,杀
925|工人,找,老板
925|赤壁,假唱,王,曹阿瞒
925|徐庶,正史,没,忠,刘
925|曹,老板,第一
926|曹操,说,不好,听,当场,捅,死
926|曹,老板,太,全面
926|赤壁,声音,曹阿满,怒,捅,评委
926|评委,批评,两句,评委,杀,敢,第一
926|黑幕
926|闻过则喜
927|没有,一个,悲惨,家庭
927|有钱,参赛,参赛,没,钱
927|师勖,好好
927|留赞,一个
927|哈哈哈哈,真的,高级,嘲讽
928|哈哈哈,哈哈哈,哈哈哈
928|安敢,败,诗兴
929|哈哈哈,哈哈哈哈
929|安敢,败,诗性
929|对酒,当歌,人生,几何
929|子龙,速去,此人,绑来
929|曹,老板,有钱,请,杨洪基,代唱
929|二言,绝句,绝对,第一,反对
930|曹,老板,评委,捅,死,可不,第一
930|说,不好,曹,老板,捅,死
930|金色,传说
931|田,书记,唱
931|短歌行,唱得,确实,宰个,师勖助,助兴
931|徐庶,周杰伦,唱,是不是,错过,刘备
931|曹,老板,东汉,唱,跳
932|徐庶,小样,迷不死
932|师勖,礼貌
932|刘备,好像,点
932|第二,周,嘟嘟
933|东汉,汉东
933|顺手,导师,捅
933|刘备,点
933|备备,黑色,保暖,内衣
933|徐庶,穷,曹能,开,演唱会
934|备备,全都
934|田,书记,唱
934|计量单位
935|歌唱,比赛,不比惨,冠军
935|子龙,问
935|意思
936|曹,老板,花钱,打榜
936|何人,狂放,斩
937|照夜,玉狮子,哥们,咱俩,贴,贴,雾
937|卧龙,凤雏,魔,怔,卧龙,凤雏
938|曹,老板,好评,捅,死
938|此人,姓,徐,侠客,定,徐霞客
938|意思,知道,明主
938|田,国富
938|刘使君,姓,卧,名龙,字凤雏
938|卧龙,凤雏,褒义词
938|此人,颜良,文丑
938|曹,老板,假唱,黑幕
939|前面,小孩,说,庞统,道,号,凤雏,刘备,忘
939|离开,水镜,卧龙,凤雏
939|从此以后,刘备,见,问,是不是,卧龙,凤雏,遇到,诸葛亮
940|赵云,完,主公,是不是,摔,河里,摔,不好,找,回来,一直,卧龙,凤雏,卧龙,凤雏个,不停
940|前去,活捉
941|白月光,来袭
941|卧龙,凤雏
941|骂
941|刘备,卧龙,凤雏,一个,doge
941|水镜,一说,卧龙,凤雏
941|人均,插标,卖首
942|说,两个,一个
942|黛玉,晴雯,子
942|巧虎,先生
943|子龙,不到
943|水镜,先生,说,卧龙,凤雏,二人,搁,一块儿
943|子龙,好勒,卧,一个
944|水镜,说,听,没全,听,明明,说,二人,一可安,天下,一个
944|卧龙,凤雏
944|游侠,符合,几个,脾气
944|卧龙,凤雏
945|卧龙,凤雏,合体
945|说,刘皇叔,之后,患,龙凤,既视症,doge
945|说,一安,天下,会,一个
946|有件事,有点,奇怪,鲁萌萌,后来,带亮,亮,见,孙权,提名,字,孙权,知道,卧龙,先生,备备,荆襄,呆,八年,知道,太,孤陋寡闻
946|水镜,庄,之后,刘备,一个,卧龙,凤雏,病
946|田,国富
946|惊艳
946|草木,皆,卧龙
946|下巧虎,徐庶
946|说,小孩,说,庞统,字士元,没,提凤雏,事
947|刘备,直接,卧着
947|姓,卧,名龙,字凤雏
948|小孩,没说
948|魔,怔
948|宝贝,里面,卫衣
949|卧龙,凤雏
949|徐庶,假扮,孔明
950|癞头,和尚,跛足,道人
950|此人,0.1,卧龙
951|龙,帝王,之征
951|卧龙,凤雏,一个,姓
951|司马徽,说,卧龙,凤雏,二人,听,一半
952|刘备,已经,包围
952|卢,体型,真,高大
953|刘备,丸辣,现在,卧龙,凤雏
953|刘备,卧龙
953|前方,貌美,攻击
955|刘备,可能,说,卧龙,凤雏
955|肯定,曹,老板,杨洪基,代唱
955|司马徽,服务器,掉线,最后,一句,丢包,刘备,没收
955|龙,帝王,之征
956|来者,诸葛孔明
957|卧龙,凤雏,一个,指,半个,doge
957|姓,卧名,龙字凤雏
958|卧龙,凤雏
958|帅哥,你好
959|现在,刘备,卧龙,凤雏
959|上钩
960|曹,老板,唱,一版,导演,pass,就让,杨洪基,老师,唱
960|田,国富
960|这位,巧虎
961|长坂坡,后来,孙,十万,战,合肥,一个,取景
961|哈哈哈,这小,表情
962|觉得,元直,出场,还怪,可爱
962|太帅,真的,一眼,帅哥
962|上钩
962|这是,年轻,田,国富,书记
963|一眼,万年,元,直
963|看着,有种,守株待兔,感觉
963|元直,真,好看,截屏,欣赏
964|风姿,卓绝
964|诸葛,东吴,已经,火烧,新野,名满天下
964|年轻,时,田,国富
964|汉东,省纪委,书记,徐元直
964|元直
965|安敢,败,诗兴
965|怪,妩媚
965|姜太公钓鱼,愿者上钩
965|卧龙,凤是,一个,雏是,一个
965|仙风道骨,徐元直
965|从汉东,省纪委,而来
965|刘备,现在,卧龙,凤雏
966|曹操,假唱
966|田,国富,书记
966|好帅
967|从何而来,来处,从何
967|起码,各有千秋,变成,0.1
967|从汉东,姓田,字,国富
968|从汉东
968|田,国富,田,书记,汉东省,干
968|卧龙,凤雏,聪明
968|贫僧,东土,大唐,而来,即答
968|从来,处来,去处
968|东土,大唐,而来
968|马超,我家,世代,公侯,匹夫,安敢,如是说
968|由汉东省,省纪委,而来
969|田,国富
969|徐庶,辅,关羽,守,荆州,诸葛亮,汉中,益州
970|会儿,忘词,想词
970|田,国富
970|狙击枪,干嘛,●,—,●
970|从来,处而来
970|想起,fantastic,baby,里面,权志龙,发型
970|田,国富
971|汉东省,田,国富,陈宫
971|好帅
971|非常,典型,纪委书记
972|从汉东,省来
972|说,西凉
972|这不田,书记
973|指甲,修得,干净
973|山人姓,胡名,宗南,字琴,斋
973|好帅,元,直
973|贫僧,东土,大唐,而来,前往,西天,拜佛,求经
973|坏,忘,词儿
974|原来,新,三,全员,疯癫
974|起码,比新,三,西凉,野人
975|太帅
975|新,三,人均,披发
975|老,三国,徐庶,演员,找,真的,完全,那种,游侠,谋士,气质,显现出来
975|不算,披,弄,邪,魅,刘海
975|原生态
975|徐庶,通缉,蓬头垢面,掩饰,身份,化,名单,福
975|真帅
975|新,三国,西凉
976|披头士,朋克,·,杀,马,特
976|两手,干净,衣着,不算,差,脱产,人士
977|眉心,痣
977|徐庶,关张,即为,投缘,走,太,可惜
977|老三,真的,好多,帅哥
977|新,三国,全员,披发,doge
977|最后,司马,家,半,批发
977|文艺,青年
978|新,三个,山野,之人
978|其实,卧龙,凤雏,四个
978|飘柔,自信
978|新,三,西凉
980|犹抱,披发,半遮面
980|玩,摇滚
980|徐庶,游侠,武力,值比,庞统,诸葛亮,高
980|金子
980|披头士,朋克,·,杀,马,特,·,精神,小伙儿
980|丸子,头
981|会,唱歌,智力,省,一点,技能,还点,剑术,潜行,刺杀
981|蒙放
981|tmd,太帅
981|水镜,刘备,留宿,徐庶,创造,机会
982|boss,直聘
982|汉东,纪委
982|风骚,样,喜欢
982|老,三国,为数不多,披发,汉人,看且,珍惜
983|田,国富
983|钻风
983|历史,更,疯癫,当场,脱衣,捉,虱子
983|沙,瑞金,挤兑
984|扬州,刺史,田,国富
984|权志龙,发型
985|东土,大唐,而来
985|这是,东汉,田,国富,汉东
986|游侠,洒脱,不羁
986|田,书记
986|倪,大红,半,披发
986|迷糊
987|西凉,野人,军团
987|新三全,披头散发,全癫
987|求贤,转个,身,走,面前
988|汉东,田,国富
988|新,三,大部分,野人
989|田,国富
989|田,国富
990|杀马特,非主流
990|山野,村夫,一名
990|前期,徐庶,游侠,好友,杀过
991|诸葛村,夫
991|流浪汉
992|气质,真好
992|战术,大笑
992|细节,徐庶,嘴,说,行歌,自荐,话,说,好听,屁股,没,挪过,坐,讲话,手舞足蹈,刘备,真,耐下,心来,交谈,这要,换,老板,估计,直接,甩,脸色
992|营销,装逼学
993|徐庶,翻个,身,大宝,备,特意,走到,徐庶,正面,相问
993|帅
994|四海为家
994|确实,没有,书里,写
994|年少,便,杀人,游侠
995|镜头
995|野人,披头散发
996|远处,新野,城
997|我乃汉,东省,组织部长,田,国富
998|东汉,徐元直,汉,东田,国富
998|太,直购
999|其实,徐庶,挺帅
999|徐庶,演员,侧脸,真的,吴京
1000|姿势,挺,妖娆
1000|徐庶,扮相,真,惊艳
1001|乃是,过路,商户,复兴,皇甫
1001|刚,旁白,说,毛遂
1001|颍,徐福,古有,管仲,接,鲍叔牙,甘茂,甘罗
1001|徐庶,可惜
1003|字,国富
1004|幸亏,现在,刘备,身边,赵云,二爷,三爷,已经,怒了
1005|阜阳
1005|阜阳,跑,襄阳
1005|安徽,阜阳,颍上县,人士
1007|好象,错误,单家子,指,独生子,应该,徐福
1007|阜阳
1008|面相,好看
1008|姓,单名,福字,元直,doge
1009|眉心,点痣,太美
1009|原名,徐福
1010|真,三国,人均,认识,刘备
1011|眉心,痣
1011|伏笔,颖上
1012|奇特,颍川,游侠,风格
1012|方,北辰,教授,诸葛亮,传里,说,应该,徐福
1013|元直,真的,好看
1016|徐庶,智利,真,游戏,里,96
1016|徐,·,纯,元,·,白月光,·,庶
1018|田,国富
1019|天乃高且,远
1019|先生,不弃,备愿,拜,义父
1019|优雅
1020|子龙,真帅
1021|纳头,便,拜
1023|徐福,哥们儿,日本,拿到,长生不老,术
1025|仨,挺帅
1026|找到,明主,高兴,笑
1027|体验,卡
1029|我勒个,真名,看破
1030|注意,备注,名字,本名,字
1032|马中,马自达
1032|本名,标注,有点,超前,原著,好像,一直,没提,本名
1032|直接,真名,解放
1033|诸葛亮,估计,智囊,人物,流行,一套,人品,看合,合得来,考虑,加,加入
1033|新款,卢马,百公里,加速,需,秒
1033|水镜,先生,开,相,马术,选修课,庞统,没选
1034|劫富济贫,游侠,可能,一个,缺德,主公
1034|三个,名字
1035|一个,水镜,私熟,培养,二位,卧龙,凤,雏
1035|良禽择木,栖,贤臣,择主而事
1036|亮子
1036|哈哈哈,字幕,已经,暴露,元,直
1038|绺,头发,挺,销魂
1038|刘备,明明,知道,卢,妨主,还给,庞统,骑,真,看不上,庞统,知道,庞统,凤雏,重视
1039|庞统,先,人品,不行,反应
1040|说,好像,孔明,没,测试
1040|可不,一个,师傅,水镜,先生
1040|贤臣,择主,弑
1040|说真的,原名,不该,现在,标出来,毕竟,后面,会,说
1042|君择,臣,臣亦择,君
1042|双向,奔赴
1043|挑来,挑去,挑个,白骨,露于,野
1043|测试,孔明,测试,哈哈哈,哈哈哈
1044|庞统会,相马
1045|老徐,跟着,刘备,后面,加个,亮子,结局,会,不会
1045|谋士,看看,相性,挺,重要,言,听计,完
1046|过关
1046|原名,标给,剧中人,观众
1047|老板,bmw7,系,不错
1047|这才,陈宫
1047|汉服,真他妈,大气,越看,越美
1050|电视剧,原本,没,标的,这是,后来,加上
1052|卢,我面,埋汰
1052|诸葛亮,测,三次,一个,老师,教
1052|卢,教,老子,知道,能妨,不能,妨
1054|刘备,这马会,飞
1057|愿,赠予,先生
1058|卢,刚刚,救,他命,说话
1058|竟然,没有,弹幕,我来,承包
1058|前面,说,刘备,故意,马,庞统,黑,蜀汉,看多,刘备,骑着,卢马,死里逃生,他会,觉得,卢马能,害死
1060|卢,fnmdp
1063|可能,卢,没,刘备,主人
1063|卢,妨主,主妨,卢
1064|黑子,说话
1064|庞统,老大,听听,劝,命大是
1064|庞统,骑,卢,确实,死,间接,妨了,刘备
1065|卢,说,瓜,其实,一点,不瓜,主公,看出,一点,公若,不弃
1065|命,硬
1066|卢,檀溪里,可不是,说
1066|卢,刚才,骂,可不是,说
1067|庞统,孩子,没,意见
1068|庞统,布豪
1068|马鞍,做,旧,痕迹
1068|凤雏,给妨
1068|庞统,孩子,不好,笑
1068|凤凰,住口
1069|庞统,阿嚏
1070|庞统
1070|元直,人头,指标,次数,指标
1070|卢,老,刘是,真龙,转世,不敢,动,弄,弄,完事
1070|凤凰,阿西
1070|庞统,突然,打喷嚏
1071|已经,防过,之前,主了,按理说,应该,已经
1071|防,凤凰
1072|卢,打住,想,活久点
1072|庞统,NMD,妨,老子
1072|赶紧,送给,曹丞相
1073|庞统
1073|陈武,妨,我吗,·,·,·,·,·,·
1073|YIF,干,年,春晚
1074|真龙
1074|之前,妨过,江夏,主了
1074|前面,说错,江夏,贼首,张武,副,贼首,陈孙
1075|卢,刘备,龙气重,我妨,不动
1075|改名,备
1075|凤凰,我特,喵
1075|庞统
1075|公若,不弃,愿拜,义父
1075|妨,庞统
1076|救,喊,义父
1077|庞统,米诺斯
1077|老,刘家,免疫
1077|卢,看着,好乖,低眉,目的
1077|义父,亲爹
1077|主,乘客
1078|妨凤
1078|反三,是从,追上,徐庶,妈,写
1078|庞统
1078|庞统,不好,笑
1079|张武,不算
1079|庞士元
1080|摸摸,马头,万事,不愁
1080|庞统,没事,我会,涅槃
1080|马
1080|徐庶,使君,知道,耐克,穿,以后,克不死
1081|送
1082|哈哈哈,刘备,搂,卢
1082|庞统,闭嘴
1082|庞士元,心理,妨,竟然
1083|穿,耐克
1083|后来,此马,驮,唐僧,西天,取经,道,化身,一条,白龙成,东海龙王
1083|庞统,方法
1084|完
1084|魏宗万,老师,说,拍戏,会,马儿,吃,一起,培养感情,卢,好乖
1084|办法,送给,曹操
1086|庞统,越,说,越
1087|演了
1087|庞统服
1087|刘备,妨明公,卢妨,刘备,整好,抵消
1087|庞统,孩子,不好,笑
1088|庞统,不好
1088|庞统,大爷,当时,应该,教,脱身,之计,烧不死,丫
1089|庞统,我成
1089|刘备,送给,曹操,不要
1089|庞统,好笑,孩子
1090|曹操,骑
1090|庞统,躺,枪
1091|庞士元,退出,直播间
1091|庞统,原来,出,主意
1091|庞统,备备,仇,怨,不造
1091|徐庶,能力,绝不,司马懿,之下
1091|庞统
1092|曹操,卢换,赤兔
1092|庞统,原来,浓眉大眼,出,主意
1092|孟德,如晤,备,今日,觅得,宝马,正待,英雄
1092|卢,不要,乱说,上桌,吃饭
1092|曹操,主意,送,张,绣
1093|蔡瑁
1093|庞统,说
1093|马,送给,曹操
1093|备备,抱,超跑,松手
1094|曹操,刘表,孙权
1094|曹操
1095|送给,曹操,孙权
1096|曹操,骑,一下
1096|大耳贼,为啥,送给,曹操
1096|赤兔,说
1096|徐庶,妙计,庞统
1096|张武,已经,妨过,子龙,弄死
1096|试探
1096|懂,孟德送
1097|这才,喜怒不形,于色
1097|庞统
1098|刘备,相信,唯物主义
1098|听到,招灾,回响
1098|不解,庞统,徐庶,聪明,更,甚,两人,关系,庞统,不识,卢防主
1098|买,双,耐克,笑
1098|庞统,活,全家
1098|曹操
1099|蔡瑁
1099|曹操,∶,卢,本来,哒,哒,干,徐庶,何事
1099|有个,廖立,彭,羕,张裕
1099|现在,送,曹操,受
1100|那马,有来无回
1100|送给,曹操
1100|送,曹操
1100|庞统,谢谢,元直
1101|张武,已经,被妨,死
1101|卡,bug
1101|原,主人,骑过,死
1101|送给,曹,老板
1102|公,以备
1102|妙,妙
1102|张武,已经,被妨,死
1103|庞统,枉,赤壁,支招
1103|刘备,懂,马上,送给,曹操
1103|徐文
1103|妙计,庞统,bushi
1103|曹,老板,不缺,马,送,会,送
1104|庞统,好你个,徐元直
1104|擦,有名,十日,终焉
1104|知道,马上,送给,曹操
1105|曹操
1105|庞统,艹,真是,同学
1106|仇人,庞统
1106|马超,骑,白马,曹贼,追杀,曹贼
1107|刘备,听,完,不想
1108|庞统,真是,酸
1108|哈哈哈,哈哈哈
1108|简单,找,几万匹,母马,卢,配种,生,小马,赠送给,曹操,不出,半年,曹操,必败
1108|应该,之前,被妨,死,宝贝,无视
1108|徐庶,能活,曹操,没有,线报
1109|已经,送给,刘表,一次
1109|哈哈哈哈,哈哈哈哈,带给,曹操
1109|哈哈哈哈
1110|曹操,估计,识货,曹操,转手,送给,孙权
1110|庞统,意思
1110|庞统,真的,艹,了腻,蔴
1111|徐庶,我要,半路,被妨
1111|00.
1112|挺到,刘备,脸,立刻,拉,下来
1112|不行,曹操,命太硬,容易,马方,死
1112|曹操,一死,北方,大乱,东晋,十六,国,副本,提前,开启
1112|庞统,谢谢
1113|庞统,奶奶,原来,小子,坑
1113|庞统,早,送,我鄙,事儿,没有
1113|庞统,杀人,诛心
1113|庞统
1113|庞统
1114|徐庶,带,路上,主人,徐庶,到时候,妨他,咋办
1114|刘备,拿到,阵马,一个,主人,已经,死,魔咒,已经,破
1114|庞统
1115|哈哈哈哈,哈哈哈,哈哈哈哈
1115|曹操,人才,骗,不了
1115|其实,卢,刘备,一直,骑着,没事,真龙,之气,压住
1115|庞统,成庸主
1116|孙权
1116|庞统,庸才,咯
1116|纯属,古人,演义,现代,逻辑,推敲
1116|卢,受不了,庸主,看见,想,死
1117|绝影,典韦,陪葬,曹,老板,好马,肯定,名,应该,没
1117|刘备,嫌弃
1117|妨主,妨主
1118|曹操,绝影,缺好,马
1118|曹操,穿,耐克
1118|听到,这话,刘备,脸色,语气,直接,变
1119|看命,硬
1120|卢防主,出名,庞统,不识
1120|踏,麦田,剧情,卢,送给,曹操,踏,一遍,麦田
1120|那送,徐庶
1121|徐庶,主动,出策,做到,官,肯定,强
1122|绝影,死,宛城,一炮害,三贤
1122|汉昭烈,帝,岂不闻,勿以恶小而为之
1122|张武,不算
1124|死,假凤雏
1124|绝影,宛城,三贤
1124|普通人,降,不住,千里马,会,防
1124|送给,马谡
1125|触发,戏言,解锁,密码
1125|刘邦
1125|徐庶,密码,正确
1126|适才,相戏,耳
1126|曹操,手下,肯定,认识
1126|曹操,爪,黄飞电
1127|适才,相戏,耳
1127|爪,黄飞电,配有,名字
1127|绝影,宛城,没
1127|命硬,妨,不了
1127|卢马,妨主,技能,会,刷新
1128|看出,刘备,说出,勿以恶小而为之,奇怪
1128|密码,正确,✓
1128|徐庶,心动,感觉
1128|申,正道
1129|适才,相戏尔
1129|徐庶,适才,相戏,耳
1129|密码,正确,这辈子,跟定
1129|适才,相戏儿
1130|开玩笑
1130|适才,相戏尔
1130|老三,万能,密码,大笑
1131|曹操,笑,周瑜,无谋,诸葛亮,少智
1131|我知,玄德乃,忠义,之士,适才,相戏,耳
1131|这才,刘备,性格
1131|适才,相戏尔
1131|赐予,刘琦
1131|史君,莫急,适才,相戏,耳
1131|徐庶,使用,超必杀,绝技
1132|徐庶,老子,笑,岔气,快问,君,何故,发笑,耶
1132|触发,机制,大笑
1132|徐庶,密码,正确
1132|开玩笑
1132|发动,技能,大笑
1132|逃命,大笑,会,出,一大堆,听,解释
1132|东汉,谋士,流行,大笑,大笑,化解,尴尬,化解矛盾,金牌,调解员,管用
1133|开玩笑,狗头
1133|发动,技能,大笑
1133|隔,一个,妨,一个,已经,妨过,张武,刘表,没骑,不算,之后,刘备,骑,后面,又妨,庞统
1133|之前,妨死
1134|开玩笑
1134|适才,相戏,耳
1134|散乱,头发,看着,讲究
1134|假仁假义
1134|徐庶,开玩笑,呐
1134|徐庶,适才,相戏,耳
1135|适才,相戏,耳
1135|控制,技能,大笑
1135|战术,大笑
1135|适才,相戏,耳
1135|老,三国,特有,大笑,之后,必有,转折
1136|大笑,定律
1136|适才,相戏,耳
1136|密码,正确,装设,弄鬼
1136|密码,正确
1136|技能,前摇
1136|经典,大笑
1137|开玩笑
1137|适才,相戏,耳
1137|适才,相戏,耳
1137|职业道德,测试通过
1137|适才,相戏尔
1137|适才,相戏,耳
1138|适才,相戏
1138|密码,正确
1138|无懈可击,大笑
1138|底层,代码,一块儿
1138|适才,相戏,耳
1139|适才,相戏,耳
1139|适才,相戏尔
1139|曹操,孩子,不好,笑
1139|曹操,∶,经略,言语,中且,讥讽,之意
1139|适才,相戏,耳
1139|老,刘,麻,哒,一眼
1139|爱,刘备
1139|适才,相戏,耳
1139|愿意,透露,姓名,曹,老板,鼠辈,说
1140|读,指令
1140|刘备,汝笑汝母
1140|主要,会,认为,神经
1140|适才,相戏,耳
1140|适才,相戏,耳
1140|丞相,何故,发笑
1141|司马昭,笑
1141|曹操,点,踩
1141|曹操,点
1141|适才,相戏,耳
1141|曹操,不早,说
1141|这笑,好像,董公
1141|密码,证券
1141|适才,相戏,耳
1142|曹,老板,没人,说
1142|徐庶,适才,相戏,耳
1142|曹,老板,勿,cue
1142|适才,相戏,耳
1142|曹操,哈哈哈
1142|松鼠
1143|密码,正确
1143|曹操,话,说,明白,点
1143|曹操,点
1143|曹,老板
1144|司马昭,砍,头,笑不笑
1144|曹阿瞒,不早,说
1144|徐庶,发动,技能,大笑
1144|硬控,技能
1144|笑,会,追兵,听,解释
1144|曹操,说
1144|曹操,说
1144|开玩笑
1144|曹操,骂
1145|已经,笑,哈哈哈哈
1145|必须,招募,大笑,单位
1145|老板,不早,说
1145|曹操,点
1146|昭烈,帝真,英雄
1146|曹操,点
1146|丞相,何故,发笑
1146|刘备,密码,有点,长
1146|笑,出头天
1146|学到,逃命,不笑
1147|曹贼,三笑,留情
1147|沮授
1147|没,问题,曹操,大笑,关张,赵不,解释
1147|曹操,笑,咋啦,说,逃,没,逃出去
1148|绝对,理想主义者
1148|丞相,极有,灵性,遇到,危险,便会,大笑,报警
1148|曹操,太,懂
1148|曹操,言语,激烈,提出,直播间
1148|点名,曹,老板
1148|曹,老板
1148|曹操,勿,que
1149|前面,弹幕,能发,语音
1149|适才,相戏,耳
1149|曹,老板,直接,报,身份证
1149|削头,容易,嘴,噶,一半
1150|曹,老板,我三笑,妹,亖
1150|曹操,想,事
1150|领略,史,誓,杀,汝
1150|哈哈哈哈,曹操,三笑
1151|想起,黄忠
1151|哈哈哈,哈哈哈哈,跟着,笑,起来
1152|徐庶,适才,相戏,耳
1153|适才,相戏尔
1153|徐庶,配音,好像,刘备,夸
1153|笑,太,疯癫,笑,穿
1155|逗逗
1156|适才,戏言,耳
1156|适才,相戏,耳
1157|曹操,笑,笑
1157|徐庶,串子
1158|说词
1158|徐庶,演员,声音
1159|戏之耳
1159|开玩笑,呐
1160|适才,相戏,耳
1160|开玩笑,玄德,真是,老实人
1160|适才,相戏,耳
1161|适才,相戏尔
1161|开玩笑
1161|曹,老板,笑,时侯,确实,停下,只不过,停,友军,蜀军,笑,完后
1162|试
1162|刘备,本来,面试,没想到,面试
1163|敢,称,仁,刘,玄,德
1163|没说,愿效,犬马之劳
1163|看看,安敢,言,仁德,二字,新,三,天天,说,仁义
1163|唱首歌,承认,哈哈哈
1164|新,三,刘备,素来,仁德,行天下
1164|真正,仁德,觉得,做,不够,个人,两把,剑,仁义
1164|新,三,大道理,说,半天
1164|昭烈
1165|仁德,仁德
1165|技能,仁德
1166|安敢
1166|魅力,99,闹着玩
1166|仁之剑义,剑
1166|两张牌,我仁,仁德
1166|惟贤,惟德,服于
1166|觉得,刘备,伪君子,这种,细节,看得出来
1167|大宝,备,没,说,录取
1167|腥,三,刘狈,仁德
1167|新,三国,刘备,天天,仁德,挂,嘴边,标榜
1167|三国,杀谋,刘备
1167|惟贤,惟德仁,服于
1167|二牌,回血,神技
1168|安敢,言,仁德,新,三,天天,大道理,挂,嘴边
1168|试探,简单明了,徐庶,性格,洒脱,武将,服
1168|云妹,听,傻
1168|一个,死前,说,勿,善小而,不为,不以,恶小而
1168|于备,有何,不敢
1169|技能,仁德
1169|没,说,收
1169|新,三,滿口,仁德
1170|失去,仁德,神将
1170|新三,刘狈,取,我仁,之剑义,剑
1170|确实,仁德
1170|近日,童谣,说
1170|刘备,元,直,白月光,主公,曹操,横刀夺爱,坏事,做
1170|赵云,旁边,呆,这俩,人演
1171|于和伟,向来,仁德,为本
1171|适才,相戏尔
1172|子龙,站,有点,呆萌
1172|上报,国家,下安,黎庶
1172|新野,民谣
1172|说,新,三,刘备,仁义,挂,嘴边,张口,闭口,仁义
1173|太过谦
1173|桃李,子得,天下
1173|曲,有误,周郎顾
1173|近日,童谣,说
1174|先生,请,上马,同回,新野
1174|千里,草
1174|耗国,因家木,刀兵,点,水工,纵横,三十六,拨乱,江东
1174|鬼,委,相连,当代,汉,可言,言,东,午在,西,两日,并光,下移
1174|刃,金刀,青青,文反田,生,doge
1175|千里,草,青青,十日,卜,生
1175|西头,一个,汉,东头,一个,汉
1175|新野,牧,刘皇叔,蜀山,兀,阿房,出
1176|刘备,没错,童谣,散布
1176|新野,州牧
1176|水镜,屋里,那段,没
1177|byd,童谣,追
1177|州牧,指,刘备,豫州,牧
1177|其德,昭昭,其行,烈烈
1178|使君,仪态,真好
1178|民谣
1179|三尺,布,尚可,缝,兄弟俩,不相容
1179|民谣,寓记,天意
1179|新,三,我以,仁德,治,天下
1179|民谣
1180|千里,草,青青,十日,卜,生
1180|居住,新野,类似,荆州,驻,新野,办事处
1181|新编,民谣,没,传出去
1181|大宝,备,夸,不好意思,摸摸,马头
1181|刘备,技能,米,道
1182|群众,中来,群众,中去
1183|刘表
1184|↑,可能,代天,牧民,意思
1184|徐庶,走,卧龙,不出
1186|皇叔,纳粮
1186|单笑,周瑜,无谋,诸葛亮,少智
1187|老百姓,严选
1187|西头,一个,汉,东头,一个,汉,鹿,走入,长安,方可,无斯难
1188|闽众,竭诚欢迎
1188|县牧,新,三国,石锤
1190|听,老,三国,台词,如饮,美酒,令人,陶醉
1190|东汉,魅魔
1191|真,可能,真,民谣
1191|走,群众路线
1192|第一,魅魔,名不虚传
1194|大汉,魅魔
1195|益州,天子,气
1195|大汉,魅魔,可见一斑
1195|三国,民谣,出书
1199|老,蒯
1200|魅魔
1204|应该,江陵,刘琦
1205|新野,襄阳,江陵,一半,富裕,人口,密集,交通,便利,荆南
1206|江夏,江夏,刘琦,势力范围
1207|东北,雨姐,第一个,不乐意
1207|刘琦在,江夏,江陵,南边
1208|老,蒯帐,有雨姐,一人,可战,关张,赵
1208|刘琦去,江夏
1209|刘琦是,江夏,最后,请命,刘表,批
1209|刘琦在,江夏
1210|刘琦,刘备,关系,比较,没,问题,其实
1211|有点,草率,知道,人才,拜,军师
1212|够,荆州,新野,襄阳,江陵,地方,价值,不大
1212|刘备,巅峰期,二分之一,百,荆州
1212|刘琦在,江夏,江陵,南郡
1214|感觉,有点,草率,知道,对面,本事,拜,军师
1214|三国,杀,卢马卡图,这帧,画面
1215|公若,不弃备,愿,拜,义父
1215|赵云
1216|刘琦,这会,没,江夏
1216|刘邦,韩信,不知,拜为,大将军,老,刘家,传统
1217|云,妹妹,好乖
1217|徐庶,属于,白月光
1217|几句,马屁,话
1218|刘备,识人,水准,刘备,识人,水平,三国,里面,基本,无出其右
1218|刘备,看人,准
1219|说,起来,这是,大爷,第一个,正尔八经,谋士
1219|老,刘,现在,属于,军师,格子,空着,抽出来,卡,塞进去,提升,元直,好歹,sr
1219|唱首歌,军师
1220|新野,三,结义
1221|前面,水镜,很大,信息,奇怪
1222|SSR,体验,卡
1222|诸葛亮,辅,刘备,内政,统筹,徐庶,配合,关羽,庞统,配合,张飞,法正,配合,赵云,爽翻
1223|这是,备备,第一个,畅快,期
1223|大宝,备识,能力,很强,死前,特地,嘱咐,丞相,不能,重用,马谡
1223|第一次,见,拜,军师,眼光,太好了
1223|老,蒯
1223|徐庶,10,程昱
1224|三个,日子,过好,强
1224|主公
1224|信任,几句话,拜,军师
1224|刘备,卧龙,凤雏,先拜,军师
1225|宝贝,识人准,敢,用人,手底下,一堆,放手,提拔,草根
1225|皇叔,元,直,互为,白月光
1225|幸福,来得,太,突然
1225|改口,挺快
1226|赵云,跟着,笑一笑
1226|食,术,doge
1227|老,三国,经典,嘿嘿嘿,哈哈哈
1227|刘表,死,早些,估计,可能,好些
1228|湖南,四个,郡
1228|其实,徐庶,挺,孝治,天下,害人,呐
1228|嘿嘿嘿,黑,哈哈哈哈
1229|子龙,有点,尴尬,笑笑
1229|刘备,手下,现在,孙乾,简雍,谋士,现在,来个,徐庶,真的,提,战斗力
1229|据报
1230|笔试,二面
1230|想到,韩信
1230|终于,得到,智力,九十,谋士
1231|想想,孔明,庞统,孝直,徐庶,四人,大宝,备帐,没,早死,大汉,三兴,成
1232|刘备,眼光,真的,毒辣
1232|刘备,看人,从来,没,走过,眼
1232|子龙,好尬
1233|刘备,真的
1233|徐庶,真的,厉害,本来,诸葛亮,相辅相成
1234|呱,不要
1235|嚯,曹,老板,越来越,大气
1235|义,兵
1235|徐庶,轻易,识破,凤雏,连环计,说明,雀实,厉害
1236|刘备,马谡,不堪,大用,有识,人之明
1236|徐庶,sr,四星,战神,级别
1236|建安,年,起兵,指,征,袁绍
1237|义,兵
1238|毕,姥爷,喝多
1239|刘备,第二个,智力,90,谋士,第一个,陈登
1239|毕,姥爷,抖
1239|体验,卡
1240|声音,董卓
1241|义兵,指,黄巾,余党,青州,军
1241|镜头,真晃
1241|义兵,说
1242|亮子,元直,孝直,三个,长久,刘备,肯定,会,很多,奈何,老,刘,帅才,二爷,三爷,以前,丢过,子龙,听话,非帅者
1243|明,公举,义兵,扶汉
1244|第一个,真正,谋士
1244|说,没,问题
1244|现在,曹,老板,妥妥,人生,巅峰
1245|慈祥,老人,董既视感
1245|曹,老板,家庭,条件,啧,啧啧
1246|↑,你家,义兵,走,哪图
1247|僭,越
1247|确实,没得说,尤其,白狼山,张辽入,庙
1247|镜头,故意,晃,免得,东汉,末年,真实,影像
1247|勃勃生机,万物,井发
1248|徐庶,感觉,二爷
1248|曹操,南征,曹军,气力,回满,战略目标,选定,新野,武将,忠诚,增加
1248|大魏,男团
1248|刘备,占,天时地利,占,其实,韩信,张良,可能,短时间,超越,曹,老板
1248|曹操,北方,已定,兵甲,已足
1250|马腾
1250|毕,姥爷,歪
1250|桌子,看成,曹,老板,腿
1250|刘备,当初,没事,签啥,字,曹操,忘
1252|摄像机,手别,抖
1253|注意,曹操,相府,皇宫
1253|毕,老爷,这手,真抖
1254|再娶,刘备
1254|倒,没,问题,大宝,备,带,过去,不到,一万,正好,舒适,区
1254|毕,姥爷,手,稳点
1256|镜头,歪,不会,老,毕,扛,机器
1256|我草,枭雄,气
1256|北方,已定,兵甲,已足,当奖率,三军,南定,荆襄
1257|刘备,一个,师,TM,敢,许都
1258|刘备,本事,躲,新野,弹丸之地
1259|徐庶,荆州,辅佐,二爷,二爷,徐庶,比较,投,脾气,愿意,听,话
1259|刘备,星夜,偷袭,许都
1260|英雄,肯定,看得起,一直,想,摁,死,没,成功
1262|控制,襄阳,新野,樊城,一线,守住,是从,江陵,想,攻打,襄阳,樊城,太难
1262|镜头,估计,老,毕,镜头,歪
1262|刘备,李云龙
1262|三脚架,肩,扛,肯定,胶片,机
1263|家庭,取
1263|刘备,许都
1263|关中,没,北方,已定
1263|曹操,为啥,不用,皇帝,名义,刘备,票到,首都,杀,不去,说,谴责,不忠,汉室
1264|侮辱,伟人,毕福剑
1264|刘备,这点,兵,许都
1265|曹操,没,威胁,威胁,揍
1265|刘备,顶多,打打,漯河
1265|懂,曹操,头号,刘吹
1265|阿美莉,卡操
1266|曹,老板,一直,耿耿于怀
1266|西凉,马腾
1266|后面,两条,龙,盘绕,下面
1267|刘备,威胁论,233
1267|三千,李云龙,排,万
1267|丑国,CHINA
1267|讲
1268|马腾,天天,宣传
1268|哈哈哈哈
1268|一三五,刘备,威胁论,四,五六,刘备,崩溃
1269|曹操,想,找个,理由,杀,刘备,签,衣带诏
1269|一三五,刘备,威胁论,二四六,刘备,崩溃,星期天,感叹,生子,当如,孙仲谋
1269|打钱
1269|师出有名
1269|曹,老板,真,大宝,备,发育,时间
1269|曹,老板,真的,重视,刘备
1270|自刎,归天
1270|威胁论,之后,奔,溃论
1271|桌子
1271|曹仁,没,曹操,点,名
1271|刘备,坏,我成,东大
1272|陈曹,只会,汪,汪汪
1272|年,黄花菜,凉,想起,我来
1272|今日,何日,今昔,何昔
1272|柿子,捡,软,捏,没,毛病
1272|禁得令
1273|敢情,宣传,马腾,偷袭,许都,之前,天天,宣传,刘备,偷袭
1273|想,张,三,掀,帅
1273|曹,老板,BUFF,结束
1273|一个,县,几个,州
1274|开开
1274|这段,点将,气势,真足
1274|找个,借口,刘表
1274|刘备,栽赃
1274|曹操,现在,最怕,刘备
1275|喜欢,老,三国,点将,气势,拉满
1275|吕翔,鹅
1276|何不,宣扬,西凉,马腾,前来,进犯
1276|没念到,名字
1276|刘备,联合,马腾,袁绍,组合,四十万,大军,偷袭,许昌,问,服不服
1276|我命,撰写,讨贼,檄文
1276|吕翔,yue
1277|這案頭,隻,什麼,動物
1277|吕旷动,早
1277|吕翔,鹅
1277|曹操,宜将,剩勇,追,穷寇
1277|我命,四,人为,二十万,兵
1278|桌子,挺,可爱
1279|twins,组合
1279|东大,早有取,华府,之意
1279|四人,留下,走
1279|我命,贡品,明日,祭天,出师
1279|曹,老板,大气,手下,大将,无数
1280|丞相,吕翔,好像,不太服
1280|那马,威胁论
1280|曹操,识人,三国,第一,别忘了,曹操,评论,司马懿
1280|送
1281|曹操,真的,重视,刘备
1282|衣带诏,仇,曹,老板,必须,记,一辈子
1282|丞相,这身,衣服,真是,好看
1283|于禁,我命,种地,十万亩
1283|兵分,三万,路,前往,樊城
1283|吕伯奢,曹操,识人,三国,第一,↑
1283|孙悟空,干掉
1285|樊,仁,瑜
1285|曹,老板,点兵,听,真爽,印象,里,官渡,声音,真,激昂,霸气
1285|樊,仁,瑜
1286|不行,三万,骷髅,王打,刘备,十万
1287|人动,早,配音,画面,速度,没对,技术性,失误
1287|樊,尔登
1288|樊城,新野,襄阳,中间,绕过,刘备,樊城
1289|樊,仁,瑜
1289|土鳖,袁术,三万,起步,10,万
1290|bug,樊城,襄阳,一江之隔,新野,南边,设定,像是,新野,一江之隔
1290|位置,奇怪,樊城,襄阳,对岸,绕过去
1291|曹仁,外姓,将领
1292|樊,毛线,城,樊城,襄阳,一水之隔,特,绕过,新野
1292|大宝,备在,三造,大汉,以后,估计,没人敢,反,老,刘家,天下
1293|八门,金锁
1294|青州,兵,听,曹操,想交,交,出去
1294|老罗,不及格,地理
1295|吕旷,吕翔,两场,戏
1295|为啥,樊城,曹操,手上
1296|曹仁,外姓
1297|刘备,猜,外姓,将领
1297|常凯申
1297|徐庶,送,投,名状
1297|新野,熟人
1298|我要,睡
1299|算账
1299|罗贯中,地理,真的,差
1300|虎豹,骑
1302|退朝
1304|散,帐,架势,退朝
1305|刘备,PTSD
1307|武将,上朝,穿,朝服,不会,穿着,盔甲
1309|百官,恭送,曹丞相,出宫
1309|司马懿,其实,祖上,信,夏侯
1312|为啥,对话,散朝,说,笑
1313|曹操,派兵,樊城,樊城,襄阳,边上,曹操,北边
1313|樊城,何地
1314|上朝,开个,会
1317|交给,曹仁
1317|猜,剑,履上,殿,履是
1317|没,穿鞋
1317|这是,下朝,天子,难道,这时候,天子,礼仪,曹操,全员,反贼
1318|一句,曹将军,少说,应该,七八个,回头
1318|肯定,不能,穿鞋,猜猜,剑,履上,殿
1319|光遇,白鸟
1320|刘备,太,看得起,真,没有
1321|丞相,开府,正常
1322|山水,速疾来,易,襄樊,镇,固永难,开
1322|刚,胜仗,开心,笑容
1322|文聘
1323|曹,老板,多人
1323|太,看得起,这时候,刘备
1324|思想,迪化
1324|武将,力气,人大,超人,穿甲,会,累
1325|刘备,没有
1325|红衣服,武将,官服,黑衣服,文臣,官服
1325|新野,招兵,想取,许都,不先,西凉,马腾
1326|刘备,拉个,shi,觉得,刘备,要取,许都
1326|上铺,席子,穿鞋
1327|兄弟二人,盒饭,早已,热好,不得不,早图,doge
1328|吕翔,应该,下来,站,台阶,曹仁,曹洪高
1328|难道,曹丞相,不许,剑,履上,殿
1330|刘备,太对,活爹
1331|跟随,袁谭,投降
1332|芒来,老师,真的,忙,串,角色,王忠,高览,廖化,吕旷,后面,文聘,哈哈哈
1332|曹,老板,现在,朝廷,文武,大臣
1332|穿鞋,上朝,必须,特批,剑,履,殿
1333|二人,送
1333|一个,说,鲍信
1334|我俩,不想,活
1334|憋,送
1335|马上,没
1337|这下,寸功,没有
1337|←,上朝,曹操,魏王
1337|没,穿鞋,细节
1338|莫名,想起,伯约,丞相,大恩,维万死,不能,相报
1338|5000,对面,三个,高达,徐庶
1339|层层,转包
1340|认为,刘备,军队,训练,度,低
1341|曹仁,喜欢,送
1341|奔波,灞,唐僧,师徒,干掉
1341|相思
1342|放心,俩,很快,出名
1342|没,听,张飞,没,听,关二爷,5000,10000
1342|对面,打底
1343|五千,三万,五
1344|送
1345|可惜
1346|取,刘备,手机
1348|好好,上班,摆烂,不行,非要,作死
1348|戳,四万
1348|10000,10000
1348|别问,问,小怪,自我,修养
1349|知人者,智,自知,明,俩个,有智,无明,之辈,休
1350|万人
1350|飞飞,没错,一只,手,打发
1350|乌巢来,自信
1351|曹操,乌巢,5000,10000
1351|曹操,武将,抢功
1351|位,万人敌,就够,哥俩,喝,一壶
1351|送
1351|确实,攻城,起码,倍,兵马
1352|帽子,插,两个,羽毛,好萌
1353|可能,信,吕
1353|我先,休息,会
1353|出其不意,偷偷,进城
1353|四万人
1354|老,刘,率领,万人
1354|五千,想,四万多,关张,赵,皆,万人敌
1354|岂不闻,兵法云,半则,攻
1354|四万
1354|此事,新,三国,孙策,传亦有,记载
1354|三万人
1355|老,三国,这点,不好,魏国,武将,人均,杀猪
1355|四万人
1356|一万,应该,四万
1356|项羽,十个
1356|刘备,带万人守,城
1356|隐藏,万
1356|四万,羽,飞,两万
1357|讲个,笑话,真三国,无双,起源,里,没有,曹仁
1357|五万
1357|三万,变,两万五
1357|这俩,绑,一块,关张,赵中,一个
1357|曹营,其实,信息,透明度,不高,很多,敌方,误判,源头,曹操,没事,整花活,糊弄人,上面
1358|想,起来,fc,游戏,里,先,遇到,敌人
1358|不该,星夜
1358|经略,史,此言差矣,五千,兵攻,四万,之众,岂能,得利
1358|好样,精神,没,丢份
1358|刘备,亲,卫队,白,毦,兵,头上,羽毛,装饰
1358|特别,军事行动,doge
1358|自信
1358|杀青
1359|五千,三万多
1359|经验,包
1360|幻听,星夜
1360|万,说,万人
1361|杀,曹操
1361|千里,送,人头,礼轻情意,重
1361|bro,信吕,吕布
1361|毛宗岗,不耐杀,何苦,没事找事,做
1361|嘉靖,搞,谜语,曹操,搞,导致,智囊团,里,爱整,谜语,武将,宗亲,担心,开除,倒,没,这种,氛围,外姓,将领,之间,猜忌,为主
1361|四万人
1361|星夜
1361|曹仁,俩,过颜良
1362|曹操,行,行
1362|先送
1362|五千,小刀,手
1362|吕布,姓,吕,姓,吕
1363|曹仁,强
1363|他俩,是不是,觉得,性欲,吕布
1363|四口,将军
1363|先,破,刘,备
1363|转瞬即逝
1364|明明,万人
1364|星夜,兼程,赴,新野
1364|转瞬即逝
1364|曹操,阵营,确实,没,看过,吵架
1364|老,三国,运镜,幽默,转瞬即逝
1365|这一下,万,骑兵
1365|已经,没
1365|三万,骑兵
1365|斗志,表现,表现,一下
1366|指正,星夜
1366|星夜
1366|笑,死,起源,里,八门,金锁,镇,曹仁,换成,夏侯渊
1366|万,精锐
1366|转瞬即逝
1367|光速,去世
1368|最强,天团
1368|三万,个人
1368|迎面,走来,三万人
1368|关羽,张飞,张云,皆,万人敌,三万,骑兵
1368|万人,四万人
1368|两个,人头
1369|关羽,这身,真挺帅
1369|转瞬即逝
1369|十日,十日,可破,舒城
1370|哈哈哈,哈哈哈
1370|弹幕,护体
1371|接近,30,万,99999
1371|转瞬即逝
1371|三万,骑兵,嗷嗷
1371|新兵,刚,招,没,战斗力
1371|铠甲,声,听,迷糊
1371|妈呀,徐庶,好帅
1371|三个,万夫不当
1373|哈哈哈哈,三个,高达
1374|自信,侠
1374|大军,哥师
1374|捅,一万个,透明,窟窿,此言,不虚
1375|迷,自信,关羽,张飞
1375|那好,大哥,大哥
1375|转瞬即逝
1375|我们仨
1376|子龙,大哥,军师
1376|害怕
1376|这俩,为啥,徐庶,没,意见,诸葛亮,意见,很大
1377|子龙,大哥,主公
1377|赵云,喊,大哥
1377|盔甲,声音,真,好听
1378|全面战争,算法
1378|徐庶,游侠,出身,家境,关张,脾气
1379|二吕,能干
1379|转瞬即逝
1380|三万,骑兵,步卒,若干
1380|难怪,刘备,迟迟,找,军师,原来
1380|转瞬即逝
1380|赵四
1381|老三,大哥,吕旷,全家
1381|转瞬即逝
1381|铝框,铝箱,配有,战斗,画面
1381|诸葛亮,太,年轻,三顾,关张,不爽
1381|转瞬即逝
1381|赵四
1381|子龙,大哥,军师
1381|徐庶,游侠,自然,性格,武将,更,合得来
1382|亖
1382|转瞬即逝
1382|徐庶,没有,诸葛亮,难请
1384|赵四来
1384|一个,镜头,没有
1384|死,台词,里,多惨
1384|融洽,气氛
1384|徐庶,爽快,亮子,试探,刘备,请,多次
1385|隔壁,张,野人,直接,报,名字
1385|转瞬即逝
1386|吕旷,吕,翔,我军,倍,敌军,包围,曹将军,赶快,伸出手,拉,兄弟,一把
1386|赵云,未谱,金兰,正史,两个,全刺
1386|徐庶,一是,草根,游侠,出身,二是,主动,投效,三是,年纪,相仿
1386|哈哈哈哈
1386|转瞬即逝
1386|老三,镜头,切换,有点,东西
1388|天才
1388|哈哈哈,哈哈哈哈
1388|诸葛亮,摆,不少,架子
1388|这得算,工伤
1388|天才
1389|石味,上来
1389|二桃杀三士
1390|哈哈哈
1390|大哥,军师
1390|转瞬即逝
1390|打史,嗝,打史,嗝,跺脚
1390|吕旷,吕翔,杀,哥俩,抢功,得加,钱
1390|元直,亮子,请,多次,年轻,肯定,不服
1391|天才
1391|哈哈哈哈
1391|关羽,三个
1391|二吕,没错,俩,桃子
1391|关张,往前,赵云,射箭,箭头,关羽,吸走
1391|飞飞,公主,脆皮,随手,豁,楞,一下,倒地不起
1391|每日,史嗝
1391|徐庶,主动,投,尊重,刘备,集团,张飞,可能,尊重,徐庶,本事,张飞,敬重,这种
1391|出院
1391|哈哈哈哈,天才
1392|俩,桃子
1393|转瞬即逝
1393|吕矿,吕翔,式,曹,老板,手底下,几十个
1394|二吕,知道,人身,中,一万,枪,死,自豪
1394|转瞬即逝
1394|二桃杀三士
1394|老子,岂能,认,这种,做,二哥
1394|救命,救命,忘不掉
1395|吕旷,吕翔,转瞬即逝
1395|每日,一史
1396|忘不了,新,三
1396|俩,兄弟,瞬间,领了,便当
1397|打嗝
1397|二吕,坏,装,过头
1397|转瞬即逝
1397|军师,有点像,上错,花轿,嫁,郎,师傅
1398|漂亮,三弟,衣服
1398|寸功,未立,转瞬即逝
1398|三万人,坐
1399|屑,大哥
1399|三爷,披风,有个,卦
1402|新,三国,哈哈哈
1402|犯,新野,疆土,备必击,破
1403|转瞬即逝
1403|原版,老,三国,中,之间,铝框,吕翔,刚,说完,直接,剪到,张飞,说话,镜头,二位,老哥,转瞬即逝
1404|徐庶,这身,好帅
1405|刘备,表情,特别,诸葛亮
1405|转瞬即逝,代表
1405|交代
1405|时期,铠甲,好看
1405|屡旷,屡降
1407|徐庶,打扮,老是,一种,他会,法术,感觉
1407|转瞬即逝,二人
1408|大酱
1408|两,猿,酱
1408|计,直接,硬刚
1408|刘备,一睁大眼,好像,诸葛亮
1408|一计,派,关张,赵,他俩,单挑
1408|刘备,不用,动脑,真爽
1409|损失,两员,大将,爱,死
1409|损失,两元,大酱
1409|两元,大酱
1410|计,夸,一下
1411|岂可,修
1411|转瞬即逝
1411|二爷,穿甲,后帅
1411|一计,指,三爷,子龙,一人,收拾,一个
1411|其实,曹操,心痛,武将,典韦,夏侯渊,死
1411|元直,体验,卡,可惜
1412|大酱
1412|大将
1412|转瞬即逝
1413|寸功,未立,二人
1414|大酱
1414|兄弟,交代
1414|徐庶,这身,衣服,好好看
1415|吕旷,吕翔算,哪门子,大将
1416|二爷,黑色,披风,帅
1417|曹操,帮,腾出,两个,候位
1419|徐庶,将领,关系,不错
1419|春秋,还算,讲礼,如今已是,东汉,末年,诡诈,之术,不厌其烦
1419|曹仁,下来,战书,约,明日,决战,迎战
1420|刘备,不用,脑子
1421|皇叔,首次,品尝,拥有,外置,大脑,滋味
1421|奈何
1422|吕旷,吕翔,袁谭,手下
1423|woc,原来,军师,爽
1423|演义,后面,剧情,对话,综合,来看,徐庶,诸葛亮,同一,档,自谦,可惜
1423|吕旷,河北,大战,临阵,秒,实力,下限,不低
1423|这俩,概率,曹操,派,过来,试探,看看,实力,咋样,知道,厉害,打算,亲自
1424|徐庶,穿,道袍
1424|元直,魅力值,服众
1425|备备,停止,思考
1426|不会,死光,五千,人大,概率,打散,曹仁,回头,收拢,收拢,整回,3000,至少
1427|优势
1428|四万,李云龙,直接,许昌
1429|啊啊啊,红红火火,恍恍惚惚
1430|舰队,规模,惩罚
1431|优势
1431|友徐,庶,确实,不用
1431|刘备,赢,现在,骄兵
1432|徐庶,优势,上去
1432|数学
1432|刘备,胜仗,已经,成,骄兵
1432|现在,刘备,进入,动脑子,人生,轨迹
1432|大小
1433|胜兵,必骄,骄兵必败,doge
1433|真会算,怪不得,H20,小时
1433|优势
1433|优势
1434|优势
1434|合计,徐庶,消,debuff,被动
1434|满减
1435|万,万,优势
1435|捕捉,社,玩家
1436|先去,采,灵芝
1436|buff,消除,debuff
1436|搁,这练,技能,说
1437|小兵,是不是,演过,铁道,游击队
1437|小兵,张辽来,人称,浪里白条
1437|高,维修,费用
1438|哨兵,赤壁之战,张,辽
1438|曹操,你子,龙,一个,干,50,员,将领,说
1438|群演,好像,李小龙,传奇,黄皮,小子
1438|张,辽,张文远
1438|数学,算,经略,算术,奇才
1438|文远,何故,叛逃
1438|曹仁,顶个,几千
1439|合理
1440|张,辽
1440|祸事
1441|李典,算,五万,兵,加,起来,七万,五,doge
1441|真是,张,辽
1441|bug,太大,樊城,新野,南边,挨着,刘表,襄阳,曹仁,中间,夹
1441|经略,史算,真,下次,算了
1442|李典,五万,大军
1442|火烧,新野
1442|pl,彭亮
1443|张,辽,化装,成,小兵,前来,刺探,军情
1444|三国志,第一关
1444|李典,精兵,五万
1444|张,辽,赤壁,形态
1445|←,李,典,可不是,五万,兵,五万,精兵
1446|f1,f3
1446|张,辽,通敌
1446|火烧,新野
1451|石,特派员,说得对
1452|老罗,地理,差,新野,樊城,北边
1452|浪里白条,张顺
1452|防守,大神,攻击,没
1453|襄阳,樊城,隔河相望,老罗,地理,bug
1455|樊城,荆州,隔,一条,河
1455|架,高达
1455|大宝,备,原来,玩
1456|战术,转换,家
1456|偷家
1457|徐庶,换家
1457|其实,有个,bug,真的,现实,樊城,应该,新野,后头
1458|第一次,樊,尔登,大战
1458|顺便,已经,500,年,灵芝,采了
1458|不采,黑里,透红大,灵芝
1458|不去,许都
1458|解释,换家
1460|偷家
1460|偷家流
1460|孙哥,战术,换家
1461|换家
1461|灵芝
1462|关张,徐,初始,态度,诸葛,初始,态度,可能,毛遂自荐,三顾茅庐,缘故
1462|关张,初,即服,徐庶,不服,诸葛
1463|元直,穿,一身,道袍
1464|两万,一千,兵马
1464|直呼,名字,骂人,徐庶,一点,礼貌,懂
1466|俩
1466|樊,尔登,绷,不住
1466|刘备,妙,没想到
1466|肯定,关系,一个,大哥,费劲,请来,哈哈哈
1466|第一次,樊城,之战
1467|两万,一千,兵马
1467|关羽,樊城,最近,一次
1467|关羽,快乐,城
1467|徐庶,这人,自谦,张飞,眼里,诸葛亮
1468|换家
1468|徐庶,游侠,更能,处,关系
1468|徐庶,游侠,风范,关张,佩服,诸葛亮,家里,上门,请,关张,觉得,太,狂妄
1468|是因为,徐庶,之前,行侠仗义,文武兼备,武将,胃口,正常
1468|设定,成,宛城
1468|徐庶,随和
1469|关张,赵,换,带,一千,兵,攻城,送
1469|两万二
1469|万,派
1469|w1
1470|樊城,是不是,现在,襄樊,湖北,老哥
1470|21000
1470|三顾茅庐,两,兄弟,觉得,孔明,架子,有点
1471|三顾茅庐,徐庶
1471|万
1471|徐庶,诸葛亮,装,三顾茅庐,故弄玄虚
1471|决战,樊,尔登
1471|这会,离拉,徐庶,入伙,一段时间
1472|刘备,万人敌,兵,万,无敌
1472|诸葛亮,摆架子,折,大哥,面子
1472|徐庶,年少时,习武,游侠,出身,二爷,三爷,处
1472|徐庶,名士,游侠,之风,关张,合得来,融合,很快
1473|万,兵马
1473|不得不,说,徐庶,真的,综合,能力,很强,谋士,武力,不低,武将,处,关系,可惜,曹操,诓,走
1473|元直,侠客,名望
1474|相处,模式,徐庶,更,武人,孔明,更,士人
1474|纸上,写,灵芝,城墙,位置
1474|张飞,看看,计
1475|徐庶,没,架子
1475|徐庶,约等于,捡,更,兼,侠义,之气
1475|有元直,身上,游侠,气质,毕竟,十几岁,杀,狠,角色
1476|老徐,二爷,三爷,共同话题
1476|诸葛亮,年纪,太小,俩,可能,看不上
1476|马扎,新,三室,学
1476|细节,老,刘,带兵,万,无敌,一共,一万,兵,关张,带,出去,一千,剩下,九千
1477|樊,仁,瑜
1478|灵芝
1478|长镜头,元直,啥时候,写,计策
1478|徐庶,想到,提前,计划,写
1478|防止,泄露机密
1479|关羽,到家,家
1480|关张,诸葛亮,徐庶,态度
1480|难怪,襄阳,人士,总共,感觉,怪怪的,樊城,归属,曹操,夹,新野,襄阳,之间
1480|没,错
1481|诸葛,年纪,三请,大哥,受委屈,关张,带,气,徐庶,游侠,刘备,历史,以前,当过,游侠
1482|老,三国,关张,赵对,军师,相当,尊敬,新,三国,刘备,军师,真难,天天,霸凌
1482|老罗,小子,想,蛐蛐,地理,不好
1482|徐庶,自荐,上门,孔明,天大,面子,请来
1483|关羽,几次,没,樊城,下来
1484|蜀汉,集团,真,奇缺,人才,正史,里,徐庶,曹操,简雍,孙乾,一个,档次,刘备,智囊
1484|元直,刚烈,性子,二爷,三爷,对味
1485|子龙,镜头,赵云,写,脸上,不派
1485|子龙,真帅
1485|徐庶,游侠,混,江湖,会,武功
1486|应该,博望城,好点,樊城,襄阳,一江之隔,算,新野,夹,中间
1487|罗,老师,地理,指定,有点,问题
1489|关张,主要,是因为,三顾茅庐,不爽,后面,诸葛,关系,不好,跟游,游侠,关系
1491|麦克阿瑟,向南,进攻
1492|徐庶,毛遂自荐,诸葛亮,刘备,三顾茅庐,两,兄弟,肯定,受不了,气,看不起,诸葛亮,徐庶,同龄人,诸葛亮,二十多岁,徐庶,保留,游侠,气质,杀过,符合,三,兄弟,风格
1492|徐庶,自荐,肯定
1494|不用,拒,换家
1494|刘备,动脑子
1496|樊城,摘,灵芝
1497|樊城,襄阳,汉水,北岸
1498|子龙,真帅
1498|子龙,真帅
1499|破,八门,金锁阵
1500|徐庶,天生,匹配,刘,关张
1500|总,预备队,赵子龙
1501|爽,随便
1502|子龙护,叔宝,军师,说好
1504|保安大队,长
1504|子龙护,叔宝,军师,直呼
1504|直呼,名字
1505|点将,直呼,名字,知道,喊
1506|子龙,真,要计,有计,忠诚度,武力,值拉满,说话,听,乱来
1506|完成,领导,安排,事务
1508|曹仁,之众,仅子龙,一人,足矣
1508|喜欢,真实,一场,单挑
1509|最强,保镖
1509|英气,风发
1511|总,预备队,不动
1511|要说,打仗,三个,厉害,要说,听话,子龙,一个
1511|八门,金锁,阵来
1511|八门,金锁,阵来
1512|正史,子龙人,人品,满分,大宝,备,贴身,保镖
1512|←,现在,交战,之时,正经,工作,没,必要,繁文缛节
1512|总,预备队,不动
1513|冲锋陷阵
1513|说,直呼,名字,点将,大名,这是,正式,场合
1514|真三国,无双,起源,八门,金锁阵,不动
1514|留下,万多
1515|阿三,三角,阵
1515|高,达,一号,大破,八门,金锁阵
1516|子龙,正史,保镖,子龙,人好
1519|赵云,老,护卫
1519|死亡,螺旋
1524|马,曹,出操,操场,操马,马,吃,马草
1527|哈哈哈
1527|新,三,不用,动,会转,起来,干脆,陀螺,阵得
1527|车悬阵
1527|真,明白,新,三,没,永动机
1529|站着不动,够,难受,联想,一下,以前,上学,活动,站,下边,听,校长,讲话,一个,小时,下边,已经,骂娘
1529|没,办法,新,三,编导,没有,常识,是不是,人类,说
1529|中学生,跑操
1530|领导,见,手底下,闲着
1530|新,三国,还特,全是,披甲
1530|一直,看着,会先,累死
1530|原著,里,是因为,曹仁,身边,没有,变阵,法师,公孙胜,整个,阵法,僵硬
1531|跑操,阵法
1531|新,三国,跑,轰,战术
1532|全校,跑操,阵
1533|新,三,突出,一个,眼睛,饱,行
1533|晕,阵
1533|碧血剑
1536|鼓号,太,气势
1536|问,帅,不帅
1536|热身
1536|没事儿,溜达
1536|小兵,举着,二爷,大刀,迷惑
1537|新,三,八门,金锁阵,冲阵,阵破
1538|金锁
1539|握奇经,·,风,八阵图
1539|金锁,偷税漏税,封杀
1539|新,三国,全员,呐喊,打仗,之前,喊,一个,时辰
1540|无双,起源,是不是,挺,还原,看着,蛮帅
1541|金锁,还珠格格,里,范冰冰,演
1544|无双,好几代,八门,金锁阵
1544|金锁,披,香殿,里
1545|金锁,挂,宝姐姐,脖子
1545|跑,累,哀,哀兵必胜
1546|敌不动,乱动
1546|小看,起源,光荣,三国,研究,特别,透
1547|起源,没,曹仁,八门,金锁,总,感觉,怪怪的
1547|合订本
1548|金锁,张纪中
1548|演员,骑着马,真,戳
1549|刘备,城墙,穿,铠甲
1549|金锁在,苹果,里
1550|其实,走时,没事,古时候,没什么,交通工具,百姓,全靠,走,一走,两三个,时辰,跑,起来,特别,全副武装,跑
1550|新,三,热身运动
1551|这才,真,马戏
1556|这种,打斗,无锡,三国,城看
1556|最多,三门,哪来,八门
1559|魔鬼,筋肉,仁
1560|李典,曹子孝,看着,顶不住
1562|三国群英,传,里面,八门,金锁,确实,人动,不了
1563|小兵,免费,打架
1563|真三,起源,回归,原点,参考,老,三国,取材
1565|前边,说,不错,无锡,三国,城,马战,表演,好看
1565|弓箭,一射,破
1567|这是,李典,赵云
1569|牢庄,曹仁,铁粉,不想,曹仁,吃,瘪,大概
1569|这才,打戏
1569|新,三,看不到,马
1569|敌将,李典,吾,脱,衣
1570|确实,起源,应该,参考,阵
1570|李典,猛将,赵云,回
1570|←,曹,仁,五万,一万,人帮
1571|追着
1571|李典,曹将军,干,看着
1572|无人机,航拍,一下,阵型
1572|占领,无人区
1575|李典,尽力
1575|弓箭,一射,破,意思,守城,方,没有,弓箭,守城,方,弓箭,占据,城墙,居高临下,射,更准
1576|难怪,说,金甲银,铠,太阳光,一照,真,光泽
1576|正确,李典,5000,兵
1577|主要,赵云,没怒
1577|西式,骑枪,对决,马战,简化版
1578|能和子,龙过,多招
1578|真,马战
1579|李典,跑,挺,厉害
1580|主要,李典,不善言辞,没有,触发,云大怒,挺枪,跃马,连段
1581|小兵,vip,前排,位置,观看
1581|徐庶,游侠,武力,猛,主动,不像,诸葛亮,三顾,关羽,张飞,胃口
1581|还帅,这马,跑
1582|这是,李典
1582|没,触发,云大怒,分,分钟,秒
1583|不愧,曼城
1583|李典,汝南,扫,山贼,单骑,冲阵,生擒,敌,下限,接近,赵云,下限
1583|糟,云未怒
1584|部将
1584|李典,第一关,boss
1584|吞食天地,里面,李典,第一关,boss
1584|李典,精兵,五万
1585|李典,开玩笑
1585|李典,五万
1586|李典,魏延,前面,压着,五子,五虎,老六
1586|长坂坡,过后,以后,吹,doge
1586|李典,名将,能力,不弱
1587|李典,武将,三国,杀,血,插画,原因,一直,文官
1587|李典,步兵,曹操传,doge
1587|没有,云大怒
1587|毕竟,第一关,boss
1588|李典,诈败,引诱,赵云
1588|赵云,被动,没,触发
1588|原著,李典,赵云,打过,十几,合,估计,后退
1589|李典,武力,83,不错
1589|每日,一史
1590|西川,李典,站
1590|李典,四血,武将,认可
1590|曼城,石油,钱
1591|李典,乐进,猛将,特别,乐进,一直,塔塔开
1591|后来,吴国太,说,来者,莫非,当年,万军,丛中,怀抱,阿斗
1591|李典,当年,吕布,交,过手
1591|李典,毕竟,打过,吕布,加上,典,韦许,褚,两,夏侯,乐进,总共,六人
1591|众将,死战,非吾之功
1591|李典,厉害
1593|曼城,不愧,英超,霸主
1593|五子,良将,吃干饭
1593|太帅,赵,将军
1594|李典,文武兼备
1594|三国志,吞食天地,第一关,boss
1594|对面,现在,输,哀兵,哀兵,必胜,新,三国,说法
1596|后面,不动,说好,率军,掩杀
1596|李典,应该,算,儒将
1596|李典,成五子,良将
1597|李典,五子,良将
1597|李典,老子,当年,新野,赵云,十余,回合,全身而退
1598|李典,本来,厉害,人称,文武双全
1598|毕竟,第一关,BOSS
1599|五子,良将,隐藏,第六
1599|李典,可不是,五子,良将
1600|高览,许褚,半天,不分胜负,遇到,赵云,照面,带走,李典,许褚,高览,dog
1600|李典
1601|第二套,全国,中学生,广播体操,时代,召唤
1601|玩,街机,第一关,BOSS,李典,doge
1601|已经,一万多,掩杀,过来
1602|主要,没,发动,云大怒
1602|800,虎,奔,孙权,李典,张,辽
1605|李典,夸,夸,心里,挨,回合,清楚
1605|整肃,变阵
1605|曹仁,压阵,可能,李典,赵云,十几,回合
1606|李典,厉害,老,同事,闹矛盾
1606|子龙,标枪,队
1606|快,开灵鸟,之眼
1609|凭此,八门,金锁,阻
1609|朱灵,文聘,李典,满宠,争五子,良将
1609|用灵鸟,之眼,找出,破绽
1613|挑阵口,没,火炬,进
1613|灵鸟,之眼,找,不同
1614|瞎,跑
1614|阵法,本质,以己,之长,攻敌,短,高效,轮换,阵,主要
1614|曹仁,帅才,防守,强
1614|满宠,整五子,良将
1615|找不出,不来,一头,扎进,死门里
1615|扬雾,运动
1616|李典,部曲,本来,战斗力,高
1617|曹仁,武力,李典,高,不了
1617|疑问,对面,硬,攻城,难,为啥,一定,出去,对面,坚守,不出,不行
1618|没看,赵云,一直,追着,李典,跑,挡,正面,硬刚
1618|李典,真正,厉害,性格
1618|城上,俯瞰,阵中,视角,人数,过千,无边无沿,破阵,主将,位置,找,不到
1620|紫鸾,何在
1620|笑,死,曹仁,二爷,打秃噜,之前,一直,破阵,勇
1620|曹仁,号称,步,战,无敌,遇到,二爷,打成,乌龟,觉得,防守,强
1621|新,三,曹仁,没脑仁,妥妥,问灵
1621|赵云,要开,无双
1621|七门,八卦阵,九岁,便,10
1622|曹仁,历史,上以,勇猛,突击,著称,樊城,二爷,打成,防守,名将
1622|赵,将军,快,开灵鸟,之眼
1622|曹仁,干过,十几,破,数百,活
1623|曼城,踢,英超,跑,东汉,作,甚
1623|曹仁,后面,赤壁,周瑜,围困,江陵,曹仁,多次,冲阵,吴兵,大败
1624|说,曼城,球迷,真是,倒,反,天罡,上千年
1624|李典,字,曼城
1624|张曼成
1625|李典,字,曼城
1625|李典,曼城,球迷
1625|前面,笑,死,看看,正史,曹仁,进攻型,将领,遇到,关羽,之后,变成,防守型
1626|曼城
1626|全名,曼彻斯特,城
1627|要取,樊城,正面战场,没,办法,应对,我能,吃掉,兵,扔,道理,转,过来
1627|曼城,曼联
1628|没点,实力,敢,张,辽
1629|李典,算,文武双全
1630|李典,字,曼彻斯特
1630|布阵,类似,技能,纯,守城,对面,能用,围困,困死,布阵,打能,直接,打废
1631|李典,字,曼城,李典,哥哥,字,曼联
1631|只待,城里,防守,说明,认,怂,示弱,会,打击,防守,方,士气
1632|赵云,阵法,叽里咕噜,说,全宰,赢
1634|曹仁,前期,进攻型,后面,二爷,水淹七军,变,防守
1634|三国,无双,第一关
1635|看似,四人,挥军,掩杀,实则,一万,零三,大军
1635|曹仁,碰见,关羽,前,勇猛,型
1636|曼城,败
1638|解密,小游戏
1638|bgm,白骨精
1638|掩护,偷袭,樊城
1638|赵云,一力,降十会
1640|全面战争,里面,拉兵牌
1642|守,樊城,守,曹仁,发现自己,守
1642|五子,良将,张,辽,徐晃,于禁,乐进,张,郃,应该,没有,李典
1642|徐庶
1642|赵云,真的,太强,阵法,挺,枪,冲进去,杀,穿了
1643|曹仁,没,见到,二爷,进攻型,后面,懂得,懂,现在,游戏,里,没个,盾牌,认不出,子,孝,哈哈哈
1644|曹仁遇,水则化
1644|大量,敌人,包围,压迫感,太,可怕
1645|太平,之要,快,开眼
1646|赵云,玩意,花里胡哨
1646|有点像,总舵主,冲进去
1647|老,三国,兵,群演,军队,演,听说
1647|阵法,厉害,几千,困住,一万多
1648|曹仁,前期,野战,冲阵,无敌,遇到,关二爷
1649|坏,军师,根本,认识,阵法
1649|李典,早期,股东,进五子,简直,侮辱
1652|李典,号称,姜维
1652|解放军
1653|感觉,最累,马上,抬棋
1653|暂停,鬼,地方
1656|man
1657|解说,这阵,转动,起来,轮换,每个,一下,一击,秒杀,会,生生,拖死,赵云,其他人,一个,没
1658|没事,兵,三人
1658|man
1660|say
1660|man
1660|曼巴,精神
1660|srds,旗语,看得见,尘土,挡,视线
1661|man
1662|man
1662|执旗,小兵,左手边
1663|TM,听,得到
1664|听见
1666|毕竟,ssr
1667|此为,范冰冰,开,八门,不可,力敌
1669|哈哈哈哈,一个,小圈圈,士兵,小步,跑
1671|先,鸣金,科普
1671|丢,手绢
1673|生杀,休杜景,死,惊开
1673|已经,接阵,跑,挨打,新,三,没,小兵,转圈
1673|应该,部署,投石机
1675|看个,嘚
1675|跑,圈
1676|不太好
1676|后来,曹操,文臣武将,家人,迁到,邺,城,李典,第一个,响应,全家,搬,邺,城
1676|老,三国,停,解说
1678|八门,金锁阵,绝妙,之处,先跑,圈,绕,晕
1678|直接,开死门,夜凯,滑稽
1678|主公,请,赵云,进攻,傻,跑,跑,累死,再攻,岂,不美哉
1679|车轮战
1679|起源,玩家,路过,游戏,里盾,兵,无敌,堵死,路过
1681|知阵名,不知,阵法
1681|这阵,赏心悦目
1682|音响,无所谓,我会,出手
1682|此为,七门,八卦阵,九岁,便十得
1683|不好,快关,音响
1683|虽未谱,金兰
1683|敌人,进阵,浪费,体力,运动,起来,寻找,敌人,破绽,弱点,杀,还省,体力
1683|子龙,没事,放,BGM
1685|子龙带,音箱,冲入,阵中
1685|手红
1685|子龙,音响,能输,doge
1686|个人,弄,复杂,阵
1686|田,国富
1687|子龙,戳,一个,小朋友
1687|强打
1688|长坂坡,音乐,前奏
1689|赵四,年轻,免疫,阵法,陷阱
1690|导演,擦,加个,buff,云哥别,下线
1690|无双,时刻
1690|子龙入,阵曲
1690|机制,干,数值
1690|无聊,七进,七出,会,几个,想,拖,累
1690|四个,一万,零四个
1690|阵是,组成,全给,杀,破阵,真是
1690|四个,带,兵,冲散,杀,干净,好好看
1691|硬干,就行了
1692|子,龙牌,割草机
1692|赵云,音响,打开
1692|赵云,BGM,里,无敌
1692|诶,老,三国,杀,群演
1692|子龙,bgm
1692|损失,群众演员,数名
1693|子龙,直接,开,无双
1693|龙胆,破阵
1693|子龙,我全,撅
1694|子龙,硬解
1694|凭此,八门,金锁,阻
1694|得胜
1694|八门,金锁,万人敌,直接,平推
1695|徐庶,叫停,后续,部队
1695|BGM
1695|能进能退,真正,法器
1696|一段,奇缘,做,非常,不错
1696|这才,真实,小兵,可能,全甲,生产力
1696|特么,阵,杀,完
1696|绝对,数值,面前,机制,怪,白板
1696|卢俊义,破,阵法,启动
1697|阿斗,四叔,没,不行
1698|BGM,虽未谱,金兰
1698|凭此,八门,金锁,阻
1698|赵云,到底,金,龙胆,炎凤,砸,兵,困,不住
1699|高达
1699|旋,灯火,开,起来
1699|回,新野,怕,子龙,带个,三个,兵,冲击,对面,几万人
1699|白袍,将军,太漂亮
1699|得胜,走
1700|冲阵
1700|曹仁,数值,怪真,难困
1700|小兵,花生
1700|子龙,爱桶,小兵
1701|龙胆,冲阵
1701|子龙,bgm,我会,输
1701|bgm,真,带劲
1702|赵云,被围,单驱,骑,发动,全,属性,增加
1702|力大砖,飞
1702|真正,三国,无双
1703|士兵,将军,弃,我乎
1703|妈呀,打戏,看着,纪录片
1703|子龙,花里胡哨
1703|子龙,应该,抱,阿斗,出战,战力,加倍
1704|子龙,扛着,音响,冲阵
1705|集子,龙是,真的,帅
1705|龙胆,冲阵
1705|得胜
1706|龙,战于野,其血,玄黄,龙,战于野,龙,战于野,龙战,绝境,之中,亿线,生机
1706|这有,大量,群演,主演,会,骑马,观感,真
1706|一力,降十会,力大砖,飞
1706|子龙,被动,洞察
1707|赵云,破阵,乐
1707|赵子龙,数值,操作,好不好,细节
1708|这时候,赵云,没带,阿斗,战斗力,不高
1708|子龙,技能,不错,数值,怪
1709|开,无双
1709|一力,降百阵
1709|赵云,搁,玩,骑马,砍杀
1711|杀,群演
1711|赵云,花里胡哨,F2A,完事
1711|赵云,专属,bgm
1711|阵法,滴,赵云,里面,随便,溜达
1711|数值,碾压,硬解
1711|赵云,换,其他人,估计,死,里面
1712|子,龙子龙,世,无双
1712|骑,砍,不能,杀
1712|匹马单枪,出,重围,英风,锐气,敌,胆寒
1712|子龙,主公,有事,喊,回去,听听,干,随意,游走
1713|BGM,听,真爽
1714|没,听,千军易得,一将难求,弄死,一个,大将,己方,损失,点,小兵,完全,赚
1714|子龙,杀,慢点,演不下
1714|力大砖,飞
1715|刘氏,狮吼,功
1715|赵云,子不龙,隔,远,听,不到,喊
1715|以前,bgm,真的
1715|子,龙子龙,世,无双
1716|长坂坡,预演
1717|数值,碾压
1718|全靠,数值
1718|一到,这时候,知道,关张,赵,数值,第一
1718|子,龙子龙,世,无双
1718|真,尼玛,帅
1719|徐庶,不用,计策,子龙,快,杀,完
1719|子龙,长坂坡,我七进,七出,没怕
1719|触发,无双
1720|虽未普,金兰
1720|刚才,是不是,两匹马,撞
1720|理论,赵云,手下,兵,被困,阵中,画面,里,赵云,敌阵,开,无双
1720|子龙,不语,一味,杀
1721|快,阿斗,拉来,匹夫
1721|完,云大怒
1721|喊,赵云,有点,方向感
1721|玄武,无双,开开
1722|子龙,双手,长矛,带,挥砍,属性
1722|听听,像是,被围,bgm
1722|刚才,是不是,喷火
1722|长坂坡,热身
1723|阵法,作用,分隔,冲散,敌军,阵型,化整为零,以多,杀少
1723|阿斗,扔下去
1724|开,无双
1724|子龙,这比,长坂坡,差远了,场面
1724|下令,杀,完
1724|徐庶,鸣金,子龙,杀光
1724|真的,太帅,子龙
1724|开,无双
1725|全战,三国
1725|开,无双
1725|损失,两个,百战,亲兵,心痛
1726|我冲
1726|数值,魅力
1727|紫龙,快,使用,庐山,升龙,霸
1727|子龙,发送,技能,冲阵
1728|破其阵,眼
1728|子龙,龙,帝王,之征
1729|四个,冲阵
1729|豁
1730|牢庄,估计,高强度,一集,游戏,里,还原,八门,金锁阵
1730|长坂,单骑,救主,练习,副本
1730|魏延,新野,部曲,出身,说不定,魏延,后期,将军
1731|扎草人
1732|子龙,此阵,能力,敌,不可,智胜
1733|先,拔牙,门道
1734|马,应该,甲
1735|砍瓜切菜
1735|难怪,长坂坡,七进,七出,原来,曹仁,已经,练
1735|先杀,抗旗,没有,目标,会,混乱,起来
1736|细节,军旗,士气,崩溃
1736|为啥,鸣金
1737|数值,怪克,机制
1737|子龙,忘,军旗,抢,回来,万万不能,丢
1738|兵可败,旗帜,不能,丢
1739|高达
1739|巧,一周,目,杀,震惊,徐庶,整年
1740|头可断,血可流,帅旗,不能,丢
1740|拿旗
1743|子龙,哪有,挂,全是,努力,汗水
1744|赵云,要举,旗子,跑,兵,跟着,走
1744|全是,数值
1745|子龙,单人,冲阵,buff,加成
1748|徐庶,早,说,高达,害,担心,半天
1748|云,曹兵,王源,丁真,二,杀入,阵中后,升起,一片,烟雾
1749|说,小兵,为啥,一直,跑,原来,激起,尘土,淹没,视野
1749|七进,七出,初现,端倪
1749|尘肺病,算,工伤
1750|子龙世,无双,变奏,厉害
1752|带个,罗盘,两点,之间,直线,最短
1753|反正,看不见,干脆,混进去,一起,跑
1754|开灵鸟,之眼,快
1754|虽未谱,金兰,前生,信,有缘,忠勇,付,汉室,情义,桃园
1756|这时候,丹阳,白,毦
1756|完克,粉尘,过敏,患者
1758|环保
1759|子龙,封烟,扔,闪
1760|带,几个,小兵,hhh
1760|赵云,居然
1760|带,兵马,加上,刚好,一个,取经,队伍
1760|自刎,归天
1762|心痛,跟着,亲兵
1762|损失
1763|只用,500,骗,曹仁,士兵,筋疲力尽,500,弟兄,全死,值
1763|所率,兵马,马
1764|是不是,赵云,统兵,损失,最大,一次
1765|赵云,真猛
1765|带,三个
1765|士兵,将军,弃
1765|三个,兵加,赵云,平手
1766|备备,万人,损失,三人,无妨
1767|带,个兵
1767|纠正,乌丸杂,胡骑,曹操,击败,踏顿,收编,精锐,骑兵,后来,牵招,刘备,刎颈之交,和田,豫,原是,刘备,部下,曹操,统领,刘备,士兵
1767|带,一万,回来,不行
1767|一万,零三,伏击,逃出来,一万,猛
1768|刘备,没事,回来,一万,人嘛
1768|一万步,这波,还算胜
1768|别搁,乌丸杂,胡骑,拢共,不到,一千,平原,没,补充,过去,快,二十年,剩,几个
1769|快,哭,心疼,兄弟
1770|活着,做梦,梦,笑醒,死,三千,兵算,三万
1770|2000,老,兄弟,doge
1771|白耳,精兵
1771|人生
1771|乌丸,杂糊,骑,总能,想象,成,丸子,汤,糊糊,食物
1771|两千个,老,兄弟,纠正,doge
1772|万个,老,兄弟
1773|刘备,下面,瓦良格,精锐
1773|精锐,关张,赵
1773|UAV,online
1774|二,万个,老,兄弟
1774|500,笑,刀手,精锐
1774|老,近卫军
1775|我子,龙部曲,重要,555555
1775|白,毦,兵,前身
1775|三个,亲兵,加,赵云,一群,八卦阵
1775|2000,561
1775|死,死,值
1777|一万个,老,兄弟
1777|老,近卫军,出动
1777|老兵,不分,做,新兵,伍长
1778|纠,四方,精锐,非一州,所长
1778|乌蒙,磅礴,走,泥丸,骑兵
1778|冲阵
1778|那俩,亲兵,留到,后期,魏延,廖化,马岱,级别
1779|2000,班长
1779|骑兵,环形,骑射,可破,此阵
1780|傅士仁
1780|陈到,特种兵,组织
1781|老夫,放,坦克
1781|这会,已经,没
1781|无所谓,诸葛亮,马上,变,十万,精兵
1781|长坂坡,之前,赵云,没,出名,曹仁,不能,想着,两万人,困住,赵云,加个,零,不够
1784|五百,小刀,手
1784|坚守,反正,派兵,偷袭,老窝
1784|锁门,京巴阵
1784|为啥,破,城内,看戏,不行,一会儿,转晕,累晕
1785|守军,着急,破阵,干什么
1786|田,书记
1786|万老,兄弟
1786|白马,义
1787|一直,想,干嘛,安排,八个,死门,惊门,伤门,岂,无敌,干嘛,非排,八种
1788|陈到,白,毦,兵,至少,四郡,攻防战,之后,刘备,入川,之前
1789|不动,曹仁,傻
1790|刘备,老营
1790|怀疑,电影,倚天,屠龙记,里,五行,旗,抄,这段
1790|看戏,不会,歇息,老,刘,能耗
1792|似乎,对面,进攻方
1793|先,跑,一天
1793|投石机
1793|校,刀手,狗屁,小刀,手
1794|猜猜,演义,真,指望,罗贯中,知道,打仗,演义,里面,扯,现实,军事,理论,招笑
1794|车悬
1794|田,国富
1794|这阵,活靶子,部署,投石机,砸,tmd
1795|真能,想,安排,安排
1796|乃是,百
1796|八门,遁甲宜,冲生门,攻死门
1796|不累,转
1798|跑,累,差不多,破阵
1798|鸡,实在,太美
1798|小兵,跑,累,便,可图,doge
1798|击,你态,没
1799|跑,一边,跑,一边,蚕食,大将
1799|击,太美
1800|直接,放箭
1800|八个,门,有没有,可能,换,休息
1801|翻译,转,起来
1801|提问,为啥,放箭
1802|抱,一起,左右摇摆
1802|支个,凳子,跑,喊,加油
1802|生死,休杜景,死京开
1803|累死
1804|不入,阵,跑
1805|跑
1805|跑,两天,停下来
1806|这块,纯是,老罗,文学创作,现实,里,没
1806|放箭
1807|这是,里面,清,败将
1807|每招,干掉,一个,难冲,子龙,很难
1808|车悬
1808|跑,是因为,赵云带,过去,兵,没,死,完困,里面,会,杀,完,停下来
1808|赵云,小兵,死得,好惨
1809|赵云,一招,撂倒,一个
1809|子龙,doge
1809|赵云
1809|开武直,过来,屠点
1810|车轮战
1810|子龙,觉得
1810|全设,死门,等于,没有,死门,阵破
1811|累死,个球
1811|活活,累死
1812|机会,抓得,再准,阵,里面,一个,一两下,一两下,打不死,换人
1813|这段,魔法,毕竟,三国演义,玄幻,成分,这种,东西,放,现实,一阵,箭,雨,破
1813|知道,罗贯中,当过,张士诚,参军
1813|车轮战
1814|刘备,那先,跑,三个,时辰,进去
1814|车悬
1816|车悬阵
1816|一人,捅,一下,一万个,透明,窟窿
1817|卡
1817|放箭,放箭
1818|感觉,罗马,步兵,方阵
1819|触发,被动,大笑
1819|八个,门,一起,不行
1820|罗贯中,知道,打仗,为求,效果
1820|新,三国,炮轰
1821|厉害,阵,抵不过,万箭齐,发
1821|攻城,家里,城外,跑
1822|一发,伊万
1823|全都,spa
1824|击,八,矛
1825|李元霸,进去,一个,试试
1825|乱箭,射死
1825|远程,火力,弩兵
1826|老三,笑,合理,正常,新,三,每次,笑,显得,愚蠢,自大
1826|bossrush
1827|就让,干,跑,累死
1828|休生伤,杜景死,惊开
1829|三国,无双,起源,里,徐庶,台词,挺,还原
1829|脉动,吃,小兵,停不下,跑,虚脱
1830|火牛阵
1831|说人话,没有,大将,抵挡,对面,高手,突击
1831|这话,说,有点,慢,还行
1831|没,大将
1832|看着,跑,跑,半小时
1832|中国,惊奇,先生,黄九叔,疯狂,陀螺,转,十八,滚
1833|再聊,一会,小兵,转不动
1833|中央,戊己,土,没有,阵主
1834|没有,大将,顶得住,赵云
1835|快,请,撒,贝宁,入阵,中,主持
1836|八门,休,伤生,杜景死,惊开,对应,外,八门,乾坎艮震,坤,巽,兑
1836|说白了,没有,拖住,赵云,尖刀
1837|马,脖子,绑,罗盘,方向
1837|错误,兵,一直,跑
1838|赵云,一遍
1839|赵云,路痴,三国,提前,完结
1840|死门凯,表示,我熟
1840|少,类似,五虎将,猛将,压阵
1840|阿凯,景门,开
1840|赵云,走,门,门,生门
1842|没人,压阵
1843|赵云,抄,作业,完毕,开打
1844|细节,起源,里面,第一个,入口,东南
1844|没有,高德,导航
1844|猜,一下,轮流,休息,刚,休息,那块,进攻,容易,击破
1844|可能,刚刚,子龙,带进去,没,全歼,曹兵,挪阵
1844|子龙,没有,指南针
1845|子龙,破阵,当初,老,爱看
1845|为啥,一直,跑
1846|没有,扛,把子
1847|赵云,主公,不歇会
1848|细节,子龙,额头,汗
1848|赵云,说,没,听
1849|子龙,听得懂,最早,山上,拜过,一个,道长,为师
1849|一直,跑,是因为,里面,赵云,小兵,厮杀
1849|赵云,对手,套路,习惯,均,下载,完毕,破阵
1849|说白了,没有,脑子,武力,足够,武将,带队,只靠,小兵,跑,远处,主将,指挥,跑位,速度,不够,会,出现,空隙
1849|子龙
1850|歇,会
1850|看子,龙,白马,身上,血,真是,刚杀,回来
1850|大宝,备,子龙,现在,无双,cd,再冲,一回
1851|子龙,没,听懂,思密达
1851|喋血,高达
1851|战歌
1851|曹仁,不好,有曲
1851|这马,身上,血
1852|子龙,我管
1852|八门,七门,之法,生门,进景门,出
1852|无双
1852|子龙
1852|子龙,查完,攻略,回来,副本,开刷
1853|这马红,稳
1853|剧情,走,完,带,音响,doge
1854|得胜,弹,周瑜,听,这首,前面,那首,赵云,个人,曲,伴奏
1854|三个,小兵,复活,赛
1854|一段,有个,镜头,群演,马,狠狠,撞,一下,知道,裁剪,掉,没
1855|听,明白
1855|白车,耐脏
1855|需要,师兄,袁方,军师,指挥,武将,亲自,入阵,快速机动,应变,人才,发挥,八阵,最大,威力
1855|专属,BGM
1855|门,没,听懂,杀光
1856|白色,恶魔,出击
1856|中间,指挥,CPU,干,烧掉
1856|注意,注意,当阳,常志此,心丹,歌里,没人能,打败
1856|赵云,走,曲
1856|子龙,学费,交完,攻略,此阵
1856|这才,龙胆,冒死,二话不说,还敢,回去
1856|云大怒
1857|懂,数值,压,过去
1857|子龙,无双
1858|赵云,专属,bgm
1858|曹仁,关,音响,快关,音响
1858|八门,七门,之法,生门,进景门,出
1859|龙,战于野,其血,玄黄
1859|卧槽,视角,10000,气势
1859|虽未普,金兰
1859|赵云,嘴,太,歪
1859|赵云,处刑,曲
1859|马,高德,导航,部署
1859|BGM,没人能,打过
1860|赵云,螺旋,突刺
1860|赵云,没,听懂,先,突突
1861|赵云,知道,杀,穿,完
1861|切出来,攻略
1861|赵云,无双,条满
1861|标准,RPG,小队,西天,取经,没,问题,破个,阵,绰绰有余
1861|长坂坡,青春,版
1861|子龙,bgm,曹军,不妙
1862|触发,赵云,破阵,曹军,50,士气
1862|子,龙子龙,世,无双
1862|白衣,将军,身背,收音机,冲入,阵中
1863|真,不让,闲着
1863|说白了,没有,武力,能抗,住子,龙,武将,阵中,主持
1863|漂亮
1864|曹仁,动静
1864|扛着,音响,冲来
1864|夏侯恩,快,乐曲,虎豹,骑快,乐曲
1864|子龙,扛着,音响,来辣
1864|真,开,无双,子龙带,个人,冲阵
1865|10003
1865|子龙开,音响
1865|一人,一下,换下,一个,遇到,战力,高,葫芦娃
1865|都督,最爱,曲子,得胜
1866|破阵
1866|每次,只带,个人,吃席
1866|赵云,变界,赵云
1867|确定,方向,集中兵力,突击,一处,车轮战
1867|破阵,紫鸾
1867|场面,拍摄,太牛,逼
1867|吾,羞脱,衣
1868|音响,师,叉,出去
1868|观,刈,麦
1869|虽未谱,金兰,前生,信,有缘,忠勇,扶汉室,情义,桃园,安
1869|变调
1870|快,掐,bgm
1870|其实,bug,挺,明显,放着不管,跑,就行了,没,攻城,能力
1870|魏军,士卒,赵云,杀死
1870|魏军,士卒,赵云,杀死
1870|10003
1870|马,身上,抹,血,细节
1871|魏军,士卒,赵云,杀死
1872|虽未谱,金兰,前生,信,有缘
1872|人多,反倒,误事
1873|魏军,士卒,赵云,杀死
1876|刀怒,斩雪翼,雕
1876|一万,零,三百
1876|赵云,发动,冲阵
1877|嘞,实时,播报
1877|快,音响,关了
1877|阵,跑,跑,一个个,累,杀
1877|无双,割草
1878|逻辑,战争,缩,打仗,太,简单,点
1878|拍,只能,拍成,哪去,真,还原,八门,金锁
1878|数值,怪,大战,机制,怪
1879|士气,10
1879|曹仁,上去,单挑
1879|猛攻,音响
1879|进去,四个
1880|怀疑,三国,无双,团队,是不是,看过,老,三国
1880|曹仁
1880|绝对,看过,一版,三国志,完全,站,央视版,演员,整
1881|魏军,士卒,赵云,杀死
1881|到底
1882|观,刈,麦,老子,整乐
1882|完,完,音响,关不了,全完
1882|围城,攻城
1883|要放,两个,大将,当阵眼
1883|金锁阵,甲兵,赵云,杀,获得,200,第纳尔
1883|金币,20
1883|破,阵法,应该,换人,顺序,追上去,砍,骑马,步行,快,知道,追,同一个,车轮战,失效
1883|现在,影视,根本,见,不到,布景,宏达,战争场面,这是,三十年,前,东西
1883|场面,不大,胜,实在
1884|10003
1884|子龙,子龙,世,无双
1885|曹仁,别怕,力气,完,之前,未必,杀
1885|数值,怪
1885|赵云,动不动,开,无双,顶得住
1885|二爷,是不是,直接,冲过去,阵,斩,主将
1887|直接,放箭
1887|虽未谱,金兰,今生,幸,有缘,忠勇,扶汉室,情谊,桃园
1888|猜阵,为啥,有生,门,本质,累,士兵,换下去,留,口
1889|砍瓜切菜
1890|戏曲,逻辑,三个,代表,一支,队伍,真的,三个
1891|高达开,定位导航
1891|一枪,一个,小朋友
1893|阵法,主要,练兵,实战,两边,基本,对冲,根本,可能,摆阵
1893|子龙,子龙,开,无双
1893|赵云,一个,方向,杀,魏卒,考虑
1895|柠檬,只用,卖,吃,柠檬,考虑
1895|赵云回,城去,指南针
1895|放箭,放箭,杀,赵云,小兵,围在,阵中,有没有,可能,放箭,没,射死,赵云,倒,先,人干,没
1897|子龙,回去,指北针,杀入,阵中
1897|赵云,方向,无所谓,生门
1898|快关,音响
1898|成语,偃旗息鼓,搜,一下,知道,子龙,猛
1899|方向盘,焊死
1900|靠子,龙,一个,捅,累,累死
1900|反正,单挑,没人,赵云
1900|子,龙马,头上,绑,罗盘,指南针,方向
1901|这舞枪,威武
1902|死门,打成,生门
1903|杀,穿,一路
1903|增加,长枪,冲击,伤害
1904|SP,赵云,发动,技能,冲阵
1904|枪法,身体,旋转
1905|阵,城墙,放箭,破,没有,攻城,能力,没有,高处,敌人,杀伤,能力,好像,犀牛,坦克,遇上,飞行,兵
1905|俗称,一波,捅穿
1906|杀,一路,不知,挂掉,群演
1906|文鸳,熟悉
1907|开挂
1907|阵,转动,起来,每个,挨,枪
1908|子龙,子龙,施,无双,五虎上将,威名,传
1908|虽未谱,金兰
1908|魏军,士卒,赵云,杀死
1909|真,无双,乱舞
1909|长杆,熟练度,刷满
1909|说,曹仁,阵法,几乎,无解,子龙,这种,人形,高达,能拆
1910|观,刈,麦
1910|搁,玩,骑,砍
1910|血染,征袍,透甲红,没,到时候,唱,doge
1910|捞薯,赵云
1911|拍,这场,戏,张山,差点,老,毕,一枪,戳,死
1911|割草,游戏
1911|真能,杀
1911|太阳,辨识,方位
1912|500,杀,达成
1913|马战,上面,看太,好看
1913|抽,陀螺,搁
1914|骑兵,没,方向感,估计,早死
1916|毕竟,旋转,对称,阵
1916|SP,赵云
1916|前方,无双,割草
1916|鬼,鬼
1916|子龙,回去,下载,北斗
1918|子,龙牌,绞肉机
1918|是不是,子龙,攻速,够快,一人,一枪,捅,si
1918|战旗,black,pink
1919|一段,第一次,认识,割草,俩,字,形象
1919|一段,真的,好爽
1919|绝对,开,233333333
1919|小兵,一下,一个,开没开,清楚
1919|祖玛
1920|群演,配合,牛
1920|太猛
1920|枪,挑,一条线
1921|真,割草
1921|气功波
1922|赵云,50,击破,刘备军,全军,士气,上升
1922|高达
1922|31,60,分,sp,赵云,冲阵帅,爆
1922|真正,三国,无双
1923|真帅
1923|真三国,无双,太,保守
1923|割草,割草
1923|车轮战,指,每个,上来,挨,一枪
1923|跑,中间,开个,无双
1924|帅爆
1924|卧槽
1925|赵云,这种,UR,完成,二流,武将,知道,破阵,进去,完
1925|想,跳,30,集
1925|无双
1925|赵云,无双,条满
1925|刚才,知道,阵能,破,心里,没谱,现在,知道,打法,完全,不慌
1925|开,无双
1926|敌羞,吾,脱,衣
1926|这块,应该,枪头,抖起来,普通,小兵,根本,看不清
1926|子龙,猛,猛得,大宝,备和元直,惊,哈哈哈
1927|真三国,无双
1927|龙牙,一闪
1927|三国,割草机
1928|割草
1928|曹操,吕布,天下无敌,没想到,有人,勇猛,部将
1928|割草,无双
1929|可谓,无双,乱舞
1929|tm,太,无敌
1930|无双
1930|真,三国,无双
1930|敌羞,吾,脱,衣
1930|三国,无双,三国,无双,加油,加油
1930|好家伙,这开,无双
1930|赵云,敌羞,吾,脱,衣
1930|骑兵,冲击力,步兵,毁灭性
1930|赵云,这种,武将,低于,级别,秒杀,效果
1931|愣,愣
1931|枪扫,大片
1931|麻,一路
1931|群演,真,倒霉,演个,戏,知道,死,群演
1931|赵云,100,ko
1932|三国,无双,诚不欺
1933|看不懂,玩,劈,砍,长杆
1933|子,龙子龙,世,无双
1933|草人,卧槽,数值,怪
1933|子龙,真帅
1933|赵云,跑,之后,不收阵,继续,转
1934|其实,真相,一回,合子,龙攒满,能量,回合,直接,开大,破阵
1934|曹仁,bro,数值,怪,懂,机制
1934|一万,人真,闹,dog
1934|曹仁,吕布,活
1935|得胜
1935|部将,爱,死
1935|真猛
1936|想起,骑,砍,逆刃,刀,事
1936|看着,尴尬,全靠,口播
1937|证明,万人敌
1937|三国,无双,灵感,来源
1937|我观,赵云之,勇,不下,吕布
1937|子龙,真,猛
1937|曹仁,真正,真三国,无双
1938|爱,死
1938|全是,骑,砍,老登
1938|高,达,破,阵,乐
1939|子龙,看到
1939|连续,放,无双
1939|这能
1939|好帥
1940|曹仁,挂,玩
1940|豪,龙胆
1940|猜,为啥,真三国,无双,主角,一直,赵云
1940|挂
1941|赵云,真的,猛
1941|三国演义,赵云,三国,无双
1941|之前,带进去,兵,没,死,完,转
1941|陷阵
1942|看得,想,玩,真三国,无双
1942|真三國,無雙
1942|猛男
1942|曹仁,是不是,忘关
1943|冷兵器,时代,高达
1943|怪不得,真三,无双,老拿子,龙当,主角
1943|难怪,三国,无双,游戏,敢,整成,样子,看来,演义,底气,太足
1943|万人敌
1943|曹仁,这人,无双,槽,无限
1944|这种,场面,必有,唢呐,人称,唢呐,一响,爹妈,白养
1945|关张,赵三人,里面,感觉,子龙,耐力,最强
1945|真正,三国,无双
1946|小兵,开没开,心里,清楚
1946|此事,真三国,无双,历代,片头,中亦有,记载
1946|所向披靡,意思
1946|曹仁,艹,挂
1946|斩,夺旗,陷阵
1948|冷,知识,真三国,无双,2001,年,发行,历代,封面人物,必有,赵云,光荣,三国,理解,很难说,没有,参考,老,三国,几段,赵云,高光
1948|之前,兵士,阵中
1949|赵云,跑,剩下,兵,没,死,自然,转
1950|三国,无双,原来,写实,游戏,DOGE
1950|看到,不下,吕布,几个,字,DNA,动,一下
1950|不行,打开,三国,无双,玩,几局,太像
1950|这段,真,好看,呀呀
1951|兵,有数,赵云,武力,无数
1952|看着,累,杠铃,一直,挥舞
1952|曹仁,敢,击破,赵云,音响,赏,千金
1953|666,入,桂
1953|吕布,已经,天下无敌,没想到,有人,勇猛,部将
1954|曹仁,开没开,心里,清楚
1955|士兵,每时,每秒,减少,赵云,无敌
1955|子龙,子龙,无双
1955|赵云,名气,高,光荣,参考,野史,更,依赖,演义
1956|不合理,以多,战少,一起,杀,二,刘,军,几个,将军,入阵,道理,扔枪,射箭,杀
1956|赵云,教学,扎草人
1957|真七,里面,新野,之战破,八门,金锁阵,一路,顶,穿
1957|毫无,战术,全是,数值
1959|有位,臨時,演員,馬,撞
1959|这种,拍摄,很难
1959|骑兵,更,上面,骑,赵云
1959|剧组,打仗,砍,好几个
1960|死,几个,群演,老,传统
1961|没关,开
1964|平时,砍,几个
1964|快,截频,证据,老,三国,杀,群演
1966|不好,这是,皇阿玛,畅音阁,御乐
1966|杀,群演
1966|群演,随便,杀,没事
1966|追求,真实,死刑,砍,道具
1967|长大,老,三国,真的,时刻,群演,担心,人身安全
1967|后面,镜头,真有,小兵,马,撞
1967|群演,真,拼
1968|撞伤,群演,不会,浪费,回头,能演,一下,杀头,戏
1968|拍戏,死,几个,正常,死刑犯,能活,下来,减刑
1969|快,使用,无敌,大山,刚,破,掌
1970|阵中,真撞,人马,速度,慢下来,冲不动
1970|敌阵,poi
1970|群演,人民,子弟兵,太拼
1970|赵云,真正,三国,无双
1972|万人敌,盖
1972|看着,真的,危险,害怕,踩踏,意外,演员,马,辛苦
1972|敌阵,poi,敌阵,poi
1972|poi,poi
1973|拍,这种,场面,120,旁边,以防万一
1973|战斗,胜利
1974|群演,听说,解放军
1974|前方,演出,事故,没剪,增加,真实性
1974|风行,草,偃
1976|单看,三国演义,电视剧,赵云,收割,无敌
1978|敌羞,脱,衣
1979|子,龙子龙,世,无双
1981|赵云
1982|哥们,应该,小心,撞,看样子,摔得,不轻
1982|呦,真撞,太拼
1982|小兵,撞,这一下,可不,轻
1982|卧槽,撞,一下,活命
1982|真撞,有点,内伤
1983|成功,暂停,哥们,马,撞,算,工伤
1983|不用,怀疑,老,三国,版权,电视台,买,光荣,明说,参考,人物,设计
1983|—,—,—,—,兵,—,—,—,—
1983|天,臨時,演員,馬,撞,可怕
1983|真撞
1983|卧槽,真撞
1983|艹,不像演
1983|速度,马撞,一下,倒,全速,冲刺,骑兵,冲击力,了不得
1984|卧槽,有个,小兵,马,撞,飞
1984|握草
1984|人仰马翻,马撞,小兵,知道,受伤,没有
1985|真和马,撞
1985|骑兵,撞,撞死,一片
1985|小兵,演员,好惨
1985|随便,撞死,群演
1985|这下,真,撞
1985|心疼,小兵,马,撞
1985|真撞
1986|鬼鬼,真撞,飞
1986|解放军,同志
1986|肯定,生疼
1987|群,演
1987|卧槽,真撞
1987|刚才,死,掉,小兵,突然
1987|群众演员,牺牲
1987|撞
1987|真撞
1988|卧槽
1988|应该,头盔,挡住,没,看到,希望,没事
1988|直奔,曹仁,四轮车
1988|这一下,吓人
1989|兵荒马乱
1989|每次,打仗,尘土,肺,还好
1989|真成,纪录片
1989|披风,作用
1989|撞,结实
1989|撞,一下
1990|壮观
1990|直奔,曹仁,四轮车
1990|zhao
1991|我滴,妈呀
1991|啊啊啊,看着,痛
1991|老三,真废,群演
1994|撞,一下,老哥,但愿,没事
1994|撞,一下,还好,没,马,踩
1995|曹仁,赵云
1995|意境
1995|哈哈哈,过瘾,过瘾
1998|真撞
1998|之前,采访,说,拍,老,三国,确实,死,十几个,演员
1998|徐庶,奇人,子龙,将军,高达
1998|没见,过胜,十倍,奇人
1998|这时候,拜,军师,工作,时间,应该,称呼,军师
1999|徐庶,工作,称,职务
2001|徐庶,气,人人,子龙,数值,太高
2001|旗人,汉人
2002|披甲,撞,一下,倒,太大,问题,踩,不好,说
2002|先生,真乃神,算子
2003|先生,真,神人
2004|正面,挨马,撞,一下,重伤
2005|刘备,手下,有能
2006|植物,先生,真,奇人
2010|感觉,徐庶,庞统,厉害
2011|植物
2011|一个,失误,镜头,珍贵,乱军,镜头
2014|没事,不怪,见,害怕
2020|子龙救,阿斗,太顶
2026|怕,兄弟,苦,更怕,兄弟,开路,虎
2026|曹仁,严厉,父亲
2028|夏侯惇,doge
2028|民心者,可为,天子
2029|曹仁,一直,猛,只不过,后来,二爷,虐
2030|说句,仁道,话
2031|荆州,之主
2031|哀兵必胜,假装,逃跑,哀兵
2034|肉票,将军,白叫
2034|兄弟俩
2034|打仗,没赢,升官,没停
2035|想不到,追兵,之后,还会,追兵
2035|夏侯惇,没,打赢,说,升,没,升官
2036|带,关张,赵,没有
2037|曹仁,夏侯惇,之流,岂能,将相,提
2038|惇,子,打败仗,正常
2038|太极拳
2039|夏侯惇,曹仁,之间,军事,水平,差,好几个,夏侯渊
2039|夏侯惇,区别对待,反复,鞭尸
2039|太极拳
2040|打窝
2040|刘备,手下,有能
2041|惇,哥,不会,打仗,没,毛病
2041|那好,劫寨,劫寨
2042|夏侯惇,真是,曹魏,最强,关系户
2042|必胜,无疑
2042|曹仁,刘备,胜兵,必骄,骄兵必败
2042|夏侯惇,文官,黏着,刘备,揍
2042|骄兵必败
2044|哀兵必胜
2044|曹仁,一辈子,几乎,没输,赢,不了,平,杜聿明,救火,大队长
2044|元,打仗,菜,剩下,全能型
2044|曹仁,哀兵必胜
2045|夏侯惇,百战百败
2045|骄兵必败
2046|没,毛病,刚胜,一阵,已为,骄兵,骄兵必败
2047|劫营,速战,措手不及
2048|墩,字,救命,奔袭,兵,正面,赢过,吕布,攻击,骑兵,绝对,不菜
2048|曹仁,想不到,关张,没,出现,关张
2050|决战,樊,尔登
2050|甲,叶子,楞楞,真,好听
2050|李典,真是,劝人,大师,每次,出,主意,回合,文武双全
2051|铠甲,血
2051|请,记住,现在,曹仁,曹操,手下,先锋,大将,善于,进攻,善于,攻城,善于,先登,之后,二爷,荆州,善于,防守
2052|曹仁,钢铁,之墙,最善,防守
2052|输,东吴,一次,曹仁,活活,气死
2053|李典,被动,触发,主将,听
2055|曼城,智力,一直,不低
2055|book
2055|正史,曹仁,真输,濡,须口,不利,战绩
2055|曹仁,明明,进攻,猛,现在,大多,以善守,形象,塑造
2057|曹操,点
2058|懂,曹仁,加个,劫营
2058|胜兵,必骄,骄兵必败
2059|曹操
2059|Book
2060|后面,小兵,一脸,生,无可,恋,表情
2060|曹操,确实
2061|必败,后面,小兵,鄙视,眼神
2061|当初,张飞,用兵,白天,败,晚上,劫营
2061|刘备,一胜,已成,骄兵,骄兵必败
2062|旁边,牛金
2062|曹操,多疑
2062|听,李典,王平,劝告,吃,大亏
2063|这段,主要,描写,徐庶,徐庶,走,之后,这段,忘,就行了
2063|胜兵,必骄,骄兵必败
2063|骄兵必败,即答
2064|防,等于,不防
2064|后面,小兵,挺俊
2065|骄兵必败,新,三,战法
2065|刘备,专精,少人,作战
2065|刘备,城里
2065|骄兵必败
2066|胜兵,必娇兵,必败,兵必,哀兵必胜
2066|懂,哀兵必胜
2066|会,不太对,截,营,攻城,方,兵,城里
2066|骄兵必败,合理,利用,elo,机制
2067|胜兵,必骄,骄兵必败
2067|曹仁,深得,孟德,兵法,胜兵,必娇,骄兵必败
2067|曹仁,骄兵必败
2068|曹仁,新,三,兵法
2068|错,新,三国,兵法,刚输,哀兵必胜
2068|曹仁,帅才,李典,只能,将才,曹仁,输在,不知,对面,已经,徐,庶出,谋,一个,樊城,曹军,其实,无伤大雅
2069|大胜,一次,绝不会,大胜,第二次
2069|小兵,头盔,烂
2069|←,败兵,必哀,哀兵必胜
2070|老,刘分,二万,一千,人去,樊城
2070|分,两万,一千,偷,樊城
2071|确实,刘备兵,少,分兵,袭,樊城,劫营,未必,守得,住
2071|一个,高达,一万
2071|徐庶,记得,有段,防劫,营,军事,部署,安排,思考
2072|关张,1000,掏,老窝
2072|李典,意见,每次,每次,没人,听
2073|重要,重要,骄兵必败,2333
2073|刘备,军队,应该,城里
2074|李典,智力,起码,75
2075|越,正确,选择,往往,越,容易,看出
2076|刘备,城里
2076|积极,防守,强,作战,方式,准备,人数,少,守,住
2076|万人,不能,分兵
2076|兵,少,高达
2077|曹仁,刘备,破,八门,金锁阵,已成,骄兵,骄兵必败
2080|守城,兵,城外
2080|骄兵必败
2082|刘备兵,少有,高达,关张,赵一人,顶,一万,·
2082|百,骑劫,空营
2083|曹仁,懂,曹氏,兵法,刚,赢,已成,骄兵,现在,哀兵必胜,回合
2083|花荣,射灯
2085|箭,搭错,箭,应该,搭,弓,右边
2085|草人,曹仁,借箭
2086|不会,曹操,手里,没有,高达
2088|前方,一个,草人,掉下来
2088|曹仁,奇怪,今天,没,看到,关羽,张飞,出阵
2089|胜兵,必骄,骄兵必败,败兵,必哀,哀兵必胜
2090|刘备,守城,城外,军营
2092|皮兵
2093|三国演义,定律,劫营,必,中计,甘宁
2093|配乐,里,琵琶,声,真是,杀机,四伏
2093|赵云,一个,破,阵,说,没,破阵,他俩,肯定,奇怪
2094|博望,那会,夏侯惇,可能,时隔,20,年,再次,上阵,出征,一次,可能,讨董,打过仗
2095|大爷,哨兵,舍得,白给,哈哈哈
2097|为啥,一剑,草人射,掉下来
2097|琵琶,声,确实,吓人
2099|胜兵,必骄,骄兵必败,败兵,比哀,哀兵必胜
2100|夏侯惇,肯定,中间,打过,仗,魏晋,时期,好多,说,记载,不全
2101|晚上,子龙,加班
2103|丸辣
2103|多人,可能,城中,敌,来犯,转移,城中,守城,平时,城外,扎营
2104|玛德,高达
2105|步豪
2105|音乐,还敢,进去
2105|是不是,bug,宝贝,城里,跑,城外,驻扎
2107|曹仁,每天,一当,当当
2107|完
2108|口瓜,赵云,快,退口牙
2110|你家,军队,天天,搁,城里
2110|子龙
2111|十面埋伏,琵琶曲
2112|赵云,太,夸张,砍,一天,不带,停,真,三国,无双
2112|数千,兵马,全待,城中
2114|丸辣
2114|活捉,曹仁
2114|曹仁,卧槽,对面,赵云,24,小时,待机
2115|守城,很多,城外,驻扎
2115|李典,曹营,比较,屈才,做,副将,主将,料
2116|没,寨门,堵住,堵住,曹仁,死,脱,层皮
2116|ASDZXCXZZxzxcDVGE
2116|兵太少,堵,不住,只能,吓跑
2117|守城,会,在外,驻扎,有时候,起到,更好,防御,作用,死守,会,把门,堵死
2118|外边,不能,光靠,城里,守
2118|一万,冲过来,退
2120|tmd,赵云,追
2121|赵云,厮杀,一天,正常
2121|戳,戳,稳哒,落
2121|劫营,带,跑,赶紧,跑,会,跑不了,这是,主场
2122|赵四,特,不累
2123|赵云,怕,桂
2125|城外,有营,参考,陈宫,计谋,互为,犄角,相互,救应,耗垮,敌军
2126|劫营,部队,偷袭,烧,物资,为主
2126|全是,子龙
2127|bro,新,三,七八万,晚上,劫营
2127|劫营,肯定,少量,精锐
2129|新野,小城,塞,不下,多人,守城,方是,绝不能,全在,城内,蹲,一定,会,分兵,扎营
2130|水淹七军,测试版
2130|刘备,城里,为啥,大营
2131|琵琶,听得心,颤
2132|bgm
2133|说,上将
2134|很久前,有部,龙狼传,漫画,初期,挺,写实,差不多,是从,这段
2135|水淹,白河
2137|守城,部队,依靠,城池,防守,城外,会,布置,兵力,防守,阵地,战略,纵深,岂不闻,兵临城下,真,剩,城墙,挺,危险,其实
2137|穿甲,入水,容易,淹死,参考,慕容绍宗
2137|白河,小清河
2137|分,两拨,一拨,守城,一拨,野外,驻扎,相互配合,攻防,敢,直接,攻城,敢,直接,断,后路
2138|真服了,曹仁,刘备,手底下,一共,三个,今天,打架,一个,数数,不会,数,还莽
2138|老,三国,配乐,真
2138|城外,没,营寨,直接,围,粮路,水路,全断,死,不用
2138|澶,溪
2139|赵云
2139|这段,应该,赵云,专属,BGM,加,十面埋伏,琵琶曲,变奏
2140|配乐,牛
2141|白河
2141|国乐,真的,好听
2142|三国,第一,势,掎角之势,能守久,一点,不用,最终,围到,失败
2143|开淹
2144|小兵,真,欢乐
2144|河上,撑,小舟,问,曹将军,吃板,刀面,馄饨
2147|这河,一挡,容易,踩踏,事故
2147|昏,头,警告
2147|渡河,未济,击,流
2148|古代人,不会,游泳
2148|自古,守城,死守,必须,分兵,城外,扎营,犄角
2149|黄百韬
2149|安排,明明白白
2149|昏,头
2149|我昏,头
2150|我部,畅通无阻,畅通无阻
2151|不架,浮桥,昏,头
2152|昏,头
2152|总座,高见
2152|哈哈哈,哈哈哈,喜欢,电影,电视剧,合,一块,爽
2153|以后,做,做,大决战
2155|闻太师,高见
2156|徐庶,他昏,辽头
2156|徐庶,曹仁昏,头
2156|两天,没,发现,二爷,三爷,不见,2333
2157|这条,河,会,故事
2158|城外,驻军,营寨,协助,守城
2158|刘备军,变,聪明,我变,愚蠢,明白
2159|昏,头
2160|曹仁,兵马,想要,游过去,昏,头
2160|徐庶,人马,光靠,渡河,过得去,昏,头
2161|曹仁,没,寻思,跑,2333
2161|哈哈哈哈
2161|哈哈哈哈
2161|怕,昏,头
2163|昨天,直播,看着,剪,这段,问,平津,淮海
2163|昏,头
2163|水淹七军,beta,版
2163|华容道,前瞻,版本
2164|浮桥,命令,手下,没,执行
2164|昏,头
2165|难,蚌
2165|徐庶,偵查,確實,嗎
2165|昏,头
2167|五虎上将,五虎上将,好像,手里,五虎上将,包打天下
2168|闻太师,没想到,事,不赖,曹仁
2169|三爷,酒后,骑马
2169|优秀,军事家,会,未雨绸缪,未思进,先思,退路
2169|曹仁,卧槽,关羽,猛人,颜良,万军,取首
2169|七个,纵队,七个,纵队
2170|三爷,不喊,嗓子,曹仁,看不见,哈哈哈
2170|草,张飞,喝酒,杀,伤害
2171|曹仁,卧槽,刘备军,已经,点到,隐形,科技,树
2171|曹仁,安排,断后,设卡,张飞,酒后,骑马,必,不敢,追
2171|张飞,酒后
2171|曹仁,昏,头
2171|酒后,伤害
2172|曹仁,当时,看见,两排,白牙,冲过来
2173|砸,飞,久候
2174|酒后,酒后,加攻
2174|曹仁,看着,两排,牙,飞过来
2174|当年,大决战,好看,尤其,每个,说,方言,那版,特别,真实
2175|酒后,骑马,吊销,驾照
2176|一万
2176|酒后,武力,值,爆表
2176|张飞,主动,解除,隐形
2176|曹仁,丸辣,特么,一只,高达
2176|一万,冲过来
2178|曹仁,不好,一万
2178|酒后,驾车
2178|张飞,应该,突,进去,喊,滑稽
2179|饮酒,伤害,加一
2179|华容道,预演
2179|曹仁,牛,逼,跑掉
2180|头盔,戴
2180|酒杀
2181|黄伯涛,蠢,曹仁,没,想着,输
2181|皇叔,海军陆战队
2181|曹仁,我草
2182|这段,三爷,曹仁,弄死,可真,操大怒
2182|嫡系,将领,基本上,抓到,送,回去,换,好处,孙权,背刺,盟友,关羽,杀
2184|曹仁,飞毛腿
2184|没,办法,正史,后面,戏份,魔改,改不死
2184|捉到,曹仁,全须,全尾,送,回去
2187|←,曹,军,陆军,海战,队
2190|懂,曹仁,加个,遁走
2191|正史,曹仁,一等一,猛将,只不过,演义,削
2192|新三说,救祖茂
2193|曹仁,加个,划船
2193|曹仁,卧槽,说话
2194|后面,小兵,推
2195|鬼,看不见,听见,声音
2196|曹仁,应该,刘备兵,不多,分兵,更少,不敢,硬,追
2198|当阳,大笑,先行,版
2198|大笑,后面
2198|阳光,笑声
2200|三爷,笑,吓人
2200|削,有点,严重,曹仁,说,三国,时期,战绩,最好,一批,顶级,武将
2200|曹仁,只见,一片,漆黑,中,两排,牙浮,空中
2201|没多,青春,毕竟,一辈
2203|回,樊城,高达
2203|回去,关羽
2204|三爷,阳光,开朗,男孩
2207|先给,曹仁,一次,曾经,不起眼,势力,差点,整死
2207|曹仁,后面,南郡,樊城
2209|旁边,楼梯,直接,走,楼梯,doge
2213|灵芝,摘走
2213|泡茶,喝,灵芝
2213|曹仁,完
2215|关羽,一下子,太帅,充满,自信,笑容
2215|二爷,不会,知道,几十年,曹仁,会,地方,死,磕
2216|关羽
2217|surprise
2217|小时候,敌军,回城,突然,城上,亮出,蜀国,大旗,场景,印象,太深,至少,出现,三次
2217|丸辣
2217|你好
2217|哈哈哈哈
2217|woc,二爷,出场,这一下,帅,发抖
2218|季,常,攻取,樊城
2218|放进去,活捉,曹仁
2219|这位,更是,重量级
2220|曹仁,关将军,终于,下定决心,投,主公
2220|太帅
2220|锁链,式,整体,构想
2220|哈哈哈,笑,老帅
2221|恐怖片
2221|帅
2222|放贱
2222|城头,竖起,关,字,大旗,二爷,45,°,站,姿,出现
2222|放箭,拿下
2222|二爷,帅
2223|一幕,关公,好帅
2223|为啥,放进,城里,杀,是不是,惧怕,曹操
2224|可惜,后来,襄樊,之战,关将军,未能,破,樊城,现在,破
2224|二爷,樊城,手,掐
2224|曹仁,关羽,一生,敌来
2224|全剧,终
2225|别来无羔
2225|确实,帅,难得,笑,帅
2226|同样,捋,胡子,差距,捏
2227|放箭
2227|镜头,真,威武
2227|对手,快回,许昌,曹操
2228|后面,活儿,交给,魏延
2229|二爷,这时候,应该,直接,开门,出城,赤兔马,快,一刀,曹仁,斩于,马下,没有,后面,麦城,之事
2229|放进去,多好
2229|嗨,你好,嘿嘿嘿,刚刚,躲起来
2230|为啥,骗,进去
2230|攻取,天下
2231|武,关羽
2231|开门,开门,抓住
2232|再过,若干年,樊城,不好
2233|曹仁框,进去
2233|刘表,樊城,本来
2233|樊城,乃是,世界,中心
2234|不放,曹仁,进去,关门
2234|收刘封
2234|樊,尔登,战役
2235|曹仁,这时候,一句,二十年,河东,二十年,河西
2236|现在,襄樊
2236|为啥,不假开,城门,杀,一批,先进,城
2238|曹仁,一生,之敌,关羽
2238|关羽,曹仁,不会,赶尽杀绝,毕竟,受过,曹,老板,大恩,生死关头,不会,轻易,杀,兄弟
2239|曹仁,玩,谋略,心,脏
2239|决战,樊,尔登
2239|想,明白,樊城,曹操,手里,刘表,顶用,可能,放,曹操,兵,对岸
2239|可惜,之后,差一点,攻进去
2240|不能,杀,曹仁,曹仁,弄死,曹,老板,梭哈,刘备,真,GG
2241|十年,曹仁,城上,关羽,城下
2241|现在,襄阳,市,樊城区
2241|赵云,不会,饮酒,doge
2241|张飞,厮杀,汉,怎能不,饮酒
2243|宴会,小曲
2244|吃
2244|襄樊,镇,固永难,开
2244|没人,败兵
2245|刘表,樊城,本来
2245|靠近,华丰,路,那块,现在,天天,打架,真是,人杰地灵
2245|罗贯中,地理,不好,樊城,襄阳,唇齿相依,樊城,曹操,占,刘备,新野,早,投降,八百年
2246|张飞,喝酒,喝个,痛快
2246|吃
2248|痛饮,庆功酒
2249|关长,一共,1000,兵,曹仁,败兵,几千,关
2249|喝酒
2249|大胜,三爷,喝个,痛快
2249|张飞,喝酒,爽
2249|二爷,帽子,绿
2249|庆功,不能,喝酒
2250|吃
2251|子龙,一身,真,漂亮
2254|半辈子,可算,赢,一次
2255|胜利,喜悦
2255|换大盏
2255|赵云,不会,饮酒
2255|彩字,貌似,更急,一点,笑
2256|张飞,厮杀,汉,怎能不,饮酒
2256|关二爷,星夜,樊城,赶回来,喝酒
2256|喝酒,bgm
2257|痛饮,庆功酒
2258|张飞,杜绝,酒后,误事,没事,不能,喝
2259|大哥,军师,不会,喝到,大醉
2259|换大盏
2260|如有,美酒,下落,我定,当前,痛饮
2260|厮杀,汉,怎能不,饮酒
2261|刘备,阵营,庆祝,第一次,夜袭,绝不会,第二次
2261|赵云,不会,喝酒
2262|抬,酒都,笑嘻嘻
2262|一场,大胜,演义,虚构,太难
2263|杀,曹仁,曹操,肯定,急
2263|云,大悦
2263|吃,一盏,吃,一盏
2264|那朵,蒲扇,灵芝,233333
2264|喝,水
2265|三万人,庆功会
2265|哈哈哈哈,飞子,抱,大缸
2265|大宝,备,终于,知道,军师,美好
2265|大胜,喝酒,玩蛇
2266|众人,干杯,三爷,干坛
2266|酒,老,英雄,越,喝,越,奋勇
2266|赵云,不会,喝酒
2267|张飞,直接,坛子,哈哈哈
2267|哈哈哈,哈哈哈哈,三爷,抱,坛子,喝
2267|张飞,坛子,笑,死
2268|这时候,真是,快意,人生
2268|氛围,真好
2268|不会,客气
2269|曹仁,出事,曹,老板,直接,推,基地
2269|张飞,直接,坛子
2270|浮一大白
2270|三爷,豪迈
2270|太给,情绪
2270|后面,徐庶,二爷,一起,守,荆州,完美,现在,三位,将军,完全,服徐,庶
2271|二爷,笑,早,知道,曹仁,最后,守,樊城
2271|对罐,吹
2271|不用,替身
2271|张飞,瓶,吹
2273|第一次,体会,军师,好处
2273|张飞,太,客气
2274|军师,游侠,战斗,型,文化
2275|付小坛,中
2276|蜀汉,幼儿园
2276|三爷,转身,撞,子龙
2277|老三,对瓶,吹
2277|换大盏
2277|贝贝,不用,思考,感觉,真好
2278|不会,客气
2280|宴会,三,结义
2280|徐庶,武力,挺,高,军师,中,天花板
2281|有人,坛子,喝
2283|徐庶,三国志,12,里,武力,75,左右
2284|三爷,直接,瓶子,吹
2285|厮杀,汉,怎能不,饮酒
2285|关羽,说,一句,三弟,不可,饮会,咋样
2286|赵云,不会,饮酒,只会,喝酒
2286|一小,碗,一小,碗,张飞,一大,坛,一大,坛
2287|换大盏
2287|三爷,浪费,酒,doge
2289|不会,饮酒
2289|三台,高达,战略,士,开心
2292|徐庶,野史,里面,剑圣
2292|霸王,大陆,武力,90,见面,扔,爆炎
2296|操,元直,倒贤得
2296|徐庶,本来,武将,出身
2297|徐庶,本来,文武,双才
2299|相当于,高达加,领导者,模块
2299|关张,赵,关系,真
2300|大宝,备,别立,flag
2300|徐庶,估计,游侠,出身
2300|水镜,∶,知道
2301|后来,曹,老板,骗,闲人
2302|讲,两句
2302|倒,一家老小,接来
2305|徐庶,直接,投,没,事,直接,蜀汉,一家亲
2305|←,刘备,真名,知道,接,一家老小
2306|备,备,身,真的,想,吃芋,泥麻,糬
2306|突然,反应,过来,为啥,放,曹仁,走,主要,主力,樊城,不能,对手,反应,过来,埋伏,重点,严重,吓唬,对手,士气,妙,妙
2307|看看,这一弹,扶,速度
2307|真心,真心,搞,心眼儿,态度,一个,拜,一个,弹射,起步
2310|叙述,文武全才
2310|许攸,学着点,人情世故
2310|五弟
2310|为啥,徐庶,没有,妈,接过
2311|许攸,谦虚,这是,应得,没,磕,几个,不错
2311|年轻,时元直,云长,杀,恶霸,流落江湖
2312|许攸说,扶,块
2313|许攸,你立,大功,拜,一拜,无妨
2316|外置,大脑,刘备,爽坏
2317|可不,兴提
2317|会,暂停
2317|看看,元直,看看,傻子,许攸
2317|徐庶,化名,逃到,荆州,家中,族人,接济,母亲
2319|徐庶,身上,这件,暗纹,好好看
2319|暂停,鬼,表情
2319|UP,主新,三国,谢特味,泛出来,DOGE
2321|猴哥,附体
2321|文武双全
2322|前,43,集,配乐,李,一丁,老师,可惜,已经,仙逝
2322|截图,大师
2324|诸葛,傲,徐庶,谦卑
2324|徐庶,一个,家族,徐母,文化,妇女,家里,生活,条件,应该,不差
2324|徐庶,从来,没有
2324|徐庶家,氏族
2326|曹操,疑犯,追踪,系统
2326|瞎说,兴许,徐庶,妈,头上,感叹号
2327|徐庶,出身,颍川,寒门,寒门,贫民,阶级,典型,错误
2328|曹操,有钱,估计,花,一千万,装,数据,天眼,精准,锁定,徐母,定位,doge
2328|主线,任务,自动,标注
2328|哈哈哈哈,哈哈哈哈
2329|看到,疑犯,追踪
2330|徐庶,家里,条件,不差,学文,学武,游历,四方
2330|曹操,影密卫
2330|之前,北京,通州,法院,说,找,不到,一个,无赖,看来,曹操,真,厉害,找到,一个,乞丐
2330|曹操,对人妻,特殊,追踪,能力
2331|曹,老板,丐帮,里,卧底
2332|徐庶,游侠,起码,要强
2332|徐庶,文武双全,母亲,识文断字,这种,家境,乞讨,猪编,确实,脑子,正常
2332|杀人,通缉犯
2333|徐庶,以前,水镜,先生,混,吃,穿,不愁,徐庶,孝顺,老妈,乞丐
2334|许攸,急,先,磕,六个,头
2334|徐庶,法正,刘备,相性
2334|网格,员,抓
2335|寒门,起码,门,乞讨
2335|曹,老板,挑女,乞丐,找到
2336|噗
2338|说,说,徐庶,母亲,会,写信,家族
2338|下面,鸡,烧得,真不错,不会,客气
2339|曹操,正经,丐帮,出身
2339|新,三国,徐庶,一个,外头,月亮,里边,张飞,喝酒
2339|徐庶,战术,指挥,打仗,没有,刘备,战略规划,长久,不了
2340|寒门,没落,世族,沿街乞讨
2341|寒门,曾经,大富大贵,后来,没落,不配,寒门
2341|伐,蜀,先锋,徐元直
2341|不会,客气,幻听
2342|换大盏
2342|寒门,落魄,世家,原来,家里,起码,有个,爵,现在,连个,官身,没有,早期,刘备
2343|换大盏
2343|刘备,真,高兴
2343|想到,伏笔,↑,单,福,颍
2343|确实,抓个,乞丐,有点,本事
2344|祝,刘将军,健康,常胜,忠,诚
2344|穷,文富,武,徐庶,兼修,可能,寒门
2344|一边
2344|春风满面,刘皇叔
2345|刘备,下属,画,大饼,万人敌,目前,这小庙,不够看
2345|不会,客气,换大盏
2346|公司,年会,饼,先画,起来
2346|话分,两头,曹仁,惨咯
2346|寒门,≠,平头百姓
2346|老,三国,特有,镜头,一转
2347|底下,鸡,不错,晚上,饿,馋,死
2347|老,三国,特有,画风,一转,乐着,哭,说,公瑾,doge
2347|寒门,三代,没人,当官,世家
2348|镜头,语言
2348|画风,突变
2348|新,三王,允,家里,吕布,接济
2349|人类,悲欢,并不相同
2350|蜀汉,标准,配置,应该,徐庶,带,二爷,庞,统带,三爷,法正带,大爷,孔明,带子,龙
2350|寒门,落魄,豪门,可不是,布衣
2351|开,信息化,公民,系统,←,←
2351|画风,突变
2351|曹仁,关系户
2351|徐庶家,世家,大族,变成,乞丐
2351|刻上,樊城,酒徒,doge
2353|妈妈,乞讨,为生,OK,毕竟,不当,军师,之前,披头散发,隐士
2353|贝贝,今天,高兴
2353|丞相,大哥
2354|曹仁,真是,呆子
2354|想要,桌子
2354|兄弟,兄弟,治罪
2355|曹仁,遇上,刘备,吃,瘪
2355|曹仁,曹操,族弟,陈留,举兵,追随,曹操
2355|主攻
2355|领,三十,军棍
2357|哼哼,赵云,英勇
2357|曹,老板,突然,老,好多
2357|曹仁,曹操,最亲,几个
2358|丞相,大哥
2358|曹洪,表示,丢,潼关,差点,斩
2358|夏侯惇,败,升官
2359|曹操,说,赤壁,会成,回旋,镖,身上
2359|赤壁,大火,前,曹操,想起,这句,话
2360|曹操,自动,寻路
2360|曹操,愚蠢,欧,豆豆,呦
2360|欸,徐,胜兵,必骄,骄兵必败,吃,一个,败仗
2361|曹仁,夏侯渊,曹操,手下,两个,方面军,司令
2361|曹仁,曹氏,宗族,第一,大将
2361|曹操,胡子,白
2362|丞相,大哥
2363|败军,必胜,刘备,骄兵必败
2363|骄兵必败
2364|骄兵
2364|毕竟,兄弟
2364|突然,老
2365|奸雄,突然,间,胡子,花白,两鬓,沧桑
2365|曹仁,曹操,从弟
2365|哼哼
2365|骂,说明,救
2366|曹仁,我会,赏,一发,毒箭,周瑜,出出气
2366|骂,两句
2366|打败,袁绍,平定,北方,花,好几年,老,曹,已经,50,好几
2366|曹操,没事,后面,败个,更
2367|真,放弃,直接,拖出,砍,懒得,骂
2367|曹操,莫,急,大哥,找个,理由
2368|骂,两句,说,一句,doge
2369|念,亲戚,治罪
2369|曹,老板,意思,意思
2370|曹操,头发,已经,变白
2370|丞相,这妆造,老
2371|自家人
2371|曹仁,确实,立,功太多,出道,败,一次
2372|曹仁,不行,必须,诛灭,三族,dog
2372|曹操,罚,两,小时,之内,不许,吃饭,下去
2372|左边,好像,茄子
2373|曹仁,六边形,战士,变成,防守,指南针
2374|前面,丞相,这是,曹贼,丞相,有且,一个,诸葛丞相
2374|下不为例
2374|曹仁,主攻,城,将军,巨猛,二爷,变成,守城,将军,守城,一手
2374|李典,还好,上司,曹仁,真要,完球
2374|李典,起来,没说,赦
2376|曹操,头发,已经,变白
2376|念,罪,无可,恕,朕,不再,责罚
2376|亲戚,不能,沙
2377|曹,老板,头发,白
2377|曹操,思想,培养,一个,管理人员,容易,放,点错,正常
2378|好你个,李典,起来
2378|刘备,猥琐,发育,年
2379|丞相,这是,何太后,同款
2379|李典,副将,没有,决策权,肯定,担责
2381|曹仁,刘唐
2381|曹,老板,突然,老
2381|李典,没错,努力,打仗,劝阻,主帅,主帅,听
2381|不长,指,年
2382|汝南,没,拍,太,可惜,想,赵云,张,郃,面,高览,秒,掉,场景
2384|曹操,头发,已经,变白
2385|长
2385|怎么回事
2386|霹雳火,今天,突然,有勇有谋,背后,定有,高人
2387|哀兵必胜
2387|夏侯惇,放心,仁哥,弟弟,闯个,更,祸,大哥,带,骂
2388|曹,老板,想,挖走,徐庶
2389|时,不长
2389|头发,眉毛,有点,发白
2390|紫薇,瞎
2391|曹,老板,里面,衣服,漂亮,带闪粉
2392|衣着,真是,雍容华贵
2392|年
2392|发育,太快
2393|这件,衣服,吼吼,好多,小花,花
2394|曹,老板,老,刘,捡,宝
2395|罚酒,三杯
2395|曹,老板,有钱,名贵,高定,衣服,很多很多
2396|皇叔,氪,金
2396|阎象,背后,高人,指点,呐
2396|陈操,兵法,教,呆子
2398|衣服,亮亮的,闪粉,密织,金线,银线
2399|衣服,一看,便宜,反光
2400|能人,背后,有人
2400|我料,刘备,军中,必有,汉人,指点
2400|曹,老板,选代,BAN
2402|昨天,是从,经略,直播,这段,现场
2403|刘备,水冷,没漏,液过
2403|曹操,酸,大耳贼,出货,率,真的,高
2403|对面,一下,十个,程昱,自然
2404|单核,处理器,呆,唯
2404|刘备,这回,搞了个,水冷,水冷,搞,漏液,完
2406|老蒋,红军,四,渡赤水,想
2406|曹仁,族弟,能力,护犊子
2406|请哈基高
2407|Intel,·,刘,灯,灯
2407|读书人,要饭,大户人家,借粮
2407|曹操,奉孝,诈死,投,刘备
2407|是否,找,平泽唯
2408|能人,背后,有人,弄
2409|馋,刘备
2409|单,福,没听说过
2410|Intel,·,刘
2412|捡,SSR
2412|呆,唯,天下第一
2414|奇怪,奇怪
2417|探子,知道
2418|操,确定,来福
2419|情报网,发力
2419|前方,三国,计量单位,上线
2420|前方,计量单位,上线
2420|牛牛,桌子,可爱
2420|曾经,部将
2421|狗货,徐庶,数倍,数十倍
2422|十倍,警告
2423|曹,老板,案前,一条
2423|程昱,曹,老板,别怕,我来助
2424|程昱
2425|单,福,没听说过
2426|没事,十个,程昱
2426|计量单位,上场
2426|坏人,程煜
2426|老婆
2428|单福,贾明
2428|我超,盒
2428|程昱,曹,老板,我来,开,盒
2428|十分之一,徐庶
2428|此人,部将
2428|程昱,老阴,逼,化名,知道
2428|他原,马良,部将
2429|0.01,亮
2430|程昱,毒
2430|woc,盒
2430|击剑,♂
2430|徐庶,盒,武器
2430|计量单位
2431|程昱,牌人,肉干,dog
2431|平假,片假
2431|程昱,真的,坏人,前程
2431|贾明,何许人也
2431|程,出生
2431|开盒
2431|假名,公子,刘传林
2432|老乡
2432|大汉,汉尼拔
2432|平假名,片假名
2432|陈昱
2432|计数,单位
2433|史记,最早,开盒,录像
2433|他用,假名,知道
2433|美食家
2433|67,岁,程昱,年轻
2433|大魏,HR
2433|会做人,能识
2433|记得,徐庶,本名,徐福,改名,徐庶
2433|さ,ん,ふ
2434|是不是,程昱,徐庶,矛盾,大佬,知道
2434|程昱,认识,太
2434|贾明,山西,黑驴,沟,贾家,屯之人,外号,恨天,恨,环铁,霸王,金头,虎,贾明
2434|平假名,片假名
2434|徐庶,十倍,于昱,庶比亮,犹如,萤火,皓月,问,孔明,几昱
2434|程昱,开盒
2435|食人魔,陈昱
2435|假名
2435|好家伙,曹操,刘备,早先,知道,徐庶,真名,刘备,离别,最后,一刻,知道,真名
2435|平假名,片假名
2435|徐庶,卧槽,盒
2435|百分之一,诸葛亮
2436|十倍,程煜
2436|徐庶,我超,盒
2436|握草,盒
2437|シ,ア,ン,フ,单福
2437|老乡,美食家
2437|盒,武器
2437|贾明,何许人也
2438|平假名,片假名
2438|贾明
2438|徐庶,盒
2438|知道
2438|从前,部将
2438|论给,假名,再起,假名,重要性
2438|知道
2439|土木,老哥
2440|程程
2440|假名,知道
2440|我超,盒
2440|幼年,好学,基建
2441|看来,徐庶,年轻,时,两把刷子
2441|程昱,每次,张嘴,出生
2441|卧槽,盒
2441|路见不平,拔刀相助,乃侠者,之义
2441|wc,盒
2441|厨子
2442|东汉,开盒,第一
2442|暴打,不平
2442|徐福
2442|卧槽,盒
2442|擊劍,→,中,國,古代,就是指,劍術,訓練,拜,託,不要,想歪行,嗎
2442|丕,腦,闆,著名,擊劍,高手
2442|程昱,GPT
2443|卧槽,盒
2443|元直,土木,老哥
2443|知道,合着,徐庶,行走,江湖,常年,一个,假名
2443|我超,盒
2443|为啥,知道
2444|善,暴打,不平
2444|游侠,单福
2444|程昱,曹,老板,别慌,开
2444|徐庶,盒构,屋檐
2444|不平,惨,高尔夫,先生,惨
2444|10,徐庶,诸葛亮,‰,庞,统
2445|曹,老板,介绍
2445|善,暴打,不平
2445|感觉,之前,荀彧,演员,年纪,现在,程昱,换,一下,会,不错,毕竟,气质,演员,适合,程度,无所谓
2445|故事,告诉,假名,不能,一直,总有一天,盒
2445|一个,圈子里
2445|好击,♂,剑
2445|好学,基建,hhhh
2446|好学,基建
2446|关键,知道
2447|基建,狂魔,徐庶
2447|当年,击剑,正常,词汇
2447|暴打,不平
2447|马甲,搞,几个,认出来
2447|打架,会,杀人
2447|程昱,颍川,士族,不要,小瞧,情报网
2448|不平,暴打,呜呜
2448|不平
2448|汉末,剑圣
2448|开盒,王,程煜
2448|不平
2449|程昱,岂,间接,害死,徐庶,老妈,徐庶,了不得,报复
2449|天乃高且,远,安可,事事,自下
2449|游侠,气质,很快,刘,关张,打成一片
2449|暴打,不平
2449|老板,莫慌,盒,武器
2450|wc,盒
2450|程昱,百科
2450|刘备,性格,挺
2450|徐庶,我超,盒
2450|不平,犯,事,为啥,暴打
2450|刚刚,挂机,开户
2450|不平,年少,徐庶,暴打
2451|云长,简历
2451|毒士
2451|早年,开盒
2451|我超,盒
2452|暴打,不平
2452|握草,盒
2452|开盒
2452|我超,盒
2453|曹操,有点,意思
2453|徐庶,我超,盒
2453|剑圣
2453|交友不慎
2453|暴打,不平
2453|知道,两人,认识
2453|几句,介绍,知道,关张,能处,关二爷,卖,豆子,老家,干
2453|瞬间,开户
2453|七眼索,相
2453|程特,GPT
2454|一个,地方,抬头不见低头见,颍川
2454|早期,游侠,代表
2454|计,♂,件
2454|徐庶,十几,二十岁,事儿,年轻,小伙子,气盛
2454|开盒
2455|颍川,圈子里,知道,这人
2455|同学
2455|曹,老板,启动,盒,武器
2456|夏侯惇,有点,意思
2456|关二爷,兄弟
2456|程昱,徐庶,同学
2457|曹操,不少,时,不行,属于
2457|太,出名,不好
2457|徐庶,抓错,复姓,皇甫,乃沛国,客商
2458|问名,不答,过路,客商,复姓,皇甫,认错
2458|徐庶,666,秒,开
2458|卧槽,盒,武器
2458|程昱,颖川,士族
2458|曹,老板,熟悉
2459|二爷,年轻,当过,游侠
2459|阜阳,颍
2460|游侠
2460|少年,杀人,夏侯惇
2461|典韦,当年,为友,报仇
2461|徐庶,染面,涂须,炸,登州
2462|曹,老板,说,缘分
2462|过路,商客,复姓,皇甫,抓错
2463|麦当劳,看看,你家,员工
2464|侠客,简称,徐,侠客
2465|曹操,义士
2466|东汉,末年,HR,程昱
2467|路易吉,看看
2467|超核
2467|←,徐,庶,武力,值,最高,一集
2468|知道
2469|缺,大德,程煜
2469|说出,吾,名,吓汝一,跳
2470|曹,老板,听书
2470|徐庶,性格,游侠,之风,关张,性格,更,合得来,关张,愿,听,徐庶,诸葛亮,高士,性格,不讨,关张,喜欢,胜仗,关张,服
2472|简历,曹操,听,多半,喜欢,毕竟,当年,意气风发,快意,恩仇
2472|曼乔尼
2472|徐庶,犯罪,单福有,关系
2473|曹,老板,肃然起敬
2473|游侠
2473|如聂政,故事
2474|曹,老板,想到,当年,刺杀,董卓,逃难
2474|事情,正史,记载,徐庶,大部分,颍川,人不太,特点
2474|颍川,多出,饱学之士,治,经典,善,刑名,纯,学术,氛围,非常,浓厚
2475|身份证
2475|至少,孝廉,级别,才学,肯定,超过,茂才
2475|没有,屈打成招
2477|曹,老板,看来,硬骨头,符合,本相,选人,标准
2477|时常,被常威,殴打
2477|元,直莫慌,石韬来
2477|徐庶,游侠,作风,喜好,武学,颍川,学术,派,不太爱带,玩,正经人,不学点,知识,天天,习武,不行
2477|原来,名人,哈哈哈
2477|这是,正史
2477|曹操,卧槽,简直
2479|真名,显现
2479|老乡,见,老乡,背后,一枪
2480|换,名单,福,认出来
2480|徐庶,我糙,盒
2480|馋
2481|曹仁,李典,哥俩,输给,高人,丢脸
2482|曹操,仁义,喜欢
2483|莫非,友人
2483|圣枪,游侠
2484|程昱,真是,递上,推
2484|张松
2486|没,刷,100,万,我理,干嘛
2486|徐庶,这种,传统,游侠,确实,喜欢
2487|密码,正确
2489|复姓,黄甫,乃是,一名,客商
2490|复姓,黄甫,名章
2492|越缺,越想,曹操,敬重,关羽
2492|徐庶,学武,救,不了,大汉
2494|学武,救,不了,大汉
2495|高顺,说得对
2495|学理,理科生,震怒,dogo
2496|可惜,学理,造出,霹雳车,弩床
2496|曹,老板,心动
2497|怎地,学理
2497|曹操,感同身受,可惜
2497|学剑救,不了,东汉
2497|徐庶,程昱,挺,文武,皆备,行侠
2497|徐,庶神,天才,年少,学武,后来,才学,文,达到,顶级,谋士,水平
2497|挖过来,当手,办
2498|学理
2499|带句,庞统,曹操,不会,走
2501|添下,芝士
2501|后面,周仓
2501|周瑜,庞统,智力,98,徐庶,智力,97
2502|半路出家,变成,t1,级别,谋士,徐庶,挂
2503|关键,程昱,徐庶,刚正不阿
2503|鉴证
2503|曹,老板,明白,司马徽,请来
2503|懂,挖,司马徽
2504|曹操,直接,找,司马徽
2505|十倍,警告
2506|程昱,行侠,指吃肉,干吗
2506|曹仁,李典,对视,不怪
2507|曹,老板,想,奉,孝
2508|汉朝,游侠,士子,佩剑,不单是,装饰,拔出来,真能,砍
2508|曹,老板,心动
2510|徐庶,半路出家,确实,牛,逼
2510|曹操,司马徽
2510|曹操,挖人,找个,台阶
2511|三国,计量单位,程昱,上线
2511|计量单位,程昱,上线
2512|十倍,数十倍
2513|十倍
2514|计量单位,上线
2514|10,倍
2514|就此,三国,统一,军师,度量衡
2514|速答,十倍,百倍
2514|十倍,九倍
2515|道德,十倍
2515|智力,910,道德,90
2515|三国演义,第一,定理
2515|诸葛亮,十徐,庶,一百,程昱,doge
2515|徐庶,10,贲育
2516|计量单位
2516|十倍,数十倍
2516|数十倍,十倍
2516|程昱,武将,带兵
2516|程昱,计量单位,之路
2516|暗荣,智力,对数
2517|问题,诸葛亮,之才,必君
2517|可能,绝对,可能
2517|可能,十倍,数十倍
2517|可能,绝对,可能
2518|曹操,徐庶,智力,900
2518|一百个,程昱,等于,一个,诸葛亮,亮,100,智,昱,智,doge
2518|可能,绝对,可能
2519|可能
2519|意思,智力,92,920
2519|0.01,诸葛亮
2519|程昱,谦虚,看看,魏书,评价,贾诩,齐名,谋士,会,徐庶,差,那才真,见鬼
2520|智力,800,道德,90
2520|智力,900,道德,90
2520|曹操,徐庶,智力,900
2520|搞,情报
2521|曹操,OK,YOU,ARE,FIRED
2521|十个,程昱,单位
2521|曹,老板,愁,大耳贼,抽到,卡
2521|道德,负,一千,咯
2521|程昱,比较,特别,点,带兵,出,谋略,没有,输给,徐庶,太多,这纯,谦辞
2521|十倍,数十倍
2522|已知,100,程昱,等于,一个,诸葛亮,一个,臭皮匠,等于,程昱
2522|诸葛亮,等于,一百个,程昱
2522|三国,计量单位,一昱
2523|没,毛病,程昱,道德,徐庶,道德,90
2523|可能,绝对,可能
2523|米哈,游,常数,10
2523|太,夸张
2523|百倍,夏侯惇
2524|又双,叒,叕,落,刘备,手下
2524|可能,不止
2524|十倍,说,900,智力,80,道德
2524|三国演义,第一,定理
2524|氪,佬,沉船,看见,欧皇,一发,入魂,酸,死
2525|当年,一个,徐庶,相当于,现在,一千个,程昱
2525|十倍,指,道德
2525|数值,膨胀
2526|曹,说
2526|程昱,客气,客气,默认,学学,新,三,曹,老板,可能
2526|为啥,说
2526|落,刘备,手下,跟着,赏空,食盒
2527|曹,老板,是不是,开,狗,一个,ssr
2527|刘备,徐庶,之前
2527|张飞,最谋
2527|关张,见过面,斩华雄,曹,老板,亲自,递,酒
2528|灵性
2528|诸葛亮,智力,100,徐庶,智力,10,程昱,智力
2528|说
2529|羡慕,嫉妒,恨
2529|意思
2529|10,倍,程昱,自谦,演义,需要,夸大,效果,不必,当真
2529|曹操,回,回大,保底,单,抽金,系统,太,欺负
2530|曹操,徐庶,智力,900
2530|曹,老板,欧皇,大耳贼,气气
2530|意思
2530|曹,老板,呜呜
2530|诸葛亮,相当于,一百个,程昱
2530|意思
2531|忘不了,高达
2532|丞相,先,别急,感叹,后边,皇叔,更,猛
2532|道德,十倍
2533|程昱,一车,拳西
2533|诸葛亮,这才,哪到
2534|哈哈哈,哈哈哈,哈哈哈哈
2534|曹,老板,手下,已经,谋士,如云,猛将,如雨,天天,眼馋,大爷,手下,三瓜,俩,枣,太,过份
2535|曹操,保底,tm,荀彧,SSR,勾,SSR
2535|问,程昱,同学,怕不怕
2536|氪,佬,眼红,欧皇
2536|后面,诸葛亮
2536|智力,900,发现,相对论
2536|程昱,其实,不错
2536|刘备,懂不懂,魅力,99,含金量
2538|后面,重量级
2538|孙乾
2539|氪,金,选手,欧皇,一个,咬牙切齿
2539|说,可能,是因为,之前,二爷
2540|刘备,懂不懂,东汉,末年,唯一,一个,魅力值,100,含金量
2541|天下英雄,唯,使君,操耳,曹操,承认,刘备,奇怪
2541|氪,佬,欧皇,差距
2541|正常,有钱,装备,没钱,变异,滑稽
2541|氪,佬,欧狗
2542|主要,曹,老板,手下,不弱,张辽,徐晃,程昱,贾诩,挺,光,数量,压死,刘备
2542|曹操,氪,党,刘备,老是,出,SSR
2543|人类,怎可,魅魔,相提并论,Doge
2543|曹,老板,忙,打仗,忽略,提升,魅力,属性
2543|诸葛亮,别急,这才,哪到
2543|刘皇叔,急呀,曹,老板,后面,百倍,程昱
2543|诸葛亮,猜,为啥,投
2544|魅力值,高是
2544|史,刘备,这厮,命好
2544|刘备,这厮,围何,命好
2544|庞统,1000,程
2545|曹,老板,知道,有朝一日,沦落,刘备,境地,不会,几个,跟着,手底下,士族,投靠,过来,将领,有家,有业,不会,抛,家舍业,跟着,曹,老板,流浪
2545|刘备,魅力值,满,拼
2546|不三途,徐州,没准,卧龙,跑
2546|刘备,那厮,命好,JPG
2546|东汉,第一,魅魔
2547|曹,老板,手里,体验,皇帝
2547|一个,生气
2547|这句,季汉,浪漫
2547|懂不懂,人德,含金量
2547|刘备,正统,加成
2548|刘备,这种,单,抽,池里,抽,一个,准,放在,时代,挂壁
2548|人品问题
2548|汉室,宗亲,身份,加,100,点,魅力
2548|氪,佬,欧皇,区别
2548|曹,老板,背书,天下英雄,操,使君
2549|懂不懂,东汉,魅魔,含金量
2549|徐庶,挺,不去,魏,留给,关羽,多好
2549|人形,魅魔
2549|喜欢,233
2549|没事,后边,真神,级
2549|别急,后面
2549|曹操,欧皇,没,钱,配置,有钱,岂,上天
2549|徐庶,好歹,读书人,要饭,大户人家,借粮,不会,真的,上街,乞讨
2549|欧皇,朋友
2550|魅魔,闹
2550|东汉,魅魔
2550|喜欢,没,发现,隐藏,魅力,一百
2550|00
2550|刘备,张张,ssr,死,一个,重大损失
2551|长得帅
2551|魅力,max
2551|程昱,是不是,太,年轻,曹操,十几岁,差,一辈
2551|名声,大汉,正统
2551|懂不懂,大汉,魅魔
2552|司马懿,没事,老板
2552|看看,德行
2552|仁,の,力量
2554|徐庶,误交,损友
2554|一种,欧皇,第二,嫉吐槽,皇,第一,感觉
2554|东汉,魅魔,含金量
2554|程昱,真不差
2556|招来,成,闲人
2556|召来,确实,不难,难
2557|发兵,北极
2557|赚,入伙
2557|程昱,徐庶,我要,抓走,麻麻
2557|老,曹屠,徐州,名声,太臭
2559|一个,氪,佬,一个,欧皇
2559|绑,老娘,招太损
2560|曹操,何许人也
2561|程昱,荀彧,演员,年龄,对调,一下,可能,差不多
2561|杀,即可
2561|先生,有何,损招
2562|奉孝,文若
2562|姓程,一家子,一肚子,阴谋诡计
2562|仲德太,缺德
2563|道德,值,个位数,程昱
2563|出损,招
2563|说,西凉,马腾
2563|出生,程昱
2564|缺德,大王
2564|曹操,刘备,我养,无所谓
2564|程昱,老出,损招
2564|纯纯,毒计
2565|猎头
2566|程昱,老阴臂,吃,损招
2566|程昱,干,缺德事
2566|手,掐,损招
2566|程昱,活,狠
2567|吴用,行为
2567|计策,逼人,投,实心,办事
2568|讲个,冷,知识,程昱,曹操,年龄
2568|原来,小子
2568|说,吴用,关系
2570|不难,缺德
2570|程昱,真,缺德
2570|吃,肉脯,放,好屁,小声
2571|好歹,皇叔,名份
2571|吴用,级别,损招
2572|保护性,收购,老,刘用,都行
2573|伤天,伤文,损,阴德,损仲德
2573|出活,全家,计策
2573|沿街乞讨
2574|程昱,缺,大德
2574|吴用,敢,食人否
2575|程昱,主意,贾诩,毒
2575|吴用,祖师爷
2575|贾诩,毒士,名号
2575|曹操,以选代,ban
2576|缺德
2576|程昱,真,缺德
2576|赚,上山
2577|做法,确实,有点,不当
2577|后边,听到,这句,愣
2578|姜维,人称,徐庶
2578|演义,缺德,能手,劝,杀,刘备,派,关羽,出阵,借刀,杀,刘备,劝,杀,关羽,绑架,徐庶,老娘,老贾,没,缺德,计策
2578|我超,牛
2578|太毒,这招
2579|平民,玩家,重,氪,玩家,平起平坐
2579|想,阴暗,点,程昱,知道,这样一来,徐庶,不会,曹操,所用,铲除,曹操,威胁,不会,危及,地位
2580|后面,那人,说
2580|赚,上山
2580|初代以,抢代,ban
2580|不愧
2581|一脸,不屑,↓
2581|做,肉干,一点,怀疑
2582|贾诩,计谋,毒,程昱,底线,低,没有,底线
2583|这位,真,吃,狠
2583|赚,许都,坐,交椅
2583|缺德
2583|程昱,历史,真正,毒士
2583|说实话,主意,积德
2584|出生,程昱
2585|新三猪,编,大概,无人,奉养,理解,成没人,生活费,要饭
2585|仲德,元,直来,北方,上班,间接,害死,母亲,元直,先学,击剑
2585|损,阴德,损仲德
2586|智多星,程昱
2586|赚人,梁山
2586|赚,上山
2586|放在,火上,生生,烤,死,bushi
2587|伤人,伤文,损,阴德,损仲德
2587|毕竟,食人魔,法师
2587|赚,来许
2588|损,阴德,损仲德
2589|老,三国,里,程昱,可比,老贾,出生
2589|后面,谋士,集团,程昱,你好,毒
2589|釜底抽薪
2590|臣闻,以孝治,天下
2590|三国,第二,出生,程昱,第一,贾诩
2590|赚
2590|↓,宋江
2590|真损
2591|丞相,演过,宋江,十分,了解
2592|赚,上山
2592|好歹,先来,好生,赡养
2594|姜维好,熟悉
2594|忠孝,两难,全
2594|徐母,请来,没有,逼,徐母,后来,骗,徐母,笔迹,诓,徐庶,北投,这计,毒
2595|世界,线,改动
2596|初升
2596|这种,阴招,真,败坏,名声
2597|诸葛亮,收姜维,一招
2597|巧,山东,版,水浒,宋江,曹,老板,演
2599|毒,徐庶,母亲,必死
2599|一个,智多星
2599|民是,铁饭,钢,程昱,恨铁不成钢
2600|隔壁,水浒,上界,星辰,契合,设定,山,兄弟
2601|为啥,徐庶,不先,母亲,接过
2601|赚,徐庶,上山
2602|徐庶,没破,这招,说,十倍
2602|架,炭火,放火,烤,徐庶,救
2602|姜母,非常,愿意,儿子,加入,汉军
2603|后面,间接,徐母,害死
2603|版本,变
2603|徐庶,重要,刘备,集团,里,重要
2604|←,曹操,后面,徐母,杀,不毒,程昱,想,伪造,笔迹
2604|去啊,阳谋
2604|附议
2605|当阳
2607|直接,变成,杀,母之仇
2607|不知,老夫,今宵,可愿
2608|接
2608|说,曹操,挖,人才,这方面,真,猛力
2608|徐庶,好歹,读书人,要饭,大户人家,借粮,不会,真的,上街,乞讨
2608|诸葛亮,德化,服人,看看,曹操,招
2609|宝备,曹贼,丟雷,螺母
2609|早期,抢代,ban
2610|徐母,扮演者,少年,包青天,里面,卓七婶
2611|拿来
2611|生,十分,美丽
2612|劫取
2613|颍川,应该,位于,今天,河南省,许昌,禹州市,曹操,眼皮底下
2613|杀心成,焚酱
2616|徐母,骂,曹贼
2617|北方,要饭,老太太,一个
2617|徐庶,好歹,读书人,要饭,大户人家,借粮,不会,真的,上街,乞讨
2618|现代,社会,想,找,一个,乞讨,多年,容易
2618|到底,颖上,颍川
2620|颍川,许昌,曹操,老窝
2620|丐帮,找
2620|头上,叹,号
2621|猪,鞭,乞丐,姓朱,名元璋,名叫,重八
2621|许昌,颍川,下面,一个,县
2621|曹操,搞出,乞丐,估计,输不起
2622|三国,大道,找
2622|或者说,徐母,真的,要饭,说明,徐庶,根本,关心,要挟,徐庶
2622|现在,想,找到,乞丐,容易
2622|没,照片
2622|现代,社会,难
2623|不难,加入,丐帮
2623|徐母,骂,曹
2623|更何况,东汉,末年,压根,不缺,要饭
2624|夫人,今宵,可愿,同席,共,枕乎
2625|咱家,说,咱家,不怕难
2625|今宵,愿,同席,共,枕否
2625|家里,应该,有点,势力,读不起,书
2626|夫人,生,美丽
2627|老夫,今宵,愿,同席,共,枕否
2627|不要,要饭,穿
2628|要饭
2628|徐母,早闻,曹操,喜好,人妻,莫非
2628|老夫,今夜,肯,同席,共,枕否
2628|一段,徐母,表现,出,知书达理,书香门第,出身,简直,绝,要饭,普通,女子,年代,字,认识
2628|徐,母,骂,曹
2629|前,几年,见到,一两个,乞丐,现在,确实,没,见
2629|丐帮,里面,内奸
2630|夫人,愿,枕共席否
2630|曹操,老夫,同床共枕,否
2630|老夫,肯纳,元直,之降
2630|气场
2631|不知,夫人,今宵,愿,同席,共,枕否
2631|吴国太
2631|胖,东来,开业,请,徐母,尽取,其间,百货
2632|我见,老妇人,十分,美丽
2633|不知,夫人,今宵,愿,同席,共,枕否
2634|不知,老夫,今宵,愿,同席,共,枕否
2636|礼数,徐母,座,曹,老板,程昱,旁边,伺候,礼数,拉满
2636|我闻,夫人,生,十分,美丽
2636|夫人,今宵,愿于,吾
2637|徐母,生,十分,美丽
2639|可愿,同席,共,枕否
2639|徐母,太,轻信,曹操,知道,曹操,目的,后面,徐母,之烈,怕,当场,修,绝笔,书,自杀
2640|老太太,气场,很强
2641|徐母,不好
2641|假,乞丐,打击,产业链
2641|这身,闪闪发光
2642|要饭,见识
2643|徐母,看来,徐庶,愚孝
2644|刘备,何许人也
2645|妙玉
2645|问题,出生,想,问,为啥,徐母,自刎,归天
2646|名,场面
2647|听,这话,爱,听
2647|徐母,那就好
2647|徐母,写字,教出,徐庶,人才,家庭,不能,差
2649|古代,女性,读书,家庭,简单
2649|曹贼,奸贼
2649|要饭,教不出,徐庶,这种,人才
2650|古代,娶妻,娶,贤,可不是,说,说,徐庶家,起码,一个,读书,世家,主母,见识
2652|穿,黄袍,额
2652|需,一千万
2653|徐母,贼,狗叫
2654|骂,死
2655|←,黄袍,黄色,这时候,皇家,专用
2655|妙玉,事
2656|曹,老板,换,一件,衣服
2656|有人,保举,做,公务员,在线,急,doge
2657|全篇,最刚,老太太
2658|徐母,骂,曹
2658|东汉,红袍,不能,乱穿,黄袍,随便,穿
2658|汉朝,尚红黑,黄袍,不算,僭,越
2659|古代,女,男,读书,识字,家庭,很不简单
2660|古代,女人,读书,很多,明朝,女子,无才,便是,德
2660|曹,老板,剧里,每次,出场,换衣服
2661|古代,能习,武,读书,小康家庭,良家子
2662|徐母,写,一手,好字,大家闺秀,无疑
2664|曹,老板,具有,迷惑性,没有,点,阅历,真信
2664|两家,公司,服务,客户,挺,人人,羡慕,岗位,钱少事,心烦,妈,说,痛快,想,辞职,支持,不会,说,想,干,干不了,这种,扫兴
2667|旁邊,那名,奴婢,手持,便面,扇子,前身,這,便面,復,原得,好看
2669|名者,命,名声,坏,寸步难行
2670|汉朝,穿,黄,唐朝
2671|程昱,好像,会,模仿,书法
2671|徐母,高义
2672|母亲,难道,儿子,朝廷,有个,编,工作
2673|曹操,贼
2674|曹操,太,着急,没,统一,想,称王
2674|猜,儿子,为啥,敢,为民除害
2675|←,前面,说,普通,母亲,徐母,可不是,普通,母亲,徐母,理想
2676|新三说,徐母,要饭,简直,搞笑
2676|三国,礼乐,教化,没崩
2676|曹操,贼,这是,三国演义,三国演义,明写,篡汉
2677|小哥,咬,嘴唇,可爱
2678|三国,时能,写字,女性,地位,高
2679|徐母
2680|货,走路,妖娆
2680|古人,没,势利,满清,以前,忠信,华夏,崇尚
2681|抢夺,天子,权力,不算,贼
2681|徐母,一个,篡逆,之辈,有待
2682|徐母,出场,一段,整个,闲母,塑造,一下,就立,起来
2682|徐庶,母亲,这位,演员,复姓,澹台
2682|三国演义,一直,宣扬,仁义道德,做人,基础,唾弃,残暴不仁,见利忘义,好家伙,新三全,颠倒,过来
2683|刘备,吾,俦
2684|忠,满清,改成,愚忠,忠君,本义,愚忠
2684|刘备,忠厚
2684|久居,行伍,丘八
2684|曹操,汉贼,当时,第一,汉贼,历史,汉贼,大功
2685|当年,部将
2685|坏人,好书,卖
2685|徐母,头上,发钗,好像,两个,耳朵
2686|吾,同为,当世,英雄
2686|操腦,闆,黃,金,穿,身上,嗎,金燦燦,桑蠶,絲錦袍,好囂,張,錢
2686|徐母,性情,刚烈
2687|徐庶,妈,见过世面,献帝,还好,说,现在,曹操,曹操,编制,朝廷,编制
2687|涿郡,刘郎,doge
2687|徐母,见识
2688|曹操,汉贼,何必,多问
2688|天下英雄,唯,刘备,操耳
2688|大奸,似忠,大伪,似真
2688|刘备,下部,能力,之下
2689|孙策,真的,母亲
2689|曹操,说,真,没,问题,以前,重用,反叛
2689|这会,自杀,徐庶,死心塌地,刘备
2689|自我介绍
2690|皇叔
2691|涿郡,小备备
2691|自我介绍
2691|天下英雄,唯,使君,操耳
2691|今天,英雄,唯,使君,操耳
2691|涿郡,刘郎
2692|大爷,兄弟,成,涿,郡,小辈
2692|全文,背诵,中天,圣经
2692|刘备,小熊
2692|唯,使君,操耳
2693|涿州,一个,卖,草鞋
2693|天下英雄,唯,使君,操耳
2693|刘备,当年,青梅,煮,酒论,英雄,可不是,说
2694|红红火火,恍恍惚惚
2694|孙伯符
2695|曹操,涿郡,刘郎,全无,信义,doge
2696|刘备,英雄
2696|涿郡,小辈
2696|眼神,闪,一下,有点,害臊
2697|带点,个人,感情,hhh
2697|刘备,当初,喝酒,可不是,这话
2697|原著,原文
2697|大奸,似忠,大伪,似真,doge
2697|自我介绍
2697|乖乖,这件,衣服,质感,好强,穿,身上,一定,很帅
2697|密码,错误
2697|诓骗,反正,一介,女流,不知,天下大事,奸雄,样,真不错
2697|全无,信义,肺腑之言,呐,厚待,衣带诏,背刺
2697|唯,使君,操耳,小人,23333
2698|大耳贼
2698|自我介绍
2699|吕布,说得对
2699|娘养,儿子
2699|使君,操耳
2699|眼神,发虚,2333
2699|眼神,闪躲,曹,老板
2699|曹,老板,明显,愿意,扯谎,表情
2700|自我介绍
2701|差不多
2701|精准,自我,描述
2701|确实,信义
2701|徐母,比君
2701|朱编,拍
2702|说
2702|大奸,似忠,大伪,似真
2702|自我介绍
2702|表情,绷,不住
2702|涿郡,刘郎
2703|大忠,似奸,大伪,似真
2703|说,假话,心虚,眼神,闪躲,演,真
2705|徐母,毒舌,刚胆,铁壁
2706|徐母,气笑
2706|大奸,似忠大伪,似真
2708|猪,突进,不道
2710|话,说,曹,老板,是不是,看上,徐母了,狗头,保命
2710|话,说,曹操,说,天下英雄,使君,操
2711|左下角,曹操,眼神
2711|刘胜,对不起,实在,记,不得了
2714|镜头,语言
2714|大汉,魅魔,含金量
2714|徐母,居于,上位,主座,真是,给面
2715|觉得,这不太,合理,曹操,会,明白,这是,威胁,威胁
2715|老,三国,台词,听,太,舒服
2716|曹操,知道,问
2716|曹操,魅力,99,没有,距离,限制
2717|曹操,竟然,不许
2717|曹,老板,这小,眼神,不好,真的,懂
2718|镜头,绝
2719|刘备,被动,魅魔,能力,范围,广
2719|曹操,麻蛋,个人,知道,真,烦人
2720|刘玄德,乃是,小熊
2720|曹贼,眼神,笑,死
2721|曹,坏,她家,通网
2721|曹操,问
2723|坏,真,懂
2723|刘备,懂不懂,唯一,一个,魅力值,100,含金量
2723|曹,老板,知道,特,问
2724|东汉,魅魔
2725|顶级,魅魔
2725|曹操,喜欢,可惜,签,衣带诏,不得不
2726|曹,这牢备,不削,玩
2726|曹,老板,徐家,上网
2726|曹,老板,这魅,魔,无法无天,无差别,乱,杀
2726|妇女,之友,刘玄德
2727|徐母,演员,找
2727|刘玄德,魅力,100,上限,100,上限,500,刘玄德,魅力,起码,499
2728|英雄,曹阿瞒,说
2729|正宗,皇叔,粉丝
2729|曹,老板,着急,久居,颖川,还养,徐庶,可能,寻常,老妇,诶
2730|配角,演,传神,老,三国,真,好看
2730|老太太,要饭
2731|这魅,魔,老妇人,魅得,住
2732|近代,一位,母亲,抗日,英雄,马本斋,母亲,白氏
2733|只不过,一个,篡逆,之碑
2733|气节
2733|小人,当面,唯,使君,操耳,背后,说,坏话,哈哈哈哈
2733|篡逆,之辈,袁绍,音
2734|暴击
2734|徐母,应该,想激,曹操,杀,避免,儿子,为难
2734|暴击
2734|曹操,英雄
2735|敢,直接,当面,骂,曹,老板,徐母,非常,正气
2735|好家伙
2736|贞烈,真敢,说
2736|捅,肺,管子
2736|好家伙,三国,里,曹操,面骂,没,几个
2737|徐母,发动,刚烈
2737|贴脸,开大
2737|贴脸,开大
2737|曹操,这话,感觉,耳熟
2737|骂
2737|诛心
2738|真,当面,骂,太爆
2738|贴脸,开大
2738|弱点,击破
2738|破大防
2738|直言不讳
2739|奖池,累积
2739|脸色,已经,非常,难看
2739|漂亮
2739|曹操,不豪,老夫,本初,附体
2739|贴脸,开大
2740|确实
2740|周瑜,东吴,骂,徐母,真豪杰
2740|头风,犯
2740|握草,贴脸,开大
2740|老太太,骂,破防,曹,老板
2740|好家伙,指着,鼻子,骂
2740|这位,演员,阿姨,复姓,澹台,非,等闲之辈
2740|老夫,人勇
2740|地球,知道
2741|沙鲁
2741|啊啊啊
2741|奸贼,恶贼,逆贼
2741|直抒胸臆
2741|VIP,喷位
2742|徐母,太帅
2742|放肆
2742|篡逆,之辈
2742|老板,肉眼,地红温
2742|全剧,第一个,汉贼
2743|哈哈哈,哈哈哈
2743|方面,骂
2743|确实
2743|好勇,直接,家伙
2743|老夫,不活,随便
2743|徐母,大义
2743|哈哈哈,哈哈哈
2743|当面,骂,nb
2743|老太太,太刚,夸夸,刘备,当面,骂,曹操
2743|我头风,病愈
2744|骂
2744|贴脸,开大
2744|爆,爆
2744|卧槽,真,勇士,不惧,生死
2745|真敢,说
2745|爆
2745|东兴,何总,改正,归邪
2745|恼羞成怒
2745|宫女,无奈,拦,一下
2745|骂,太狠
2745|太猛
2745|说句实话,徐庶,母亲,老,挺大得,裹,紧,胸部,还弹,起来
2746|掷,盒斥,曹
2746|老夫,太猛
2746|骂
2746|徐母,激怒,曹操,只求,一死,死,徐庶,绝不,可能,曹操,所用
2747|曹,老板,好惨
2747|老夫,再狠点,直接,自尽
2747|贴脸,开大
2747|曹,老板,扔
2747|曹操,HP
2747|卧槽,老太太,真刚,猛,直言,丢,东西
2748|爽
2748|尔要,试试,宝剑,是否,锋利
2748|脸色
2748|曹,老板,老夫,说会,显得,没有,面子
2749|好刚
2749|字字,诛心
2749|坏,头风,治
2749|破防
2749|牛
2750|太勇
2750|徐母,想,曹,老板,杀,好安,儿子,心,真,刚烈,妇人
2750|曹贼,奸贼,恶贼,逆贼
2750|徐母,刺杀,魏武王
2750|徐母,求,死,曹操,一怒之下,砍,徐庶,一生,会,刘备,效力
2751|奸贼,恶贼,逆贼
2751|贴脸,开大
2751|完,吃硬不吃软,BUFF,加一
2751|改正,归邪
2751|好多,红楼,配音演员
2751|徐母,真的,刚烈
2752|╯,‵,□,′,╯,┻,━,┻
2752|斩
2752|逆贼,奸贼,恶贼,曹贼,—,—,马,四
2752|不让,儿子,毁,前程,徐母,主动,求死
2752|真牛,逼
2752|奸贼,逆贼,恶贼
2752|曹,老板,真,斩,完
2752|逆贼,奸贼,恶贼
2753|徐母,曹,贼,奸贼,恶贼,逆贼
2753|徐母,刚直
2753|逆贼,恶贼
2753|剑,未尝,不利
2754|哈哈哈
2754|老太太,威武
2754|曹贼,奸贼,逆贼,恶,贼
2754|逆贼,奸贼,恶贼
2754|说实话,真杀,后期,刘备,真,如虎添翼
2755|夫人,好刚,怪不得,孩子,家庭教育
2755|烈
2755|曹,老板,第一次,刺杀
2755|book
2756|哈哈哈哈,哈哈哈,骑脸,输出
2756|曹,老板,气,懵
2756|叉,出去
2756|秦汉,时期,气节,重于,性命,徐母,求,死,砍,成全
2756|字字,扎,心窝,一句,破防
2756|大义
2756|曹贼,恶贼,奸贼,逆贼
2756|曹贼,奸贼,恶贼,逆,贼
2757|斩,骂,徐庶,死心塌地
2758|徐,老夫,配音,红楼梦,里,王夫人
2758|且慢,收到,马上,动手
2758|徐庶,母亲,真的,大义
2758|想,起来,声音,张居正
2759|真,斩,孔明,庞统加,徐庶,做梦,笑醒
2759|曹,老板,这辈子,没,受过,这种,大气
2759|孙伯符,真有,母亲
2759|奸贼,逆贼,恶,贼
2759|book
2759|巾帼英雄
2760|急
2761|真,斩
2761|程昱,缺德
2761|这时候,徐母,手边,石头,砚台,砸过去,全剧,终了
2761|可恶
2762|烤制,一番,以作,军粮
2762|程昱,赶紧,喊,晚,曹魏,刀斧手,把头,送来
2763|雪藏,切不可,所用
2763|一言不合
2763|丞相,躬身,入局,略施,雨露,恩泽,元直,赚个,活爹
2765|妈妈
2766|程昱,太,理性
2766|软肋,找个,黑地,懂
2766|徐母,一死,徐庶,没有,弱点
2767|贾诩见,主都,主动,拜师
2767|说,德,觉得,汉贼
2767|真杀,没,筹码
2767|麻,程昱,真坏
2768|book,说
2769|语言,艺术
2769|哈哈哈,ヾ,ﾉ,≧,∀,≦,tm,说,人话
2770|程煜,太,理性
2770|经略,十倍,于元直
2770|徐庶,知道,死,干,曹,老板
2771|程昱,真是,出生
2771|毒
2771|曹操,元直,幼年,丧父
2771|转念,一想,徐庶,至孝,知道,母亲,成全,死,徐庶,估计,会,自尽
2771|生得,十分钟,美丽
2771|斩
2772|制成,肉干
2772|不弃,拜,义母
2772|大脑,转
2772|知道,这是,成全,曹操,好人
2772|贾诩,毒士,之名,真,该是
2773|真坏
2773|毒士,经略
2773|卧槽,太毒
2773|滚
2773|曹操,老少咸宜
2773|程昱,出,主意,顶个,损
2773|经略,小心,点儿,穿越,穿越,历史,改写
2774|经略,发动,技能,完,杀
2774|贾诩,毒计,经略,十倍
2774|骂,程昱,冷静
2774|好毒,计
2775|经略,不愧为,三国,第一,毒士
2775|程昱,经略,使之毒,十倍
2775|贾诩,程昱,头子
2775|这人,真的,毒
2775|东瀛,经略,再次,上线
2775|经略,无敌,穿越,三国,里,毒
2775|要钱,不要,德,钱,留,不下
2775|说
2775|哈哈哈哈
2776|贾诩,程昱,父亲,少说几句
2776|草
2776|徐母,死,徐庶,黑化强,十倍,程昱,坏,再来,坏,10,倍,曹操,以后,尿,尿,带,俩,卫兵
2776|一计,结秦晋之
2776|好家伙,毒,士,名头,经略
2776|不行
2776|计策,太,恶毒
2776|程昱,出了名,不当
2776|经略,此计,甚妙,不愧,三国,第一,毒士
2776|十分,美,丽
2777|真滴,狠
2777|想当,徐庶,之父
2777|下头
2777|名声,更,臭
2777|曹丕,补兑,问题
2777|黑暗,三国
2777|程昱,佩服
2777|未曾,设想,道路
2777|经略,十倍,贾诩
2778|程昱,安敢,经略,相比,实乃,萤火,之于,皓月
2778|贾诩,想不出,狠,招,哈哈哈哈
2778|曹贼,进贼
2778|徐庶,得来,砍,曹贼
2779|zhen, ,le
2779|害得
2779|最毒
2779|贾诩,想不出,馊主意
2779|经略,自重,毒士,变态,分,清
2779|今宵,徐母,丞相,同席,共,枕,doge
2780|这是,深明大义,烈女
2780|贾诩,十倍
2780|太损,撒旦,身上,纹个
2780|毒士,不及,经略,半步
2780|经略,使之毒,百倍,程昱
2780|破案,贾诩,身上,纹,经略
2780|毒士,传人,经略
2781|地狱,笑话
2781|黄谣
2781|真,歹毒,经略
2781|神金
2781|哥们,我边,抄,作业,听,经略,一计,鸡皮疙瘩,起来
2782|曹,老板,重口
2782|超
2782|牛,逼
2782|出院
2782|经略,程昱,出生
2782|卧槽
2782|草
2782|毒士,之名,比于,经略,百倍,之于,程贾
2782|程昱,这方面,学习
2783|毒士,凉州
2783|太毒
2783|你够,狠
2783|车技,将军
2783|卧槽
2783|md,毒士,名号
2783|毒士
2783|毒士,毒,不能,变态
2784|经略,毒士
2784|深井,冰
2784|程昱,还毒
2784|猎,猎奇
2784|草
2784|非人
2784|逆大天
2784|经略,真乃奸,相
2784|CK3,玩家
2784|哈哈哈
2784|马国成,行为
2784|哈哈哈哈
2785|逆大天
2785|徐庶,走,关羽,守,荆州,隆中对,成
2785|太毒
2785|太毒
2785|经略,使之毒,程昱,十倍
2785|要何,皇后
2786|太毒
2786|自知之明
2786|喂喂
2786|太,恶毒
2786|操
2786|真正,毒士
2786|卧槽,这招,太狠
2786|不愧
2786|东京,经略
2786|学杂
2787|卧槽
2787|小子
2787|主播,下限
2787|当世之毒士,现代,贾诩
2787|握草
2787|牛叉
2787|贾诩,来来来,小伙子,名号,让给
2787|魔鬼
2788|不怎么,说,交,学杂费
2788|经略,好生,歹毒
2788|更毒
2788|人言否
2788|贾诩,程昱,经略,父亲
2788|贾诩,拜你为师
2788|歹毒,计谋
2788|那能,不杂,新,三国,赤过
2788|导演,眼中,三国
2788|做,个人,经略
2789|大贤,这招
2789|经略,小子,太毒
2789|真三,线,汉中,之战,完,众将,路上,徐庶,帮,二爷,守城,争取时间,刘备,张,赵马,黄,卧龙,凤雏,接连,来援
2789|读,皇叔
2790|程煜,真的,绝
2790|毒,经略,史
2790|徐母,挺,聪明
2790|看看,学,肾
2790|毒
2790|读,圣贤书,读,三国
2790|读过,书,出生
2790|小子,出,主意,贾诩,毒
2790|黄士
2790|走,下三路
2791|此计,伤文,无妨
2791|太太,希望,儿子,抓来,弄死
2791|识,术,暗黑,基米学,秘密
2791|读,刘备,文是
2791|杂
2791|小兵,明白,丞相,有命,即刻,开刀,问斩
2791|太,杂了
2791|ntr
2792|不熟
2792|杂,还碎
2792|读,刘皇叔
2792|程昱,贾,诩,经略,称不上,毒士
2792|贾诩,哥们
2792|笑,死,真杂
2792|TM,读,春秋
2792|芝士,学杂
2792|不愧
2792|东汉,末年,可有,东瀛,小片,呼
2793|读,春秋
2793|读小,黄书
2793|特别,凉州,经略
2793|翻
2793|真,曹贼
2793|要说,缺德,事
2794|毒士
2794|主要,没,看过,新,三国,doge
2794|读,三国
2794|jm,搜,不到
2794|自知之明
2794|知识,太多,学杂
2794|毒计,曹,老板,供,起来
2794|知识,学杂
2795|曹操,为国,做,鸭,大如传
2795|毒士,变态
2795|哈哈哈哈
2795|读,皇叔
2795|经略
2795|细说,读
2795|哈哈哈哈
2796|读,黄书
2796|此计,甚好,速请,许褚,将军
2796|读杂,没有
2796|读,金瓶梅
2797|适才,相戏,耳
2797|读,皇叔
2797|刘备,文学
2797|读杂,读,砸
2797|是因为,当年,没有
2797|比方说,连环画
2797|毕竟,司马懿,没指,洛水
2798|曹丞相,娘亲,二三,事
2798|读,道德,法治
2798|读,黄书,doge
2798|确实,杂,邪门,点
2798|程昱,奸诈,10,倍
2799|徐庶,走,何来,卧龙
2799|斩,蔡瑁,手下,动作,快
2799|蔡瑁,张允,刀慢
2799|不行,今天,刀斧手,不够,快
2799|贾诩,比不上
2800|吓人,报告,丞相,已经,斩
2800|瞅,瞅,学,玩意儿
2801|经略,真毒士
2801|行,曹操,真,干,名声,不要
2801|卧槽,太狠
2801|程昱,毒士
2802|听,计,程昱,确实,清澈
2802|读,春秋
2803|马超
2803|夺笋
2803|主公,年,娶亲
2804|赚
2804|赏析,老,三国
2804|说法,正,徐庶,哪有,夷陵,之火
2804|毒,太毒
2805|说,身心,两处
2806|猪头,死,奸贼,吾,誓,杀
2806|说,哥们,亲妈,这事
2806|其实,不行
2808|马腾,科幻片
2808|快,请,圣手,书生,萧让
2809|贾诩,没,毒
2810|曹丞相,娘亲,二三,事
2812|留得,徐母,不怕没柴烧
2812|留,徐母,不怕没柴烧
2812|袁绍,谋士,大祸,主公
2812|真,出生
2814|挟,徐母,以令,徐庶
2815|赚,梁山
2815|天,赚星,程昱
2816|好家伙,赚
2816|公之才,十倍,徐庶
2817|吴用,赚,上山
2817|畜牲
2817|赚,上山,doge
2817|全是,损招
2817|宋江,吴用,赚,赚
2818|赚
2818|赚
2819|妙
2819|赚
2819|赚,梁山
2819|徐庶,程昱,兄弟
2819|赚,搁,隔壁,水浒,太,常见
2819|赚
2819|颜值,不够
2820|尤里
2820|阳谋,高手
2820|赚
2820|没敢,说,百分百,谋士,哪像,诸葛亮,那种,胸有成竹,余地
2820|老太太,这时候,自杀
2820|即刻,徐母,送入,铜雀台
2820|程煜,羊驼
2820|蓝天
2821|曹,老板,可真,演过,宋江
2821|由理
2821|白,挨骂
2821|专攻,心计
2821|尤里
2822|优理
2822|徐庶,夷陵,关羽,丢,不了,荆州
2823|烦死,狗贼
2823|鸡
2823|智多星,程昱
2825|缺德,玩意儿
2825|主公,婚嫁,之年
2825|尤里,可速,招,徐庶
2826|刽子手,留,斩
2826|骗,偷袭
2826|刘备,尤里,唤,何事
2827|尤里
2827|老家,方言,骗,读,赚,zuan
2828|程昱,这是,十倍,杠杆
2828|附议
2829|有计
2829|蔡瑁,张允,刀斧手,速度,不行
2829|刀斧手,干完,刚刚,说
2830|尤里,使用,心灵,控制
2831|至少,一点,肯定,罗贯中,肯定,水浒传,看多,上学,毕竟,师傅,写
2833|一计
2835|智多星,程昱
2836|徐庶,大哭,大闹,跑
2837|程先生,送,肉干
2839|老夫,人别,乱,吃,送,东西
2839|送往,别墅
2841|老年人,吃,这套
2841|程昱,学学,鲁肃,忠厚,出卖,朋友
2841|带,一定,保健品
2842|看看,态度,问题
2843|态度
2843|东汉,插刀,教主,杜淳,直呼,内行
2844|带,露天,泳池,大别,野
2844|其實,大明,國之後才,東西,這名,詞,出現,以前,物品,器具,稱呼
2845|老香,肉干,土特产
2845|程昱,适合,卖,保险,卖,保健品
2846|以前,同学,说不定,程昱,串,过门,见过,家长
2846|老夫,人大,义,并未,道德,要求,曹,老板,理性
2846|送,鸡蛋,挂面
2846|糖衣炮弹
2846|朋友
2847|网贷,大哥
2848|小人
2848|老年人,需要,陪伴
2848|扮演,程昱,演员,找,年轻,曹操,十五岁
2848|这时候,徐母,自杀,会
2849|程昱,会做人
2850|老年人,吃,这套,子女,身边,亲信,其他人
2850|两箱,牛奶
2850|程昱,说,徐庶,朋友
2850|程昱,真滴,阴,先假,真心,取得,徐母,信任,后面,用计,徐母,没,防备
2851|许昌,肯定,不敢,尽力
2851|世族,心底,瞧不起,曹操,司马懿,这家,反应,看到
2851|毕竟,儿子,老同学
2851|程昱,聊天,送,10,鸡蛋
2851|程昱,这太,厚道,朋友
2852|带,一桶,油,一筐,鸡蛋,一袋,米
2852|颍川,氏族,老,熟人
2853|太会,会,一手,风干,肉
2854|陈玉,太,会做人,红烧,油炸,风干,肉,都行
2854|东西,唐朝,长安,东西,坊,东西
2854|程,肉干,买些
2854|做人,这块,程昱,闻名,乡里
2854|同乡,同学
2855|老,三国,已经,曹,老板,形象,往回,找补,无奈,毛本,曹魏,写,太,不堪
2855|说,儿子,朋友,刚,救,一命
2855|程昱,这阵,快,七十,哪来,兄弟
2856|程昱,真
2856|4000,观看
2857|徐庶,好多
2857|兄弟
2857|韩非子,李斯,当年,同窗,兄弟
2858|程昱,曹操,不止,一轮,徐庶,成,兄弟
2858|兄弟
2858|程昱
2859|曹操,阵营,人性,兄弟,坑,妈,没
2859|兄弟
2859|程昱,这时候,已经,老登,这太,年轻
2859|兄弟
2859|老太太,玩,阴谋诡计,玩,程昱,这种,顶级
2859|真是,兄弟
2860|徐庶,比程立,两辈,同学
2860|徐元直,乃是,挚爱,亲朋,手足,兄弟,得加,钱
2860|兄弟
2860|兄,友,弟,恭
2860|良善,之人
2861|觉得,程昱,可能,没,撒谎,道德,水平,诓骗,亲母
2861|程昱,忒,阴,点
2861|程昱,专坑,同乡,同学
2861|兄弟
2861|完,兄弟,亲母,出生
2861|过去,士族,基本,画,分圈,一个,地方,出身,互相,见过面,听过,事迹,正常,程昱,知道,保不齐,当初,徐庶,真的,认识
2862|亲母
2862|害死,亲妈,简直,禽兽不如
2862|初升
2862|程昱,出,计策,全都,缺德,计,确实,好使
2862|程昱,这人,没,厚道,现在,厚道
2862|阴,兄弟,汉朝,格外,注重,名节
2862|兄弟
2863|程昱,像是,卖,保健品
2863|程昱,好像,曹操,大快,10,岁,徐庶,岁数
2864|兄弟
2864|买点,保险,阿姨
2864|三国,保健品,销售员
2864|徐母,搭话,2333
2864|老,毕登
2865|程昱,荀彧,换,一下
2865|兄弟
2865|传销,骗,老头,老太太,套路
2866|徐元直,交友不慎,呐
2866|得加,钱
2866|程昱,忠厚
2866|本来,编了
2866|徐母,我儿,兄弟,何不,弃暗投明,跟随,辅佐,皇叔,匡扶汉,室
2866|真,出生,程子
2867|睁,眼睛,叫妈,脸皮,无敌
2868|尽孝
2868|程昱,本来,挺,缺德
2868|朋友,出卖
2868|食人魔
2869|兄弟
2869|太损
2869|程昱,曹操,效力,时,已经,做人,祖父,年龄,bug
2870|肉干
2870|程昱,确实,出生
2871|害怕,兄弟,苦,更怕,兄弟,开路,虎
2871|古代,上学,隔,辈分,常见,没有,年级
2871|程昱,生于,公元,140,年,应该,67,岁
2872|一个,厨子,注重,气节
2872|老,食
2872|良善,指,喜欢,吃
2872|程昱,良善,人呐
2872|会做人
2872|涼,疝
2873|粮膳
2873|粮,膳,炙
2873|粮膳
2873|徐母,前,几年,搁
2873|良善
2873|程昱,真是,老实人
2873|良善,之人
2873|良善
2873|良,膳
2874|良善,之人
2874|凉膳
2874|晾晒,之人
2874|良善
2874|今日,笑话,良善,之人,程仲和
2874|凉膳
2874|梁,山
2875|快,下载,反诈,APP
2875|以前,求学,有没有,规定,年龄,说,做,同学,年纪,差不多
2875|太,良善
2875|肉干,军粮,可不是,好人,呐
2875|凉,骟
2875|良善,之人
2875|人称,义胆,厨星
2876|梁山,之人
2876|程昱,猜,投了,曹操
2876|肉,做,食,良善,之人
2876|良善,哈哈哈
2876|吃人肉,良善,之人
2876|良膳
2877|良善
2877|良善,之人
2877|梁山,之人
2877|徐母,没听说过,程昱,传闻
2877|UP,主一比,确实,良善
2877|良善
2877|凉,膳
2877|粮,善
2878|良膳
2878|良善
2878|凉,煽
2878|凉膳
2878|良善
2878|粮,膳,炙
2878|听,下去
2879|兄弟
2879|粮,膳
2879|程昱,怕,徐庶,大个,20,30,岁
2879|椋,煽
2879|程昱,亖,老登
2880|善制
2880|良善,之人,指,三国,第一,美食家
2881|十里八乡,老好人
2881|良善,之人
2881|哈哈哈,策反
2881|良善
2881|良善,之人
2882|吃,肉干
2882|真,初生,面上,光鲜亮丽,实则,奸诈,小人
2882|良善,之人
2883|他善
2883|程昱,良善,好几道,自制,小菜,老夫,品尝,一下,否
2883|擅长,做人
2883|自愧不如,程昱,曹操,做,太,丧心病狂,事情,听到,这种,话,夸,绷,不住
2884|每日,一善,浓度,虽减
2884|截图,程昱,尴尬,神情,正好,截,下来
2884|良善
2885|蚌埠,住
2886|程昱,CPU
2887|粮膳
2887|道德,真是,没,埋汰,底线,程昱,更胜一筹
2887|骗,母亲,笔迹
2888|粮膳
2888|老妇人,张嘴,全是,实话
2889|凉膳
2889|程昱,牌人,肉干
2891|做,谋士
2891|老乡,肉干
2891|出于无奈
2892|程昱,铁,饭,钢,恨铁不成钢
2892|程昱,食人魔,无敌,恶人
2892|善于,做人
2893|老夫,知道,抓,程昱,这货,主意,知道,馊主意,包打,出去
2893|程昱,名字,改,说,为啥,曹操
2894|程玉,忠厚,人呐
2895|爱,吃
2895|送,天堂,上去
2896|送,回老家
2897|回乡,回乡,干嘛,卖,肉干
2897|粮膳,肢人
2898|角度,有点像,司马懿
2900|奸贼
2900|坏,懂,钓鱼,先打,窝
2900|招,送,回去
2903|玩,谋略,娜,一句,实话
2903|各为其主,各有,行事,方法
2905|庶,不能,留
2908|良善,之人,陈仲德
2909|再聊,搓,肺,管子
2910|干嘛
2912|回乡,指,回老家
2913|圣手,书生,程昱
2914|再拜,拜,两次,隆重,礼节
2914|送,东西,生活,日常,品啥
2914|←,刚才,说,送礼,礼物,已经,送,完,坐下,寒暄,一下,走,没,问题
2915|程昱,放长线钓大鱼
2916|各为其主,司马懿,这种,出生,没,问题
2917|再拜
2917|程昱,良善,之人,蚌埠,住,怪不得,几句话,溜
2918|一分钟
2918|缺德
2918|应该,趁机,打消,老妇人,怀疑,加上,骗,老夫,字
2919|刚,坐下,说,一句,话,告辞
2919|送,东西
2920|稳住,徐母
2920|套近乎,这种,事急
2921|程昱,这段,人生,没有,人味
2921|刷,好感
2922|這態度,誰,迷糊
2924|程昱,本来,想,聊,一会,徐母,diss,曹操,程昱,愿意,背后议论,主君,告辞
2924|顶级,拉扯
2925|程昱,应该,送,老夫,过来,送到,走
2925|送个,东西
2926|手启是,必须,回复
2926|老三,衣服,造型,真,好看,真的,汉末,味道
2926|刚才,送,东西,侍女,接过,没,看到
2926|毒术
2927|红楼梦,王夫人,配音
2928|说明,老妈,读书人
2929|肉干
2929|手启是
2929|送来,开头,说,程先生,来看
2929|程昱,目的,送,手启,走过场,手启到,计,成,没,必要,多待
2929|程昱,食人术,暗黑,心理学,doge
2930|客气
2931|手启,手写,启示,嘱咐,事,回复,正常
2932|从古至今,老年人,吃,一套
2933|读书,会,烤肉
2933|礼节,华夏民族,优良传统
2933|丸辣
2934|ai,学习,中
2935|骗取,徐母,书信,模仿,字迹
2935|相当于,拜帖,身份,串门,留,一封信,主人,回信
2935|老夫,世家
2935|程煜,奸诈
2937|懂,太黑
2937|社交,手腕,食人术,暗黑,心理学
2937|盗,笔迹
2937|接下来,派,找,玉臂匠,圣手,书生
2937|吃,文化,亏
2938|完
2939|完,犊子
2939|丸辣
2939|老夫,人别,中计
2939|程昱,不会,排行,十四
2939|程昱,大坏
2940|老太太,识字,全剧,终了
2940|淦,太坏
2941|圣手,书生,程昱
2941|圣手,书生
2941|真能,模仿,笔记,有点,厉害
2942|吴用,加萧,复合型,人才
2942|难说
2942|圣手,书生,程昱
2942|阴险
2942|吃,太,文化,亏了
2942|吃,文化,亏了
2943|仿写,工作,应该,交给,钟繇
2943|程昱,说,阴
2943|荆州,关羽,徐庶
2943|女子,无才,便是,德,一次
2944|吃,文化,亏
2944|程昱,说,模仿,完,说,书信,走漏,所仿
2944|曹魏,传统,艺能
2944|nooooooooooo
2944|阿奇,塞思黑
2945|夺,大熊猫,笋
2945|文化,害死,人啊
2945|盗,母,笔迹
2945|老,十四,哈哈哈
2946|是不是,相当于,明信片,贺年卡
2946|钟会
2946|老太太,认字,徐庶,儿子
2946|泉豆,诗人
2947|程昱,不阴,吃,貂蝉,大雷
2947|送,两遍,谨慎
2947|好歹,士族,会,识字
2947|代笔,写,全剧,终了
2947|钟会,抢活
2948|曹操,五个,谋士,里,荀彧,阴
2948|吃,文化,亏
2948|学字,模仿,古时候,没有,规范,字帖
2949|不愧,造,肉干,太,出生
2949|吃,文化,亏
2949|不阴,能干,出,事儿
2949|初中,时,群英,比较,火,同桌,自比,程昱,程仲德,说,孔,仲尼,孔老二,叫程,老二
2950|钟会,学到
2950|留一手,左手,写,绝杀
2951|老阴比
2951|想到,家,没,继承,倒,霓虹,传承
2951|难说
2951|老,十四
2952|一张,机,鸳鸯,织就,欲,双飞
2952|老,硬币
2952|程,难说
2952|人才
2953|钟会,干过,书法家,真,离谱
2954|手启是
2955|吴用,人才
2955|读书人,模仿,字迹,耍
2955|下人,识字,可能,代写
2955|重要,信,真假,重要,老夫,曹操,手上
2956|胤,褆,样板
2956|模仿,字迹,趴,水浒传,用得,最多,动不动,模仿,手书,赚,家眷,上山
2957|抓笔,行家
2957|传承,偷窃
2957|邓艾,太坏
2957|聖手,書生,程昱
2958|一张,机,鸳鸯,织就,欲,双飞
2958|真写
2959|钟会,学到
2959|做人,程煜
2959|圣手,书生,萧让
2960|圣手,书生,萧让
2960|收礼,开,收据
2960|天,赚星,程昱
2962|程昱,仿,不了,找,钟繇
2962|受,差布,伍佰,中布,陆佰,壮布,柒佰
2962|算是,错误,徐母,可能,姓,徐,古代,同姓,之间,互不,通婚,徐家,诗书,世家,算是,错误
2963|经略,此言,大谬,书写,怎如,蜘蛛,爬,非,狗刨,不能,相拟
2964|不会,写字,计策,不废
2965|据说,这是,澹台,仁慧,老师,写,演员,身怀绝技
2965|抓,毛笔,会用,不会,一眼,老太太,抓笔,看出,行家
2965|手,真像,老妇人,手
2965|骂
2967|差布,500,中布,600,壮布,700
2967|一个,会,写字,女人,可能,要饭
2967|古代,读书人,字,丑,考不到,功名,状元,卷,工整,电脑,排版,印刷
2967|倒,觉得,书法,水平,高,造假,更难,书法,老师,一眼,我认,没,认真,写,更
2967|可能,徐庶,随母,姓
2968|一笔,烂字,自带,防伪
2968|←,猜,徐,庶,爹,姓,猜,徐庶,他娘,嫁,徐家,冠,姓
2969|三国,全国,顶尖,人才,可不是,山头,土匪,模仿,笔迹,玩
2969|我勒个,骂,真脏
2970|别骂
2970|先生,知晓
2970|徐氏,三国,这时候,女子,应该,不冠,夫姓,明清,有冠,夫姓,习惯,应该,姓,氏
2970|吴用,套路
2970|大胆,此人,拖下去,斩
2971|练,书法,先,临摹,书法,自成,一派,古人,临摹,洒洒,水
2971|竹竹,爬
2971|凉州,匹夫,安敢,辱
2971|字够,烂,没法,模仿
2971|木牍,好多,出土,简牍,字,写,有意思
2971|经略,言语,似有,讥讽,之意,何故,辱
2971|废话,古代,高门大户,识字,书法,贵族,礼仪,培训,必修课
2971|别骂,练
2972|当年,语文,老师,找,一只,出色,虫子,爬,写,好看
2972|骂
2972|诶,我头,风病
2972|尔想,试试,我剑,是否,锋利
2972|防伪,模仿,不来
2972|竹注,爬
2973|写字,手,饱经沧桑
2973|骂
2973|骂
2973|隶书,容易,自我,发挥,字体
2973|说明,写字,蜘蛛,爬,避免,模仿,笔记,兄弟,明白,做,doge
2973|视频,挨骂
2974|中国,古代,冠,夫姓,女子,名字,外人,知道,方便,会,丈夫,姓
2974|别骂,骂
2974|安敢,败,雅兴
2975|骂
2975|骂
2975|骂
2975|别骂,骂
2975|爬,爬
2975|别骂,骂
2975|说,问,说,一遍,蜘蛛,爬
2975|每次,爬,模仿,不了
2976|骂
2976|放肆,手动,加密,防止,模仿,笔记
2976|骂
2976|猪猪,爬,我字,丑,防伪
2976|大胆
2976|骂
2976|我意,防伪,何相,逼,耶
2977|骂
2977|别骂,膝盖,疼
2977|安敢,欺,匹夫
2977|别骂,骂
2977|网友,过界
2977|别骂,骂
2978|防伪,字
2978|别骂,哥
2978|中國,古代,已婚,婦女,沒,冠,夫姓,習慣
2978|别骂,骂
2978|古代,书法,不好,直接,淘汰,现代,字,写,丑,妨碍,高考,700,多分
2978|莫非,经略,窥探
2978|放肆,砍,头
2978|幸存者,偏差,优秀,留下来,差,扔,厕所
2979|别骂,骂
2979|匹夫,安敢,辱
2979|汝币失
2979|骂
2979|这字,高手,模仿,不了
2979|经略,无冤无仇,何故,出言,中伤
2979|直接,报,身份证号
2980|写字,写,蜘蛛,爬,不会,模仿,doge
2980|自成,一派,嘢
2980|练,年,书法,硬笔,行,书写,好看,软笔,练手,控不稳
2980|民国,学,老外,冠,夫姓,古代,女子,不冠,夫姓
2980|别骂
2980|别骂
2980|骂,经略,史,你好,胆
2980|蚯蚓,找,妈
2981|别骂,骂
2981|何故,骂,doge
2981|别骂
2981|骂
2981|爬,爬
2982|心思,缜密
2982|真狗
2982|现在,领导,签名,打印
2982|别骂,骂
2982|骂
2983|骂
2983|字,模仿,不了,签名
2983|蜘蛛,爬,你防,不了,伪
2983|混账,经略,安敢,辱,拉出去,砍
2983|大坏蛋,程昱
2983|换,写,仿,不了
2983|坏
2983|别骂,骂
2983|骂,正宗,狗爬
2984|有没有,可能,父亲,姓单,母亲,姓,徐,周树人,母亲,姓鲁
2984|匹夫
2984|兄弟
2984|明清,不冠,夫姓,红楼梦,民国,冠,夫姓
2984|圣笔,书生,程昱
2984|原著,没有,提到,徐母,姓,老,三国,只能,代以,徐氏
2984|古代,很多,东西,手写,记录,写,不好,字,影响,很大,现代人,写,不好,打印
2984|说,蛛蛛,爬
2985|模仿,不了
2985|程昱,卖,地板,多板
2986|出生,陈昱
2986|别骂,别骂
2986|甄德印
2986|是不是,练习,废板
2986|不阴能,老家人,做成,人肉,干吗
2986|老师,说,字,龟,爬,甲骨文
2987|原著,没,写,徐母,本姓
2988|真特,坏,23333
2988|圣手,书生,程昱
2988|吾,自成,一派
2988|现代人,可能,一年到头,不会,摸,笔杆子
2988|点赞,投币,骂
2988|超,程昱,坏
2988|中国,自古,不冠,夫姓
2989|使君,且莫,骂
2989|高手
2989|经略,沙鲁
2989|妙手,书生,程仲德
2990|原著,没写,总,不能,徐庶,编,一个,妈,哈哈哈
2990|老,银币
2991|良善,之人
2992|楷书,祖宗,钟繇,宣示,表
2993|多字,模仿
2994|蜘蛛,爬,字,笔迹
2995|程昱,练,好多,回才,写
2995|刘邦,老婆,吕后,刘后
2996|刘备,姿势,家,真放,开
2996|不能,两口子,姓,徐
2996|刘备,坐姿
2996|缺德,招数
2996|练,多板
2997|甚是,良善
2998|我来,写,模仿,不了
2998|叉,出去
3000|明清,不冠,夫姓,女,结了婚,本家,某氏,张夫人,王氏,张王氏
3000|现在,手机,电脑,地方,少,自然,练得,少
3002|大宝,备,姿势,潇洒
3003|体验,卡,到期
3003|字,没,办法,模仿,同一个,字,写,十遍,遍遍
3006|快,请
3007|徐母,为啥,不能,姓,徐,同姓,之人,不能,结婚
3009|模仿,笔记,没法,完全,毕竟,每个,力量,徐庶,居然,看不出来
3010|贝贝,躺,姿
3011|国富,同志
3012|丸辣
3012|快,叉,出去
3012|元直,布豪
3013|刘备,徐,老夫,有人,姓,徐
3014|徐庶,不好
3014|程煜,模仿,好几张
3017|夫姓,加父,姓,适用,正式,场合,书信,文书,金瓶梅,里,吴月娘,落款,西门,吴氏
3019|哈哈哈,不见
3019|橡皮筋,捆
3022|牛筋,捆
3024|丸辣
3024|听,不到,拉,绳子,声音
3024|泥封,没有,傻,徐庶
3028|刘备,没人姓,徐,走,错
3029|备备,徐,老夫
3029|体验,卡,滋味
3029|丸辣
3032|背景,贴切
3034|大奸,似忠,陈煜,家伙,有点,狗,出,计策,下作
3034|刘备,军师,单福
3034|墙上,书法
3038|体验,卡,快,结束
3038|出自,汉代,扬雄,法,言,·,问,神,言,心声,书,心画,声画形,君子,小人,见
3038|我要,曹操,放在,火上,烤,死,救
3039|墙上,这字,真,应景
3041|慌,神,没,看清,字迹
3042|后边,挂,字
3044|临摹,证明,徐母,曹,老板,手里
3044|宝贝,晓得,会,发生
3044|橡皮筋,错
3046|元直,呜啊,—,—,曹操,麻麻,抓走,力,悲
3048|方寸已乱
3050|这点,真实,慌得,腿软,站不住
3050|丸辣,元直,體驗,卡要,到期
3050|尊敬,刘备,用户,徐庶,体验,卡已,到期
3050|徐庶,天塌
3051|体验,卡,到期
3051|注意,改口,称,使君
3052|一步,伤心
3053|情商,不高
3054|砍树,警告
3055|袁绍,死
3058|徐庶,没去,诸葛,事
3058|中计
3058|刘备,主公
3061|体验,卡,到期
3061|孝道,绑架,人子,真,下三滥
3061|不兑,主公
3063|正史,徐庶,诸葛,共事,一段时间
3063|以前,主公,现在,使君
3064|买,股票,跌停
3065|这是,阳谋,知道
3066|贝贝真,温柔
3066|汉朝,自高帝,以后,几乎,皇帝,谥号,加孝,孝文,皇帝,孝景,皇帝,孝,武皇帝
3066|别哭,亲亲
3066|自古,忠孝,难两全
3069|徐庶,诸葛亮,差距,诸葛亮,猜到,曹操,会,家人,威胁,提前,家小,接走
3069|徐庶,体验,卡,到期
3069|方寸已乱,jpg
3070|伏惟,圣朝,以孝治,天下,doge
3070|新,三国,没,问题,徐庶,从来,没有
3071|陈,蛐蛐,从来,没有
3071|伍子胥,路过
3072|陈操,直接,报,身份证
3072|徐庶,从来,没有
3074|难学,高祖,分,一杯,羹
3074|刘邦,爹羹,味道,貌似,不错
3074|现在,亲娘,手上
3074|孝直
3074|曹贼,沙乳
3075|姜维,为啥,总说,忠孝,难两全
3075|后来,想,干,大事,必,顾及,父母
3076|刘邦,孝,没,汉朝
3076|姜维,真的,这是,真的,快点,死
3077|分析
3077|中计,实际上,会,应对,程昱,前,半句,母在,许昌,谋士,真,撕破脸,忠孝不能两全,程昱,心不黑,不会,成,良善
3077|陈宫,从来,没有
3077|陈宫,没有
3077|徐庶,从来,没有
3077|许褚,父亲,得力,战将,砍,爹娘,不带,犹豫
3077|呱
3078|伏惟,圣朝,以孝治,天下
3078|父亲,老人家,死,好惨,呱,呱,呱
3078|伏惟,圣朝,以孝治,天下
3078|传统美德
3078|汉朝,士族,流行,举,孝廉,制
3078|没,办法,孝,没,问题
3079|刘邦,记得,分,一杯,羹
3079|三国,之后,圣朝,只能,以孝治,天下,知道,忠
3079|许褚
3079|刘邦,卖,沙爹,羹
3079|刘邦,可不,一定
3080|刘邦,没听说过
3080|刘邦
3080|以孝治,天下,大晋,伏惟,圣朝,以孝治,天下
3080|句句,不提,句句,不离
3080|高祖,不能,道喜,难说
3080|徐庶,我要,杀青
3080|亮亮,学到,以后,用得上
3080|伏惟,圣朝,以孝治,天下
3081|陈建斌
3081|呱
3081|蝶,死,好惨,孩儿,不孝,蝶,呱
3081|方寸大乱
3081|呱
3081|刘邦,蒸馍
3081|爹死,道喜,这放,哪朝
3082|两个,孝廉
3082|恭喜,蝶,撑
3082|现在,讲究
3083|恭喜,主公
3083|狗貨,難說
3083|请分,一杯,羹
3083|伏惟,圣朝,以孝治,天下
3083|汉文帝,二十四孝
3083|荀彧,恭喜,主公
3083|刘邦
3083|马超,行为
3083|徐庶,从来,没有
3083|刘邦,爹,煮,分碗,肉汤
3083|呱
3084|朝代,爹死,不能,道喜,doge
3084|呱
3084|马超,说
3084|父母,远游
3084|刘邦
3084|刘邦,说
3085|刘邦
3085|刘邦,爹,爹,记得,喝口,汤
3085|刘邦
3085|徐庶,从来,没有
3085|伏惟,圣朝,以孝治,天下
3085|如饮,美酒
3085|必欲,烹而翁,必分,一杯,羹
3085|不怎么,叫举,孝廉
3086|徐庶,面对,这种,情况,应该,学,高祖
3086|孝廉,入仕
3086|苟
3086|到期
3086|现代,没有,爹死,道喜
3086|董卓,孝顺
3086|郭钢,道喜
3086|每日,一嗝
3087|死,好惨,呱
3087|刘邦,点
3087|举,孝廉
3087|我别,汉朝,现在,母亲,威胁,一下
3087|分,一杯,羹
3088|呱,呱
3088|汉朝,唐朝,称,孝,唐朝,孝,有点,黑色幽默
3088|姜维
3088|听,经略,说话,如饮,美酒,令人,陶醉
3088|就让,砍,爹,娘,皱眉头
3088|新,三国
3089|马超
3089|臣,祖母,今日
3089|高祖,哪有
3089|前方,高能,预警
3089|反刍
3089|历史,徐庶,典故,太多,曹贼,真
3090|刘邦,我爹,煮,分,一碗
3090|蘸,酱许,褚
3090|分一杯羹,破
3090|曹操
3091|刘邦,以后,注重,孝
3092|贡献,成语,—,—,方寸大乱
3092|父母,远游
3092|刘邦,行为
3092|脸,哭,红
3092|只能,说,缺,强调
3095|刘邦,尊嘟,假嘟
3095|会,程昱,信里,肯定,偷摸,骂,曹操
3096|曹操,荀昱,傻,der,ban,掉,一个,SR,刘备,找,SSR
3097|脸,急,红,水平,真,没,说
3098|典故,出处,方寸大乱
3098|刘邦,刘,老太公,建了,一个,新丰,鸡窝,狗窝,一比,复刻,丰县
3099|真名,解放
3099|卧槽,颍川,是不是,曹,老板,安排
3101|杀青,连环计,戏份
3101|原来,卧龙
3103|身份证,太,重要
3103|刘备,劳动合同,签得,单福,走,不到
3103|莫慌,舌战,留下,元直
3104|真名,显现
3106|颖川,人才库
3106|刘备,我超,砂仁,饭
3108|曹操,荀昱,傻,der,ban,掉,一个,SR,刘备,找,SSR
3108|陈操,呱,呱呱
3108|面子,龙七进,七出,戏份
3111|刘备,原来,卧龙,凤雏
3112|开国功臣,冯异,祭,遵,颍川
3115|郭图,emmm
3115|体验,卡,到期
3118|曹操,荀昱,傻,der,ban,掉,一个,SR,刘备,找,SSR
3121|0.0.
3122|刘备,其实,已经,陈群,吃,一次,谋士,不能,离家,亏了
3123|诸葛亮,徐州
3124|曹操,荀昱,傻,der,ban,掉,一个,SR,刘备,找,SSR
3125|说,清楚,到底,无用
3126|刘景升,礼貌
3126|颍川,曹操,专属,卡池
3126|陈登
3127|李儒,无用,之人,死
3128|无用,之人,死
3131|刘表,礼貌
3131|智多星,吴用
3131|有没有,可能,徐庶,告诉,蔡瑁,卢,妨主,正好,试试,刘表
3131|徐元直,踩,捧,doge
3131|刘表,礼貌
3132|刘表,NTM
3132|发现,整个,三国演义,本质,看做,一场,大型,士族,斗争史,只不过,战争,主要,表现形式,高祖,再世,枭雄,英主,搞不定,士族,照样,没,好下场
3133|陈群,陈登,是因为,不能,离开,家族,刘备
3133|刘表,请,打开,麦克风,交流
3134|徐元直,可惜,本来,成就,一番,事业
3135|徐庶,SSR,诸葛亮,UR
3137|刘备,徐州,得到,两张,ssr,一个,陈登,一个,陈群
3137|颖川,卡池,曹,老板,垄断
3143|幸蒙不弃,拜为,义父
3147|这时候,直接,找,司马徽,看看,就行,说走就走
3148|拜为,义父
3148|司马徽,字,镜子
3150|三国,第一,HR,水镜
3155|走位,棒
3155|颖,奸
3155|水镜,推荐,龙凤,转头,一想,徐庶,刘备,先,打发
3157|河南,跑,湖北
3160|懂吗,是因为,母亲,曹操,手里,这算,阳谋
3162|润人
3169|这件,事,告诉,多取,几个,假名字,糊弄,好事,doge
3171|颍川,主题,礼包,卡
3173|亮亮,听,家族,故事
3173|今天,山东,巡考,大军
3174|子龙,霍霍
3174|徐庶,知道,怎么回事
3174|原文,说,刘表,善,善,不能,恶恶,不能
3176|诸葛,家,厉害,诸葛瑾,吴,诸葛亮,蜀,诸葛均,魏
3176|诸葛瑾,战乱,分开,亮,均,蜀,魏,是族,兄弟,面都,一定,见过,存在,押注,地摊,文学,少看
3176|河南人,武汉,上班
3176|荀彧,他哥,袁绍,打工
3177|士族,后来,唐宋,明皆亡,士族
3177|士族,世家,拿手好戏,分散,投资,诸葛,家,司马,家
3178|新三,陈宫,从来,没有
3179|活活,烤,死
3179|东汉,犹太人
3179|当阳,冀州,辖,冀州,早就,归于,曹操,新,三原,台词
3179|热,知识,诸葛均,蜀汉,任职,魏,诸葛,诞
3180|诸葛,家,纯属巧合,魏国,知道,远,到哪去
3181|后面,晋,魏蜀吴,话,事人,诸葛
3181|诸葛均,蜀
3181|欲行,不轨
3181|知道,赚,知道
3183|历史,徐庶,曹操,俘虏,回家,投曹
3183|放在,火上,烤
3184|前面,知道,诸葛均,做,蜀汉,长,水校尉
3185|徐,庶,从未有过
3186|魏,诸葛,诞,诸葛亮,只能,算是,远方,亲戚
3186|犬,诸葛,诞
3189|诸葛均,魏
3189|红字,不能,读点,书,历史,徐庶,母亲,曹操,抓,投降,看些,野史
3189|历史,携民,渡江,徐母,捉,徐庶,不得已,告别,备备,投,曹
3190|天下,没有,不死,父母,还望,元直,三思
3191|帮,那片,林,砍
3191|宝贝
3193|林子,后面,砍
3194|备备,SS,体验,卡,到期
3194|曹操,有没有,徐庶,重要,没有,徐庶,重要
3195|刘备,完辣,刚,起飞,坠机,辣
3195|忠孝不能两全
3196|历史,妈妈,俘虏,没有
3196|徐庶,投,曹,肯定,建议,谋略,只不过,刘备,就行了
3197|天,体验,卡,到期
3198|派,李达康,过去
3198|田,书记,投汉大帮
3199|大宝,备,SSR,文将,体验,卡,到期
3199|曹,老板,大耳贼,今天
3199|犬马之劳
3199|姜维,留,留
3200|砍倒,这片,树林
3200|我要,分手,妈
3201|伏惟,圣朝,以孝治,天下
3201|树林,布豪
3201|宝贝,走
3203|备备,心里,苦
3203|回去,挨骂
3204|曹操,刘备,体验,一把,失去,ssr,心情
3205|架,火炉,烤
3206|代入,刘备,真的,伤心
3207|没,曹操,屠,徐州,诸葛瑾,会,逃难,东吴
3207|嗝,反刍
3208|新,三国,陈宫,名言
3208|嗝
3209|从来,没有
3209|刘备,幸福,结束,太,突然
3209|徐庶,走马,荐,诸葛
3209|鞭尸,隔壁,蛐蛐,侠
3211|演,太,表情,动作,到位
3211|蛐蛐,王,名言
3211|忘,忘
3212|蛐蛐,个个,有情有义
3212|从来,没有,忘,忘
3213|人生,如初,见,55555
3213|鬼,台词
3213|押,狱中,来信
3213|刘备,这段,真,仁义
3214|每日,史嗝
3215|演,太,感染力,难受
3215|推荐
3216|押,狱中,没有,下令,严加,看管,外面,通信
3216|大宝,备,别急,亮亮,马上
3216|蛐蛐,手足,父母,衣服
3217|收,人才,安顿,家人,后患
3217|王杰,歌词
3218|体验,卡,到期
3219|主要,刘备,知道,徐庶,现在,说,真实,身份
3219|刘备,真的,厚道人,一辈子,刘璋,益州,死前,说,厚道
3220|刘备,现在,状态,太,到位
3220|徐庶,真名,没,告诉,刘备,刘备,安顿,家人
3221|徐庶,刘备,白月光
3221|大宝,备到,现在,知道,真名,安顿,家人
3221|安顿,交通,通信,发达,刘备,漂泊,至少,地盘,接过
3222|体验,卡,到期
3223|徐庶,体验,卡,到期,留下,卧龙,线索
3224|体验,卡,到期
3226|徐庶,真名,没,告诉,刘备,刘备,安置,家人
3226|刘备,真是太,魅力
3226|刘备,体验,卡
3226|这才,大宝,备
3227|知道,这事,问题,刘备,必然,主动,徐庶,走,面瘫,死活,拽,弔,玩意
3230|大汉,魅魔
3231|道理,先派,打听,徐母,并未,限制,自由,来回,一个月,或许,可破,此计
3232|ssr,试用,到期
3232|丫,仁义
3232|注意,改称,主公,老,三国,太细
3232|看出,刘曹,完全,两种
3234|看看,新,三国,看看
3234|大汉,魅魔
3234|刘备,忠厚,人呐
3235|这下,刘备,体验,一把,限时,卡,到期,感觉
3236|备备,真是,舍不得
3236|乱世,哪有,真,仁义
3236|备备,一分钟,不到,做好,心理,建设,心胸,宽广
3237|改口,主公,大汉,魅魔,真,盖
3237|仁德,人设,一下,立住
3237|怕,天真,徐庶,母亲,杀,纯阳,谋
3239|元直,袍子,原来,暗纹
3239|体验,卡,到期
3240|SSR,体验,卡,到期
3240|体验,卡,到期,抽,一张,SSR
3241|刘备,太棒了
3242|换过来,曹操,肯定,杀,徐庶,不让,走
3243|使用,卡到,推荐,金卡,一枚
3243|睡,一宿
3243|睡,一宿
3245|刘备,加点
3246|元直,今宵,愿,同席,共,枕否
3248|真仁
3250|兄弟,belike
3251|曹操,干,这事
3252|皇叔,我加个,钟
3252|难过,容易,找,一个,SSR,没
3253|分手,炮
3253|哭
3253|转,通宵
3255|啊啊啊,发现,刘备,性格,好像
3256|曹操,倒,做,这种,事情,曹操,人多,有人,出,主意
3257|SSR,没,留,一个
3259|先,喝点,酒防,车祸,dogo
3259|仔细,书信
3259|出马,祸
3260|出车祸,拉车,赤兔
3260|徐庶,田,国富,科技,没点,汽车,doge
3261|叫昭烈,啊啊啊
3261|出马,祸
3261|加个,钟
3262|连夜,说服
3263|难忘,今宵
3263|前面,刘备,多大脸
3264|出马,祸
3264|马祸
3264|神特,出车祸
3264|走得,太急,影响,新野,绿化
3266|车祸,马祸
3267|徐元直,走马,荐,诸葛
3267|连夜,安排,刀斧手
3267|体验,卡,续费,天
3267|新三是,曹操,徐母,油锅
3267|出马,祸
3268|刘备,舌战,刚胆,稳赢,冷静
3268|呜呜,呜呜,备备
3269|前方,孙乾,手势,丰富
3269|容易,坠马
3270|马车,车
3272|马祸
3272|马,车祸
3272|挺,感人,画面,这群,貂,毛整,笑
3274|徐元直,安敢,同级,监督,大宝,备
3274|这是,阳谋,徐庶,不敢,赌
3274|大爷,内心,曹操,早,八
3274|这一,晚上,想通
3275|不能,走,曹操,奸计
3276|做
3277|没,稀罕,够
3277|泪目,千求,万,乞
3278|有没有,发现,孙乾,好几个,小动作,戏曲,演员,专用
3278|book
3278|311,里面,舌战,赢,徐庶,留下
3280|总得,交接,工作
3282|好心,塞
3282|必然,重用,妙,表明,刘备,不知,曹操,虚实,反应,徐庶,厉害
3285|杀
3285|毒士
3286|一计,派个,刺客,徐母,做,掉,嫁祸,曹操
3288|book
3288|玩,全战,三国,选,刘备,我放,徐庶,走,回合,跟着,曹仁,一队,满,编来
3288|已经,想着,挽留,知道,是不是,计谋,直接,已经,说,走,肯定,会,告密,知道,刘备,虚实,曹操,在意
3289|曹操,父母,劫,过来,没有
3290|主公,索赔,签,保密,协议
3290|手势,小动作,真,有趣
3291|这要,搁,曹,老板,走,估计,直接,砍
3296|刘备,部下,离去,事出有因,绝不会,加害,史书,刘备,黄权,之间,记载
3297|老三,演员,很多,舞台剧,老戏骨,动作,表情,拿捏,相当,到位
3297|book
3298|哈哈哈哈,皇叔,这一吼,简雍,激灵
3299|book
3300|其实,孙乾,说得对
3301|话虽如此,刘玄德,不会,做
3301|Book
3302|老,刘对,士族,吸引力,可太大
3302|程昱,狠
3302|吓一跳
3302|BOOK
3304|小手,偷偷,画圈
3304|话
3304|好家伙,梁山,下来
3304|说,孙乾,白面书生,这计,挺毒
3304|老哥,斯文,白面,计策,毒
3305|刘备,瞪,说
3305|刘备,假仁假义,装,一辈子,仁义
3306|需,尽早
3306|这招,赚,二爷,挺
3306|孙先生,之言,何尝,不毒
3307|好家伙,全员,毒士
3307|贾诩,表示,阴,骂,一个
3307|程昱,遇到,对手
3307|素质,高
3307|狠
3308|孙乾,这话,足见,谋士,料,徐庶,其母,死,徐庶,其母,必死,水镜,说
3308|一定,签,竞业,协议
3308|放肆
3308|孙乾,人物
3308|程昱,主公,道德,水平,太高,确实,不好,办事
3308|这位,孙乾,更是,狠人
3309|吓一跳,笑,死
3309|book
3309|刘备,水浒,梁山,绝不,家破人亡,绝户,计
3309|孙先生,哆嗦,演,太好了
3309|前面,故意,使云长,斩,颜良,袁绍,杀,刘备,我用,其弟,杀,其兄
3309|哈哈哈
3310|吼,大声,干什么
3310|程昱,棋逢对手
3310|孙乾,这招,够,毒,毒士,主公,仁君,手下,无毒,士
3310|挺,毒
3310|book
3310|一个,大逼斗
3310|刘备
3310|爱妾,肯不肯,送与,吕布
3310|应该,孙乾,程煜,比划,比划,俩,太,仁德
3311|宝贝,急,飙,英文,book
3311|book
3311|book
3312|孙乾,吓一跳
3312|程昱,有点,意思
3312|孙乾,这话,说,有点,不顾,名声
3312|刘备,脸要,不要
3312|三国,刘备才,闪光点,五胡十六,国有,区别
3313|程昱,门当户对
3313|曹操,不可
3313|同样,面对,毒计,一个,圣人,一个,拟人
3313|刘备,正在,两,难处,一番话,感觉,触,刘备,霉头
3313|曹,老板,干,当年,曹操,关羽,斩颜良,诛,文丑,陷害,刘备
3314|程昱,狠多
3314|刘备,有毒,士
3314|大爷,一番话,说,太好了,反观,新,三
3314|程煜,贾诩,毒士
3314|卧槽,狠
3314|book
3314|不错,程昱,坐,一桌
3314|一个,一个,用计,毒辣
3315|吴用,字公佑
3315|这种,计曹,老板,干,得出,备备,真,不行
3316|book
3316|嗓子,吓一跳
3316|book
3316|孙乾,程昱,还毒
3317|哈哈哈哈,哈哈哈哈,吓一跳
3317|贾诩,程昱,直呼,内行
3317|刘备,有毒,士,法正
3317|徐庶,姜维
3317|陈平,派,暗杀
3317|大爷,真的,帅
3318|激灵
3318|这招,可行,刘备,不会,干,这种,事
3318|干嘛
3320|老罗,塑造,人物,强行,孙乾当,黑脸,惯用手法,见怪不怪
3320|吴用,说得对
3321|偶像,包袱
3321|史实,使君,真,仁义
3321|别扯,法正,这种,毒计,法正用,招损,不毒,招太毒
3321|壮哉,汉昭烈,皇帝
3321|老板,员工,死心塌地
3322|孙乾,狠
3323|没事,其母会,紫砂
3324|徐庶,选,刘备,原因
3324|刘备,从来,没有
3325|曹,老板,宁教,负,天下人,休叫,天下人,负,打擂台
3325|仁德,之君,老,刘,虚伪
3326|清汤,大老爷
3326|老,刘,魅力,男人,烂漫
3327|仁之剑,义之剑
3327|竞业,协议,绷,不住
3327|吴用,反手,点,踩
3327|法,记仇,加,小心眼,毒士
3327|动画版,刘备,说,被困,母亲,会,说出,这话
3328|勿以恶小而为之,勿,善小而,不为
3329|刘备,仁义,大哥,魅力,源泉
3329|真,英雄
3329|宁死,死
3329|昭烈,哥,含金量
3329|真君子
3329|汉昭烈,帝
3329|曹,老板,百姓,当人,十万,百姓,当人
3330|麻辣,大老爷
3330|知道,刘备,魅力值
3330|昭烈帝
3330|昭烈帝
3330|母亲,一起,跑
3330|拥有,仁之剑和义,剑
3331|这才,老板
3331|小时候,觉得,刘备,伪君子,私下,说,这番话,真君子,仁君
3331|企业,文化,抄写,一百遍
3331|满嘴,仁义道德
3331|其行,昭昭,其德,烈烈
3332|去世,之前,教育,儿子,勿以恶小而为之,男人
3332|正史,刘备,野不,缺德,没话说
3332|正史,老,刘,君子,蜀汉,正史,演绎,多人,喜欢,老,刘,乱世,这种,品行
3333|刘备
3333|仁之剑和义,剑
3333|毒士,皇叔,挺,微妙
3333|哭
3333|刘使君,真君子
3334|前面,成都,府库,劫掠,刘璋,百姓
3334|太,仁义
3334|这才,仁义
3335|成都
3335|其德,昭昭,其行,烈烈
3335|蜀汉,浪漫
3335|贯彻始终
3335|主公
3336|←,成都,成都,本地人,想,问问,武侯祠,里,不止,丞相
3336|没,诛,人三族
3336|其德,昭昭,其志,烈烈,为昭烈
3336|这声,不可,应该,丢,徐州,吼,张飞,起来,之后,严厉,一句
3336|伪善,伪善,一辈子,真善
3336|一个,一个,狠
3336|三国,之光
3337|帅
3337|感动
3337|黑子,说话
3337|昭烈,谥号,闹
3338|玩过,最近,出,一个,三国,游戏,主角,徐州,村民,刘备,几年,赋税,砍,一半多,真真切切,体会,百姓,视角,刘备
3338|曹操,暗示
3338|山越,点,赞
3338|昭烈,小子
3338|昭烈,之风
3338|孙权,屠,江夏
3339|←,成都,屠
3339|孙乾,吓死,宝宝
3340|中国,历史,人才,光明,伟岸
3340|孙权,屠过,城
3340|←,汉,尘
3340|前面,成都,问号,成都,知道,成都,昭烈,庙,香火,鼎盛
3340|五千年,历史,几人能,做到,携民,渡江,百姓,愿意,跟着,走
3340|其实,镜头,晃,走动,桥,晃
3341|想起,曹,老板,抬头
3341|老,刘,保护,不住,百姓
3341|武侯祠,本来,刘备,墓
3341|皇叔,脾气,不太好
3341|刘璋
3342|山越,怎么回事
3342|没事,孙权,不发火,水平
3342|刘备,标榜,仁义,后人,强加,刘备,尽力,做
3343|毕福剑,喝酒,手抖别,拍
3344|孙权,盟友,当人
3344|孙权,何人,孙策,真是,老糊涂,拍个,打鱼,过来
3344|成都,锤子,成都,老子,本地人,没,开腔,诶
3344|毕福剑
3344|奈何,生得,阿斗
3344|小时候,觉得,伪君子
3344|老毕
3345|孙权,好像,屠过,城
3345|孙权,屠过,一次,城
3345|得民心
3346|孙权,杀,百姓,神仙
3346|先,小时
3347|毕福剑
3347|成都,云南,盼,刘备,势力,解放
3347|一到,毕,镜头,抖
3347|毕,老爷,镜头,别晃
3347|毕,姥爷,开,饭店
3348|四川,百姓,真幸福
3348|成都,府库,钱,士兵,抢,老百姓,总,有人,黑,刘备
3349|毕,姥爷,累,换人,硬撑
3349|刘备,至少,不使,毒计
3349|当人,指入,蜀,之后,榨干,劳动力
3350|老毕,趴,栏杆,拍
3350|毕,姥爷,年纪轻轻,帕金森
3350|老,毕手,抖
3350|一个,君臣,共墓,玄亮,会,不好
3351|这种,性格,适合,盛世,皇帝,只能,乱世,英雄
3352|刘备,可惜
3352|看到,毕福剑
3352|book
3352|老,毕手,抖,厉害
3352|没有,新,三国,道,送,仪式,感
3353|毕,老爷,从水里,冒出来
3353|牢毕,辣
3353|梁山,惯用手法
3354|毕福剑,镜头
3354|毕,姥爷,拍
3354|孙权,曹,老板,更,做人,台湾,人口,掳掠,直接
3355|毕,姥爷,年轻,管不住,手老,管不住,嘴
3355|镜头,真好,层次感
3355|镜头,晃
3355|老毕,老毕,老毕,闭嘴
3355|毕,姥爷,日常,手抖
3356|三国,抖
3356|张光前,张光北,他哥
3357|老,毕晕,时光,机
3357|毕马稳
3357|徐庶,曹营,未献,一计
3358|三国,时代,牛人,太多
3358|回马荐,诸葛
3358|毕,姥爷,单纯,手抖,分到,机器,不行
3359|毕,姥爷,刚,穿越,回去,头晕
3360|孙权,有点,阴,倒,发火
3360|毕,姥爷,你别,紧张,23333
3361|刘备,变成,小号,版,曹操,没前途,毕竟,不当,曹操,实力,强,刘备,混
3361|这集,应该,回马荐,诸葛
3361|毕必抖
3363|老,毕抖
3366|手抖,玩,梗,机器,问题
3366|砍,树林
3367|老毕,昨晚,酒局,体谅,一下
3368|这种,抖,应该,机器,问题,人手,能抖成,震动
3368|一见钟情,地方
3369|挺,仪式,感,初见,那块,石头
3373|男一号,上线
3373|回到,最初,起点
3374|回到,最初,起点
3374|进度条,慌,不够,诶
3375|卧槽,新,镜头,站,版,没有
3375|回到,地方
3375|梦,地方
3376|感动
3377|回到,最初,起点
3377|原来,后来,没
3378|这座,山,挡住,元,直,身影,山,搬
3378|刚刚,特地,一下,站,版,这段,没删,前面,记错
3378|回到,最初,起点,记忆,中,青涩,脸
3379|回到,当初,遇见,地方
3379|回到,最初,起点,记忆,中,青涩,脸
3381|想起,新,三国,道
3382|地方,见,徐庶,地方,饯徐,庶,饯行
3382|送子,至郊,小丘
3384|地方,见,徐庶,地方,饯徐,庶,饯行
3385|倒流,回,最初,相遇
3385|体验,卡,没有
3386|刘备,不用,思考,感觉,真是,会,上瘾
3387|林子,呐
3387|新,三国,国道
3387|徐庶,超帅
3387|元直,这身,皮肤,太帅
3388|站,部分,不该,剪,剪掉
3388|尬,黑,新,三,天天,新,三国,道,迎来送往,dog
3389|一幕,好美
3389|这时候,应该,毕,老哥
3389|徐庶,体验,卡,到期
3389|徐庶,进,曹营,一言不发
3391|贝贝,有个,专门,军师,真爽
3391|老,三国,国道
3391|体验,卡,试用,氪,金,感觉
3392|BGM,民得,平安,天下,安,变奏
3392|点灯
3392|新,三,发生,好多,事
3393|男人,浪漫
3393|东汉,服务区
3394|一段,站,版
3395|竟然,新,三国,道
3395|没有,树
3396|bgm,绝
3396|马上,变伐,蜀,先锋,徐元直
3397|徐庶,这身,衣服,真,好看
3397|树,是不是,马上,杀青,今天,盒饭,几个,菜
3399|烽火台,俩,第一次,见面,地方
3400|树林,当时,害怕
3401|砍树
3402|刘备,心态,有点,崩
3403|贴心
3403|赵云,眼神,os,不要,做,掉,doge
3406|我们仨
3406|这段,背景音乐,小草,没有,花香,没有,树高
3406|砍树
3406|一万个,安慰,刘备
3407|赵云,一身,挺不错
3407|水镜,体验,好了吧,充,会员,更好,十倍
3407|赵云,趟,许都,努,努力
3408|携民,渡江,真,催泪
3409|界,徐庶
3410|心态,真的,崩,好不容易,SSR
3411|代入,一下,备备,太难,屡战屡败,几十年,好不容易,来个,人才,曹操,搞过去
3413|相当于,曹操,留云长,一人,欠,一个,人情,起到,作用
3413|三万多,送行
3414|二爷,败走麦城,真泪,崩,永远,忘不了
3415|每次,一升段,连败,回来,现在,好不容易,高端,局能,赢,两把
3416|别玩,万人敌,梗,真给,笑,死
3417|曹操,互相,抽,一张,卡片,平手
3418|携民,渡江,曲
3419|子龙七进,七出,救,许母
3420|庞统,献,连环计,徐庶,看破,说破
3420|刘备,关羽,张卡,原本
3420|马鞍,新,细节
3421|备,何其,孤零
3422|携民,渡江,调调
3423|刘备,平个,蛋,兄弟
3423|曹,老板,当初,这种,赶脚
3424|得了吧,二爷,属于,原号,主,找回,合情合理,曹,老板,盗号
3425|刘备,送,徐庶,关张,赵孙,简糜,骨干,起来
3425|大宝,备,班底,尽出,重要,基本
3427|长亭,外
3427|关羽,后面,一个,军师
3428|老三,看到,二爷,快,败走麦城,剧情,不敢
3429|重要,人物
3429|携民,渡江,BGM,孔明,线,开启,变成,卧龙,吟
3429|衣服,色彩,好美
3430|徐庶,走,刘备,后来,不会,三顾茅庐
3431|全家,送,徐庶
3432|三国,无双,赤壁之战,徐庶,找,回来,之后,元直,赶去,樊城,救,二爷
3433|贝贝,气度,真的,太,难得
3434|糜芳,看不起,埋下,作乱,种子
3434|皇叔,班底,全来,足,面子
3435|后面,关羽,一起,荆州,没事,二爷,肯定,听,进,话
3436|携民,渡江,曲子
3436|历史,徐元直,曹操,核心,集团,成员,颇受,重用
3437|茶茶,备,即将,上线
3438|备,何其,孤伶
3438|发动,最强,终级技,依然,无用
3438|刘备,关羽,卡换,徐庶,500,万,换,私聊
3441|瞎,科普,徐庶,以后,事迹,特别,少,可能,核心
3442|这段,BGM,大宝,备,专属,人物,曲,变奏,老,三国,真是,讲究
3445|这是,双向,奔赴,被迫,分手,曹,老板,单相思,大爷,更,痛苦
3445|情深,缘浅
3445|历史,徐庶,更,倾向,确实,没,能力,没,事迹,单纯,引荐,老同学
3446|诸葛亮,叹,曰,魏,殊,士,邪,何彼,二人,徐庶,石,韬,不见,用乎
3446|携民,渡江,插曲
3447|一辈子,遇不到,备备,老板
3448|诸葛亮,感慨,徐庶,不受,重用,曹魏,人才,句,徐庶,曹魏,核心,笑,死
3448|试探,一下
3449|核心,毛线,徐庶,后期,一直,北边,守关
3449|试探,毛,真心实意,祝福,徐庶
3451|回马荐,诸葛
3451|微智,浅,徐元直
3451|看看,先主,手下,逼,投奔,对头,公司,真心,祝,前途,光明
3452|徐庶,真,一时,主公,放弃,整个,人生,仕途,自然,弃,刘备,吃饭
3454|微,智,浅
3456|逼,保证,献计
3456|徐庶,好像,某地,太守
3457|主要,曹操,先,做人,不能,怪,刘备,用点,心思
3458|哆,梦,马鞍
3459|这算,试探,是否,曹操,所用
3460|大魏,披风,换上,bushi
3461|先,推荐,100,程昱
3462|徐庶,进,曹营,一言不发
3462|徐庶,进,曹营,—,—,一言不发
3462|御史中丞
3462|心里,看到,解读,阴谋
3462|当年,吃,细糠
3463|真诚
3464|逼
3465|得到,身体,心,永远
3465|徐庶,御史中丞
3466|防范,西凉,马腾
3466|后面,徐庶,曹魏,更,治理,一方,百姓,献计,打战
3469|西凉,马腾
3469|正史,不发,一言
3469|可惜,·,·,·,·,·,·,·,·,·,·,·
3469|身在曹营心在汉
3470|吃,空,曹贼
3470|徐庶,进,曹营,—,—,一言不发
3471|二爷,先例,曹操,养着,徐庶,吃,空饷,不会,放
3471|抢代,ban
3472|田国福,好惹
3472|一肚子,学识,浪费
3473|马腾
3473|创造,一个,歇后语
3473|无言
3474|献,一次
3474|芥末,帅
3475|站,上帝,视角,回头,徐庶,走,后来,二爷,一起,守,荆州,说不定,不同
3475|出,西凉,马腾
3475|相当于,放弃,个人,理想,才华
3475|以选代,ban
3475|马腾,最好,瞎,献策
3476|以前,以前,想不通,一点,徐庶,母亲,入世,回来
3476|徐庶,要面子
3476|抢代班
3476|三缄其口
3477|防,西凉,脱身,之计
3477|后面,反,三国演义
3478|以选代,ban
3479|曹魏,反诈,局局长,上线
3479|徐,母性,烈,不会,徐庶,性子,不烈
3479|徐庶,下次,相见,赤壁,对岸,记得,玩
3479|摸,一辈子,鱼
3479|以选代,ban
3481|不用,不能
3481|以选代,ban
3481|抢代,ban
3481|徐庶,重要,刘备,重要,曹操,没有,重要
3481|ban,代选
3482|曹操,没有,重要
3482|以选代,ban
3482|那得够,换,程昱
3483|诸葛亮,没,姜维,母亲,逼迫,姜维
3483|以选代,ban
3483|皇马,买,姆巴,佩是
3484|互联网,大厂,手段
3484|汝有,良策,何必,问
3484|重要,没有,重要
3484|bp,思路
3485|以选代,ban
3485|抢代,ban
3485|以选,代办,懂
3485|后来,八扇,屏,这种,文学创作,里面,长坂坡,救,赵云,献计,救,赵云,蜀,势力,徐庶,魏国,框,写照
3486|英,伟达,直呼,内行
3486|腾讯,直呼,内行
3486|腾讯,小厂
3486|人才,挖来,养起来,竞争对手,得不到,就行,太,耳熟
3486|抢代,ban
3487|抢代,ban
3487|腾讯,操作,可太熟
3487|曹操,腾讯
3487|曹操,卡,刘备,体系,牌
3488|大厂,挖人,逻辑
3488|抢代,ban
3488|抢代,ban
3488|以选代,ban
3488|互联网,公司,深谙此道
3489|已选代,ban
3489|没有,谋士,头疼,谋士
3490|腾讯
3490|腾讯
3491|徐母,死,徐庶,为啥,走
3491|重要,没有,重要
3491|参考,贾诩,张绣
3491|有没有,重要,没有,重要
3491|实际上,徐庶,曹操,集团,核心成员
3491|保护性,收购
3491|大厂,挖小厂,人才,养着,不用
3491|其实,致命,往后,蜀,太缺,军事,人才,引出,卧龙
3491|曹魏,断指,计划
3493|那元直,卧底
3493|如鸟,青天,鱼入,大海,不受,羁绊
3494|抢代,BAN
3495|确实,摸爬滚打,多年,一直,追,跑,外置,大脑,直接,起飞,现在,外置,大脑,没,肯定,心态,崩
3495|竞业,协议
3495|真,致命,徐庶,陪,二爷,守,荆州,没有,败走麦城,事
3495|参考,法布雷,加斯
3495|曹操,不用,不能
3495|腾讯,行为
3497|抢代,ban
3497|战略性,收购
3498|徐庶,做,刘备,没关系,谋划,真的,话,说,官位,高
3498|搞,垄断
3499|互联网,大厂,常规,操作
3499|躺平,派
3499|刘备,蹉跎,半生,好不容易,转机,刚来,走,心灰意冷
3500|前面,问,徐母,自缢,走,说,派,一队,徐母,接过
3500|看人,赚钱,亏,钱,难受
3501|如鸟,青天,有毒,哈哈哈,哈哈哈哈
3501|抢代,ban
3503|哈哈哈,前面,鸟上,青天,鱼入,大海,逗死
3508|已经,乱,方寸
3508|腾讯,深谙此道,收购,雪藏
3508|已经,乱,方寸
3508|先生,行李,分,散伙,回,高老庄,流沙河
3508|哈哈哈,哈哈哈
3509|自刎,归天
3509|我要,销号,练,下去
3509|毕,老爷,我求,别抖,行
3510|大宝,备,开摆
3511|吨,吨,吨
3511|方寸大乱,方寸已乱,成语,出处
3511|已经,乱,方寸
3512|完辣
3513|徐庶,日后,岂,街亭,之灾
3515|备,の,丧气话
3517|袁绍,乱
3517|这段话,竟然,没,想起,卧龙,凤雏,奇怪
3518|努力,吃,穷,曹操
3519|删号,重练
3522|不合理,说,这份,提,卧龙
3523|备备,听,听,伤心,呜呜
3523|说,方寸大乱
3523|好抖,镜头
3524|天下,高贤,唯元直,备尔
3524|说,方寸大乱
3525|SSR,换,UR
3525|刘备,认为,徐庶,够,备,主动,问,有没有,厉害,显得,没,礼貌
3526|引出,更难,对付,boss
3526|看看,说话
3526|心态,崩
3526|说,徐庶,乱,想不到,卧龙,凤雏,正常
3526|十倍,警告
3527|带,一起,吃
3527|说,想不起,亮亮,元直
3527|没想,起来,刘备,是不是,真有,气量,愿意,人品,确认,没,问题,推荐,朋友
3528|TM,地震,抖
3529|庸才
3529|亮亮,终究,错付
3529|画面,方寸大乱
3530|兄弟
3530|现在,刘备,求策,策求,刘备
3530|十倍
3531|这句,话,其实,提醒,徐庶
3532|痛苦,事,莫过于,曾经,拥有
3532|徐庶,试用版
3532|能贤过
3532|徐庶,兄弟
3534|兄弟
3535|庸才,程煜
3536|逗
3536|三玩人,无能,说话
3536|强,九个
3537|云妹,每次,背景,里,小动作,眼神,莫名,好笑,怎么回事,hhhhhhh
3537|试用版,水镜,那充,会员,知道,正式版,有多强
3537|诸葛,快快,快快,提,快,快快,老铁
3538|真,捨
3539|兄弟,强
3539|没,想起,诸葛
3540|卧龙,先生,今日,之言,后续,必定,反复,播放
3541|刘备,徐庶,卧龙,凤雏
3541|三台,高达,后勤,大拿要,跑,路,机体,保养,工作,没人
3541|怒闷,の,飞,忧愁,の,羽,局促,の,云,悲伤,の,备
3543|可往,江东,寻一,孩童,名叫,陆逊
3543|三国,中国,历史,世界,范围,里,知名度,最高,几个,名号,朝代,牛人,一圈
3544|110,倍
3545|没想,起来,显,方寸已乱,想,起来,方寸已乱
3546|列位,诸公
3546|摄影师,锅,设计,不能,放弃,观感
3547|眼睛,要晃花
3547|应该,想到,纠结,说,说,徐庶,视角,诸葛亮,目标,闲云野鹤
3547|好抖
3547|曹操,刘备,交换,关羽,徐庶,刘备,干吗
3548|前,半句话,二爷,败走麦城,前,说
3548|刘备,进行,最后,试探,放人,就荐,诸葛
3549|确实,三个,功标青史
3549|兄弟
3549|抖,有点,鬼畜
3551|做到
3551|仨,自是,不必,说,不敬,糜芳,一杯
3552|徐庶,仨,神位,这辈子,亏了
3553|三,看着,真,舍不得,徐庶
3555|元直,事业,粉,哈哈哈
3555|军师,体验,卡
3557|徐庶,诸葛亮,谦虚,赵云,诸葛亮,态度,不好
3557|关圣,帝君,上岸
3558|徐庶,侠士,自然,武将,相处
3560|二爷,真,舍不得,特别,中意,徐庶,智勇双全,侠客,人士
3561|二爷,表示,去一趟,接,徐母,顺便,闯,五关,斩六将,doge
3561|元直,可怜,万丈,雄心,抱负,化为,烟云
3561|会,喝酒,军师,再也,找,不到,啊啊啊
3561|晃动,可能,一种,镜头,语言,表现,主人公,此刻,漂泊,不定,内心
3561|伤心
3561|是不是,胶片,电机,运作,不好,抖成
3562|毕养,手别,晃
3562|二爷,记住,有始有终
3562|老,毕抖
3563|镜头,抖
3565|好抖
3565|徐庶,早年,关公
3565|子龙,抹,眼泪
3565|镜头,不能,牺牲,观感
3566|抖,厉害
3566|骑马,喝酒,倒
3567|别加,戏,镜头,语言,技术,缺陷,导致,抖动,贯穿,几十,集
3567|仨,比较,服徐,庶
3568|后期,元直,曹魏,做,一个,地方官
3569|怀疑,当时,地震,抖
3569|別抖
3569|关羽,敬佩
3570|下人,不能,洒,外面,洗,讲点,卫生,行,累
3571|云妹,偷偷,抹,眼泪
3572|御史中丞,中央,中层干部
3573|喝马,骑酒,骑酒,喝,马
3574|镜头,晃
3574|准备,砍树
3575|徐庶,真的,可惜
3575|这晃得,太,厉害,点
3576|这算拿车,钥匙,有人
3577|画面,抖
3577|徐庶,知道,喝马,骑酒
3579|自闭
3580|骑马,喝酒
3580|这是,转码,导致
3580|大宝,备,不愿,张开,眼睛
3580|已读,不回
3582|毕,姥爷,发力
3582|摄像师,拉出去,斩
3582|老,毕别,抖
3583|抖动,规律,手抖
3583|毕福剑,手真抖
3585|大宝,备,不敢,睁开眼,希望,幻觉
3586|神经,摄像
3586|诸葛亮,北伐,时,徐庶,旁,相助
3586|镜头,太抖,紫边,严重
3587|伐木工,准备
3588|应该,视频格式,转换,抖动,早期,数码技术,发达
3588|跟着,一起,晃
3589|失去,大脑,痛苦
3590|老毕,心中,难过,手,抖
3590|备备,是不是,事,忘
3591|树林,丸辣
3591|元直,没有,活,元直
3592|屏幕,一直,抖
3592|镜头,太抖
3593|频率,人能,抖出来,应该,数字化,过程,中,问题
3593|抬,摄像机,慌得,地震
3594|最帅,骑马
3594|抖,频率,觉得,可能,抖,说白了,设备,问题,不要,摄影
3595|诸葛亮,缺,坐镇,后方,徐庶,法正
3595|毕,姥爷
3595|手,可能,晃,规律,应该,影片,处理,问题
3596|毕,姥爷
3596|远处,何人,带,狗子,慌忙,乱跑,doge
3597|合着,毕福剑,镜头,出,问题,继续,洗
3597|树,要来力
3597|毕福剑,混子
3597|后边,俩,大哥,遛狗
3599|毕福剑,手太抖
3599|走到,半路,回来,刘备,说,南阳,一人,名为,诸葛亮,号,卧龙,先生
3599|毕,姥爷,手,稳些,看不清
3599|应该,长焦,拍摄,微小,颤抖,会,放大,以前,设备,可能,没防抖
3599|贝贝,难过,无耐,放,徐庶
3602|深井,冰,这是,转录,带子,抖动
3602|别骂,身边,三个,高达,不抖
3603|亿遍,元直,骑马,超帅
3603|树林,砍
3604|这马,骑得,真特么帅,炸
3605|元直,骑马,好帅,花痴
3605|回马荐,诸葛
3605|这马,骑得,太帅
3607|元直,骑马,真,潇洒,确实,游侠,气质
3607|马儿,几步,鲜肉,摔死
3607|季汉,护林,队,上线
3608|讲道理,单手,拽,缰绳,跑,快,真,nb,以前,演,电视剧,说,专门,马术,培训
3608|镜头,真帅
3608|毕竟,当过,游侠,骑马,帅
3608|多树,全给,砍
3608|元直,骑马,好帅
3610|真的,难以想象,徐庶,没,走,蜀汉,后面,是不是,会,特别
3610|元直,骑马,样子,好帅
3610|砍树,砍树
3610|找沙,瑞金
3610|马术,一手
3610|现在,小班,中班,懂事
3611|太帅
3611|游侠
3611|其实,会,骑马,知道,马大跑,起来,非常,稳,怕,跑,起来
3612|燕子,燕子
3612|田,书记,骑术
3612|树林,危
3612|树林,警告
3612|树,砍
3612|飘逸
3613|徐庶,演员,行,奔腾,好帅
3613|真骑
3613|燕子,燕子
3613|帅死
3614|骑马,太帅,全景
3614|汉服,骑马,真的,帅
3614|马术,太好了,关键,骑,赏心悦目
3614|催泪
3614|马骑,太帅,演员,骑得,替身
3615|新,三,赵云,关羽,没来
3615|元直,没有,活
3615|伐木,累
3616|没有,活,燕,砸
3616|伐木,备,上线
3616|树,完辣
3616|树林,不好,皇叔
3617|老,三国,演员,先学,三个,月,骑马
3617|刘备,前面,那片,树林,砍,doge
3617|草,SSR,融了
3617|燕,砸
3617|好帅,好帅
3618|一声,鼻子,酸
3618|好歹,一方,游侠,肯定,快意,潇洒
3618|燕,砸,走,活
3619|元直,台词,没,说完
3619|树危
3619|燕,砸,燕,砸
3619|大爷,串场,琼瑶,剧
3619|阿蛮,体验,卡,到期,滋味,哈哈哈哈
3619|老,三国,演员,不会,专门,开班,练
3619|快,砍树
3620|真,兄弟
3621|快,快,伐木,挡住,徐元直,讨工钱
3621|名,场面
3621|赵云,演员,一张,山,老师,剧组,负责,马术,培训,这块
3621|元直,没有,活,元,直
3621|蜀汉,丢,人太多,差,徐庶,一个,法正,刘巴,庞统,糜竺,抓,一大,经天纬地
3621|云长
3621|回马荐,诸葛
3621|关羽,之歌
3621|回来,请,诸葛亮,出山
3622|树林,坡,太,高,推,就行了
3622|树林,布豪
3622|名,场面
3622|确实,感人
3622|三国,无双,里,刘备,IF,线,徐庶,庞统,帮,麦城,二爷,二爷,最后,跑
3623|燕子,没有
3623|元直,没有,活
3623|伐木工,伐木工,伐木工
3624|绿水青山,劝,好自为之
3624|明天,砍,迟
3624|帅
3624|元直
3624|伐,伐,伐,伐木工,bushi
3625|前面,那片,树林,砍,看不见,原值
3625|伐木,累
3625|燕子,燕子
3626|男人,浪漫
3626|刘备,发现,地球,圆
3626|女儿国,国王,送别,唐三藏
3627|元直,没有,活
3627|明天
3627|古树,天敌,刘玄德
3627|大爷,头一回,任性
3628|元直
3628|刘狈,明天,前面,树林,砍
3628|刘备,难得,一次,情绪,失控
3628|心想,大事,没指望
3628|伐,作,甚,现在,伐,以后,会长,回来
3629|明天
3630|燕子
3630|唯一,一次,暴露,杀气
3630|砍,一块儿
3630|发自肺腑,说,琼瑶,词
3630|怪不得,古人,喜欢,比美,分手,失恋,区别,哈哈哈
3630|破音
3630|砍树,做,甚,今日,砍,明日,长
3631|明天
3631|明天,砍
3631|树,了不起,清高
3632|民得,平安,天下,安,变调
3632|树林,屠村,辣
3632|重,太重
3632|曹操,关羽,场景
3632|树林,nm
3633|伐伐伐伐,伐木工
3633|徐庶,武力,高,程昱,差不多
3633|太难受
3633|耗带,油
3635|云长,望天
3635|伐木工,伐伐伐伐,伐木工,伐木工
3635|元直,love
3635|烈
3636|曹,老板,说,词儿
3636|魏延,砍,订单,接单
3636|转身,发现,不见,心,乱
3636|明天,砍
3636|SR
3636|真的,哭
3637|伐伐伐伐,伐木工
3637|伐伐伐,伐木工
3638|老,曹,誓,杀,汝
3638|UP,新,三,马超,附体
3638|真,走
3639|明天
3639|伐木工,下班,明天,233333
3639|打麻将,三缺一
3639|树,仁德,ren,绿植
3640|波音,找,堆山,空客,树,过不去
3641|主要,这才,树林
3641|曹贼,奸贼,恶贼,逆,贼
3641|采伐,证
3642|看见,刘备,一幕,眼泪,哗哗
3643|伤心,溢过,屏幕
3643|沙鲁
3643|其德,昭昭,其志,烈烈
3644|再加,一个,银贼,凑个,五连鞭
3644|传,光头,强
3644|这是,全剧,唯一,一次,情绪,不受,控制
3644|失恋,感觉
3644|崩溃
3644|哈哈哈哈,哈哈哈哈,槽,槽,可爱,口音,槽,槽,哈哈哈哈,哈哈哈哈
3644|新,三,马超,表示同意
3645|曹操,元,直换,关羽,换不换
3645|沙鲁
3645|史嗝,反,上来
3646|徐元直,游戏,里,智力,96,第一,梯队
3646|说,三个,贼,情绪,挺,到位
3646|燕子,没有,活
3646|触发,自动,四连
3646|再加,一个,淫贼,doge
3647|每日,史嗝
3647|叛贼
3647|邪恶,矮脚,猫
3648|错,巨贼
3648|关张,赵四,真,真,砍
3648|每日,史嗝
3648|一个,淫贼
3649|刘备,惹怒,曹,老板,估计,还怕,报复,军师,老,委屈
3649|新,三国,马超,骂,曹操,这段,有点,意思
3649|哈哈哈,哈哈哈,马四连,上身
3649|逐渐,琼瑶,化
3649|演
3649|忘不了,新,三
3649|马四连
3650|适才,相戏,耳
3650|腌,入味
3651|腌,入味
3652|一键,三连
3652|←,关,二张,三死,刘备,失控
3652|盛怒之下,砍树,发泄,反应,过来,以后,明白,做,于事无补
3653|太,喜欢,新,三国,梗
3653|明天,砍倒
3654|应该,绝望,一段,难,看到,希望
3654|赵云,砍倒,牵马,送元直
3655|备备,情绪,失控,迁怒,树林,马上,反应,过来
3655|心疼,大宝,备
3655|魏延,主公,砍树,这事,我行
3657|好不容易,来个,谋士,破局,刚,有起色,走,敌对势力,挖走,搁,郁闷
3657|树林
3657|琼瑶,上线
3657|李云龙,炸,老婆,感觉,太痛
3657|刚用,deepseek,发现,服务器,繁忙,请,稍后,再试
3657|少,曹贼
3658|琼瑶,备,上线
3659|痛苦,失去,体验,得到,快感,以后,失去
3659|今日,看错,曹操,明日,还会,看错
3659|没事,后面,更,绝望
3660|绝望,应该,关张,之死
3660|这段,放,琼瑶,里,违,哈哈哈
3660|这时候,刘备,45,岁,左右,事业,刚,有起色,遭,这种,打击,搁,受得了
3661|好苦,逼,hhh
3661|老三,明显,刘备,情绪,激动,说,胡言,关羽,反应,不会,真看,新,三,真的,树,砍
3663|曹,老板,感受一下,云长,走时,感受
3663|树,爷爷,错,行了吧
3663|刘备,属于,刚,抬起头来,泥,里面
3663|这句,台词,太难,绷
3663|初恋,白月光,被富,二代,母亲,名义,强行,分离,崩,dog
3664|淫贼,事,丝毫,不提
3665|犹,记得,小时,看书,看到,心情,皇叔,绝望
3665|镜头,挺,有意思,关赵,有种,郁闷,气要,不来,感觉
3665|大哥,这会,砍,来不及
3666|哈哈哈,哈哈哈,哈哈哈
3666|席慕蓉,风格
3666|代入,感太强
3666|树,地势,差,说
3667|大事,没指望
3667|赵云,看看,二哥,看看,三哥,这树,砍
3668|谋士,只怪,智力,谋略,没,一个,95
3668|失恋,の,感觉
3668|ssr,体验,卡,到期
3668|树,倒
3669|树林,花生,花生
3669|元直,元直,没有,活,元,直
3669|三贼,曹操
3669|曹操,知道,云长,走,感受
3670|算是,树林,喻,曹操,阻拦,树林
3670|主要,前,几年,孔明,没长,开,养成,系
3670|曹操,没事,当年,云长,离开,伤心,一段时间
3670|抱抱,贝贝
3670|民,相随,志益坚,不正,乾坤,心不甘
3670|观众,悲从中来
3671|太,文艺
3671|小兵,砍,砍
3672|二次,探底
3672|大哥,不行,整个,望远镜
3672|曹操,知道,二爷,走,心情
3672|于和伟,这辈子,演不,这种,感情,变化
3673|穿着,最贵,紫色,衣服,送
3673|大宝,备,终于,体会,曹,老板,不舍
3673|众,谋士,总算,有口,饭,吃,感谢,曹哥
3673|这是,琼瑶,体,突现
3674|难受
3674|难受,想,笑
3675|舍不得
3676|树林,刘备,砍,乱世,砍
3676|听到,马蹄声,回来
3676|特,喵,哭
3677|糜竺,糜芳,简雍,孙乾
3677|光听,台词,难受,起来
3677|走,元,直,走,久违,希望
3677|刘备,实在,浪费,太多,时间
3677|确实
3677|髀肉复生
3679|刚,看到,希望,断
3679|创业,艰难,坎坷
3680|2.6,坤,年
3681|我太想,进步
3681|陈登
3682|根基,浅,创业,艰难,有人,刘备,刘邦,秦末,汉末,两回事
3682|快,半百,肯定,难受
3683|2.6,坤,年
3683|魏武,挥鞭,浇灭
3683|髀肉复生
3683|来个,诸葛亮,笑,欢
3684|知道,六年,半
3685|不仅仅,背影,未来
3687|髀,肉,横生
3687|经略,发型,两年,半
3688|大概,年
3688|老师,我太想,进步
3688|奸贼
3689|髀,生肉
3690|三年,之后,三年
3690|艰难,初心,改真,仁德
3691|髀肉复生
3693|幸福,事,久旱逢甘,霖,痛苦,事,久旱逢甘,霖,一滴,仇人,喝
3695|刘备,年纪
3695|四十,确实,绝望
3695|刘备,看着,曹操,一点点,统一,北方,新野,原地踏步,死
3695|历史,怕,羞,见,刘郎,才气,刘备
3700|汉朝,四十,已经,自称,老朽
3700|有个,成语,髀肉复生,刘备,说,吾,常,身,鞍,髀,肉,皆,消,今不复,骑,髀里肉生
3701|走马,荐,诸葛
3702|一辈子,战,不能,享受,享受
3703|欸,想,企,一件,高兴,滴系情
3703|徐庶,好像,台词,没,念完
3703|手机,没
3703|徐庶,嘶,是不是,忘,点
3704|工资,忘
3704|手机,没拿坏
3705|突然,想起,钱包,没
3705|徐庶,忘记,发给,皇叔,任务
3705|回马荐,诸葛
3705|充电器,忘
3706|回马荐,诸葛
3706|出门,忘带,充电器,的你,↓
3706|忘,点事
3707|回马荐,诸葛
3707|好像,忘
3707|坏,东西,忘
3707|充电,宝忘
3707|工资,没领
3707|欸,想起,一件,事情
3708|元直,好像,忘
3708|回马荐,诸葛
3708|徐庶,诶,工钱,忘,了结,doge
3709|门忘关
3709|坏,工资,没结
3710|充电器,坏,没带
3710|获得,技能,举荐
3710|工资,没结
3710|回马荐,诸葛
3710|这要,回去,半部,没法,演了
3711|回马荐,诸葛
3711|忘记,事
3712|徐庶,试探,刘备,看看,刘备,杀,杀,不杀,说明,仁义,之君,放心,推荐,丞相
3712|出门,第一件,事,回家
3712|没签,离职,合同
3712|召唤,最强,BOSS
3712|煤气,忘关
3712|现在,剧里,基本,没有,真,骑马,镜头,全是,替身,剪辑
3713|只求,三顾茅庐,放在,一个,长,视频,里,一次,看个,爽
3713|峰回路转,天无绝人之路
3714|难崩,试探,徐庶,方寸大乱,忘,刘备,举荐,卧龙,刘备,杀,杀,阴谋论,感觉,白帝城,刀斧手,味儿
3714|呦,忘记,交接,工作
3714|元直,走马,荐,诸葛
3714|煤气,忘关
3715|忘记,身份证
3715|徐庶,想不到,回来
3715|身份证,忘带,新野,火车站,进不去
3716|马蹄声,真,好听
3716|主线,任务,忘记,说
3716|工资,忘,了结
3716|骑马,很帅
3716|元直,适才,相戏,耳
3717|BGM,赤壁,那晚,赵云,接,孔明,回来,大宝,备在,岸边
3717|遭,工资,忘记,结了
3717|峰回路转,天无绝人之路
3718|刘备,我滴,妈,意外,收获
3718|贝贝,一个,踉跄
3718|bgm,观众,一种,峰回路转,感觉
3718|希望
3718|试探,以己度人
3718|帥,騎馬
3719|树,砍
3719|知道,剧情,会,想
3719|离职,证明,开,一下
3719|徐元直,来个,返场
3720|历史,改变
3720|忘,交班
3720|讨薪来
3720|徐庶,试探,刘备,会,不会,杀,是不是,真君子,考核,推荐,诸葛亮
3721|报销
3721|出门,第一件,事,回家
3721|徐庶,从来,没有
3721|师,—,—,父,—,—
3722|师傅,师傅
3722|社保,手续,没,办结
3722|走马,荐,诸葛
3722|众人,全都,下意识,往上,迎,团队,氛围,真的
3722|踉跄,一下
3723|老,刘,跑,一次,感动,一次
3723|呦,大宝,备跑
3723|手机,落下
3724|特意,跑,回来,坑人
3725|大起大落
3726|试用期,发工资
3726|配乐,跟着,刘备,情绪,走
3726|卧槽,几步,鼻子,看酸
3726|主公,最后,再献,一计
3727|离职,证明,开,一下
3727|小兵,丞相,闪开
3727|音乐,有点像
3728|吴懿,瞎说
3728|感动
3729|哭
3729|说,试探,真,懂,完
3729|劳工,手册,忘记
3730|这种,主公,换,亲自,跑过来,牵马,别黑,刘备
3730|encore,encore
3732|忘,交接班
3732|这段,BGM,感觉,适配
3732|期待,眼神,看着,想,哭
3732|手机,忘带
3732|结,一辈子,乐队
3733|忘,钥匙
3734|差点,摔
3735|↑,MyGO,看的,↑
3735|哭
3735|非,忘,做,媒
3735|孔明,rap,回来,个头儿
3735|tmd
3736|忘,告诉,隐藏,关了
3736|匡扶,一辈子,汉室,没有,元直,dehua,瓦,达西
3736|刘备,哭,早
3738|母亲,无解
3738|相戏尔
3738|充电,宝忘
3738|憋,走,哈哈哈哈
3739|究竟
3740|这时候,徐庶,智力,最多,50
3740|大宝,备,走
3740|元直,逗你玩
3740|马,你别,拽
3741|无意
3741|宝贝,相当于,抢车,钥匙
3741|新,三,许都,许昌
3742|bgm,挺
3742|演,真,哭
3743|刘备,这段,心情,过山车
3743|带,一起,走
3745|洒家,回来,消遣,使君,一下,便,走
3746|张飞,捆
3746|工资,结了,走
3746|工钱,没结
3747|工资,结,一下
3747|徐庶,野防,刘备,杀,确认,刘备,真的,放,回头,荐,诸葛
3747|难过
3748|前面,没,交接,完,笑,死,责任心,一看,老,工人
3748|忘却,三国,结束
3748|工资,忘,了结
3748|工资,没,结清
3749|工钱,结,一下
3749|逗逗
3749|骑士,换,做,惩戒,骑,爆发,cd30,秒,翅膀,一开,哇啦
3749|前儿,火车票,报
3749|Rider
3750|没结,工钱
3750|三国,真正,主角,终于,出场
3750|骑士
3750|工钱,没结
3751|DNF,要动,萌,呆呆,RAP,带上,徐庶
3751|名为,克利夫兰
3751|钢筋,骑士
3752|忘记,主线,任务
3752|突然,想,起来,主公,推荐,SSR
3753|徐庶,回马荐,诸葛
3753|徐元直,应该,下马
3753|圣殿,骑士,医院,骑士,条顿,骑士
3753|骑士,不行,圣骑士
3754|SSR,保底,触发
3754|骑士
3755|元,直元直,有没有,强势,智囊,推荐,一下
3755|卧龙,不好,洒家,悠闲,时光,没
3755|孔明,骑士
3755|咯,现在,古隆中,景点,诸葛亮,躺,草席,地上,烟头
3755|这一荐,知道,成就,诸葛亮,坑,死,诸葛亮
3756|第一,主角,登场
3756|SSR,走,限定,SSR
3756|主角,登场
3757|亮亮,不好,没,清闲,日子
3757|曹操,布豪
3757|主角
3758|ur
3758|没结,工资,特么,笑,死
3759|男人,终于,出场
3759|骑士,名曰,堂吉诃德
3759|刘备,三个,骑士,皆,万人敌
3759|大贤
3759|指,不许,灰
3759|ssr,出场
3759|到底,骑士,奇才,恼
3759|押金,没法
3759|SSR,这是,UR
3760|UR,SSR,已经,不算,好卡
3760|小师弟
3760|走,马坑,诸葛
3760|回马荐,诸葛
3761|要来
3762|怕,刘备,杀
3762|智囊,两个,↓
3762|无异于,周公得,吕望,汉王,张良
3762|回马荐,诸葛
3762|骑士
3762|10,公里,放,现在,都还没,出,城区
3762|更,阴
3762|喜欢,角色,终于,出场
3762|走,岔,30,里,葛,小姐
3762|徐庶,老,刘,保底,吃,满,一发,单,抽,SSR
3762|诸葛,说,小子,别找我
3763|ssr,体验,卡,到期,获得,UR,线索
3763|极限,一换
3763|灰心,哥
3764|徐庶,特意,试探,刘备
3764|为啥,不早,说
3765|不道,认识
3765|限定,池,开放
3765|这是,超标,外挂,卡,池里,没有
3765|一句,话,诸葛亮,事,食
3766|哈士奇
3767|徐庶,臭小子,真,没出息,开,摆
3767|ur
3767|大宝,备,听,骑士,很强,30,秒,一个,爆发,曹军,嘎嘎,乱飞
3767|难说
3768|马上,27,集
3768|孔明,本事,别来
3768|初恋,分手,不要紧,后面,真爱
3769|失去,徐庶,SSR,接下来,三,抽,必得,一张,诸葛亮,UR
3770|哈哈哈,有点,可爱,怎么回事
3770|大爱,诸葛亮
3771|徐庶,支棱,起来
3771|千古,第一,丞相
3772|得到,亮亮,徐庶,以前,一个,玩得,朋友
3772|诸葛亮,登场
3773|诸葛亮,卖
3774|请问,不荐,诸葛
3774|表白,顶得住,孔明,顶不住,正常
3774|徐庶,性格,真的,太好了
3774|ssr,诸葛亮
3776|诸葛亮,算,ur,卡,整个,三国,大服,没,几张
3777|点灯
3777|元直,妥妥,事业,粉,一听,备备,丧气话,高兴
3778|康熙帝,即将,粉墨登场
3779|SSR,USSR
3779|曹,老板,SR,UR
3779|举荐,没活,干
3780|村夫,后人,过度,神化
3780|马上,数学题
3781|ur
3781|前面,刚,说,双方,分寸已乱,纠结,不要,徐庶,走,忘
3781|徐庶,不能,自称,元直
3781|元直,任性
3782|到底,做,肯,留下来
3782|千古,名相,终于
3782|不要,撒娇
3782|刘备,做人,真是太,到位,情绪,价值,满
3783|中国通史,单开,一集,丞相
3784|推荐,雍正,大帝,居然,不要
3784|满脑子,SSR
3785|适才,相戏,耳
3785|元直,开玩笑,呐
3785|偶内盖,没有,元直,达西
3785|智力,99,那位
3785|刘备,不能,自称,玄德
3787|噶,起码
3788|失去,徐庶,不配,得到,辅佐
3788|马头,皮带扣,算,穿帮,那会,应该,绳子,编
3788|ssr,没,换来,ur
3789|千古,第一,贤相,上线
3790|点灯
3791|不能,自称,元直
3792|徐庶,走,10,倍,徐庶
3792|徐庶,诸葛亮,确实,好友,刘备,真,没,心思,徐庶,不会,推,好友,进,火坑
3792|支棱,起来
3793|瓦塔,西
3797|曹操,仁慈,仁慈
3797|94,智力,下线,100,智力,上线
3798|帽,金蝉
3800|莫非,无有,远志
3800|胸无大志,结,小帽,聊,消遣
3800|曹操,陈宫,走,走,之前,推荐,荀彧
3800|适才,相戏,耳
3800|主公,是否,无有,大志
3801|刘备,说,会,编,草帽
3802|令元,直回,新野
3802|主公,无有,远志
3802|元直,美人,痣,挺,好看
3803|主公,莫非,无有,远志
3803|自刎,归天
3804|好比,结,小帽,诸葛,诸葛,无奈
3804|ssr,ur
3804|刎,天
3804|灰,灰
3804|过去,头型
3804|徐庶,路上,还给,孔明,声,招呼
3805|那好,灰心,灰心
3806|联想,后面,刘备,诸葛亮,编,竹笠,孔明,类似,全身,心想,辅佐,刘备,成就,大业
3806|徐庶,看着,真对,味儿,侠士,风范
3806|主公,无有,大志
3806|真的,哭
3808|蓬头垢面,吓一跳,原本,躺,瞬间,坐,起来
3809|精神,点别,丢分,试试,溪木源
3810|过去,那脑型,支棱,起来
3810|嗨,嗨,嗨,呦
3810|马大帅,怒斥,吴,总是
3810|琴瑟,和谐,对象,跑
3812|吾,生气
3812|自称,庶
3812|马大帅,哈哈哈哈
3813|我能,不能不,逃
3813|皮兵,战皮兵
3814|没,富贵,以前,光脚,现在,知道,军师,没
3814|触发,连招
3815|刘备,一生,五,易其主,四亡,其妻,终克,成帝业
3815|用过,军师,落差
3815|元直,备将,自刎,归天
3816|发连招
3816|自刎,归天
3817|刘备,已经,变成,大叔,不再,年轻,军师,怕,懈怠
3818|真,好看
3818|你点,更
3818|马大帅,太超前
3818|元直,操场,做,省纪委,书记,去了
3819|干,老兵,烧烤
3819|孔明,嗨,嗨
3820|老兵,草鞋
3820|会,遇到,更好,的人
3821|没,高,不要,谦虚
3823|寻找,军师,创造,一个,军师
3824|时期,谋士,卧龙,凤雏,荀彧,周瑜,没
3824|过去,那头形,支棱,起来
3824|应该,庶,之上
3828|徐庶,之上,高人,真
3829|名片,推,一下
3830|不要,嘤,嘤,嘤,支棱,起来
3830|身边,希望,成就,功名
3831|干,翻元直
3832|备备,拽,疆绳,捏
3833|徐庶,魅力,100,三次,请,得动,怪
3833|剧情,收
3834|补偿,嘤,嘤,嘤
3834|众将,听令,自刎,归天
3835|卧龙,先生,将军,应,亲自,请
3836|非,徐庶,真,请求,孔明,刘备,面子,徐庶,孔明,骂
3836|元直
3837|魅力,满
3837|告别,刘备,之后,徐庶,好像,专程,跑,诸葛亮,一次,说,引鉴,事
3837|徐庶,许昌,前有,去过,诸葛亮,诸葛亮,骂
3838|徐庶,真
3838|确实
3839|元直,没,面子
3839|徐元直,孔明,一顿,骂
3839|徐庶,真,电视,没拍
3840|三次,doge
3840|骂
3841|大贤,不可,屈就,将军,须,当亲
3841|三战,听,请,指证
3841|寻访,政治,话,说,伊籍,特技,眼力
3842|魅力,100,请,一次,没,请
3842|君,俱来,此人,见,不可,屈致
3842|带,88,宝玉,288,祈福,灯,888,招募,令
3842|刘备,想,留住
3844|不可,屈至,应往,见
3845|备备,橙色,任务
3845|历史,真,三次
3845|徐庶,真,孔明,打招呼
3846|徐庶,独立,任务,触发
3846|三顾茅庐,这事,真的,出师表,诸葛亮,说
3847|徐庶,真,一次,刘备,打了个,招呼,亮子,嘴上,没,留人,心里,留,门
3847|快,说出,关键词,卧龙,凤雏
3847|魅力,100,寻访,次,多难,找
3848|不可,屈至
3850|周公得,吕望,汉王,张良,指正
3850|如商得,阴娇,蒙得,锅烬
3850|三顾,事是,诸葛亮,出师表,里,说,应该,真的
3851|刘备,走,前,不说
3852|诸葛亮,说,徐庶,省心,推出,糟心
3852|徐庶,魅力,不够
3852|周公得,吕旺
3853|三顾茅庐,事儿,诸葛亮,出师表,里,亲自,认证,质疑
3853|错,周公得,吕望,汉王,张良
3853|周公得,吕望,汉王,张良
3853|无异于,胜大,出生,程煜,百倍
3854|其实,历史,准确,说,至少,三次,到底,真的,三次,虚数,多次,知道
3854|吕望,姜子牙
3854|隔壁,周公得,吕望,汉王,张良
3855|三顾,臣于,草庐,之中
3855|208,年,刘备,换,老年,头像,属性,已经,降
3855|不说,萧何,估计,是因为,萧何,原本,沛县,集团,属于,新手,大礼包,张良,真的,抽到,SSR
3855|周公,姬旦
3856|真是
3856|昭烈,帝得,孔明
3857|汉得,萧何
3857|无异于,备得,孔明,doge
3857|感觉,文人,互相,认识,知道,名气
3858|99,以下,魅力,不行
3858|寻访,得用,刘禅
3858|刘备,想,办法,先,留下,元直
3858|明明,周公得,吕望
3858|出师表,说的,三顾,臣于,草庐,之中
3859|三顾,不止,三次,记得,易中天,讲过
3859|评价,真高
3861|哥们,出师表,丞相,写,质疑,阴谋论,入脑
3861|3.0
3861|更,重要,原因,萧,何不,押韵,狗头
3861|周公得,吕望,汉王,张良
3862|周国,汉朝,整个,国家,一个
3862|周公得,吕望,哈哈哈哈
3862|张良,真的,奠定,大汉,四百年,国祚
3862|所言,虚
3862|萧何,算,命脉,张良,总,战略,师
3862|两句话
3863|这是,实话,没有,诸葛亮,白帝城,之后,蜀汉,早就,崩溃
3863|秦得,赢荡
3864|无异于,如鱼得水
3864|三顾茅庐,历史,真的,三国志,里,记载,凡三往,乃见,出师表,里,三顾,臣于,草庐,之中,咨臣,天下,之事
3864|这是,萧何加,张良,张仪,半个,韩信
3864|周公得,吕望,bushi
3865|秦,只字不提
3865|刘元海,说,我家,列祖,皇帝,说,如鱼得水
3866|蜀,葛亮
3866|汉得,萧何
3866|现在,看看,这句,话,一点,分
3867|张良,精通,太公,兵法,计取,宛城,巧进,峣,关,安定,咸阳,智救,鸿门,明烧,栈道,联合,攻楚,劝阻,分封,天,简直,开挂
3867|觉得,张良,韩信
3867|研究,文学,易中天,说,历史学,教授,方,北辰,意见,见,三次,三
3868|张良,这种,大才,刘邦,开局,身边,四个
3868|王佐之才
3869|汉得,萧何,张良,陈平
3869|周公是,武王,弟弟,求得,太公,应该,文王,他俩,父亲
3870|每日,史嗝
3871|姬旦,表示,吕望,为我所用,何愁,大事
3872|打嗝
3872|周公,姜子牙,关系
3872|扭三,无处,故意,和央,三,作对
3873|周公是,姬旦,姜子牙,没关系,汉朝,说,刘邦,汉王,相思
3873|汉王,有意思
3874|改,文王,吕望,汉王,张良,编剧,水平,那句话,意思,理解,不了
3874|搞,周公,主公,呐
3874|关键,一个,问题,周公,吕望,离谱,吕望,文王,周公是,儿子
3874|三顾茅庐,质疑
3875|刘备,起点,太低,孔明,时,寄人篱下
3875|代表,国家,高度,新三是,代表,个人,那能,对味
3876|周公,吕望,要说,文王,吕望
3877|反正,小手,不撒
3877|格局
3878|吕望,周文王,周公是,儿子,不能,乱用
3879|周公得,吕望,问题,阿昌,阿旦,呐,WT,发
3879|周公,没得,吕望,周公,同事,关系
3879|问题,周公,周文王,一个
3881|周公,周文王,周文王,吕望
3881|周公,吕望,交集,这俩,一辈,文王
3881|更何况,周公是,周公旦,吕望
3883|徐庶,记得,程昱,抵,一百个,程昱
3884|程昱,布豪
3884|100,程
3884|徐庶,因该,法正,同一,级别
3885|100,程昱
3885|周公,姜子牙,已经,死
3885|最大,问题,周公指,周公旦,武王
3885|别问,问,十倍,萤火,皓月
3886|程昱,游戏,数值,膨胀,快
3886|徐庶,百倍,程昱
3887|百倍,千倍,程昱
3887|繁星,皓月,寒鸦,凤凰
3887|徐庶,诸葛亮,智力,差,没有,先,解决,后顾之忧
3887|马,骑着,说,驽马,刘备,送,卢要,不要
3887|玄德公,腰好,细,doge
3888|二爷,张良,作,甚
3888|卧龙,之才,远胜
3888|问,十倍
3888|马,留下
3888|程昱,算
3889|数值,通货膨胀
3889|周公得,吕望,丢人,丢到,程度
3889|高,区区,点,智力
3890|刘备,原来,驽马,寒鸦,不足取
3890|指代,应该,文王,吕望,高祖,张良,神,tmd,周公
3890|驽马,寒鸦
3890|周公是,周文王,四子
3891|程昱,知道,一个,平,秒,100,程昱
3891|程昱,计量单位,越来越
3891|程昱
3891|数值,膨胀
3891|程昱,值点,钱,不了
3892|程昱,憋,说,憋,说
3892|梁父吟
3892|程昱,贬值,有点,快
3893|100,程昱
3893|乌,角鲨,笑面虎
3894|冰女,卡尔,VS,比幽,鬼
3894|程昱,坏,这才,一集,不到,智力,超发,贬值
3894|看穿,连环计,苦肉计,连在一起,没,几个
3894|知道,太平,之要
3894|丫丫,比热
3894|寒鸦,程昱,鸡仔
3894|管仲,乐毅
3894|新,三周,公和,周文王,没,搞懂
3894|徐庶,安慰,刘备,实际上,可能,诸葛亮,差,连环计,看穿
3895|谦虚,哈哈哈哈
3895|刘备,走
3896|现在,管仲,乐毅,未必,诸葛亮
3896|管仲,乐毅,谦虚
3896|徐庶,麒麟,鸾凤
3896|10,徐庶,100,程昱
3897|程昱,完,快,没,地方
3897|鸾,紫鸾
3897|此人,牛,逼,傲气
3897|盖,天下,有名,贼,头
3897|真,能比,管仲,乐毅
3897|新,角色,数值,膨胀
3897|自比,管仲,乐毅,皇帝,bushi
3898|亮,平生,一个,比喻
3898|程昱,贬值,一事,新,三,记载,天子,贬值
3899|真是
3899|大爷,走
3899|粮食,袋子,细节
3899|盖,天下,之盖,天下,之盖,天下,奇才
3900|程昱,卧龙,美元,快成,卢布
3900|三国,数值,膨胀,自此,伊始,doge
3900|诸葛亮,智力,100,徐庶,智力,10,程昱,智力
3900|滚,打车,滚
3901|管乐,一个,类型,人才
3901|觉得,吹牛,后世,有人,自比,诸葛,觉得,吹牛
3901|紫鸾
3901|现在,管仲,乐毅,能耐
3901|才华,比喻
3902|紫鸾
3902|极其,雄壮,不知,姓名
3903|曹,大佐,村夫,盖,天下,奇才,盖饭
3903|真,自谦
3904|康飞,吹牛
3904|程昱,活,80,丞相,54
3904|9000,智力
3904|创造,主公,精通,人体,炼成,术,陆,诸葛
3904|姓,诸葛,字,孔明,知道
3905|麒麟,驽马,10,程昱
3905|周,周公
3905|此人,临沂,沂南
3906|走
3906|何不,早说
3907|沂南,路过
3907|诸葛村,夫
3907|沂南
3907|真的,三国,游戏,里,虐,惨,会,喊,村夫,得到,敌人,可遭,老罪
3908|程昱,百倍
3908|男人
3908|武松,是不是,阳
3908|行,走
3908|百智,面板,怪物,要来
3908|山东,帅哥
3908|琅,琊,临沂,欢迎,临沂,玩
3910|真名,解放
3910|男人
3910|亮亮
3911|山东人
3911|复姓,诸葛,字,孔明,哈哈哈哈
3911|复姓,诸葛,字,孔明
3911|山东人
3912|诸葛,明亮
3912|琅,琊,王,诸葛孔明
3912|辣个,男人
3913|山东,临沂人
3913|辣个,男人,要来力
3913|此人,复姓,诸葛,字,孔明,名,名
3913|山东,临沂,王氏,诸葛,氏
3914|冷,知识,村夫,山东,诸城,搬,沂南,喜爱,王司徒,临沂,郯城,两位,临沂,老乡
3914|刘备,一听,徐州人,那稳
3914|崇拜,三个,军事,诸葛亮,孔明,卧龙
3914|鸾凤,白,紫
3914|金色,传说
3914|智力,通货膨胀
3916|男人
3916|千百位,皇帝,梦中,白月光
3916|辣个,男人,出现
3916|琅,琊,山东,临沂
3917|大约,今天,山东,临沂,南部,当年,曹贼,屠,徐州,孔明,年幼,逃难,荆州
3917|一个,一个,姓氏,代表,聪明
3917|身高,八尺,一听,山东人
3917|智慧,化身
3917|十倍
3918|山东省,临沂市,沂南县,砖埠镇,孙家,营子,村
3918|孔明,我草,盒
3918|点灯
3919|周瑜,完辣
3919|二月,十三日,出发,成都,拜谒,武侯
3919|终于,丞相
3919|导演,国强,偷,玉米,戏到
3920|山东,临沂人
3920|兄弟
3920|该死,宿命,感
3921|仨,拢共,一个,不能,斗,坚信,最大,敌人
3921|起立
3922|Wollongong,doge
3922|当时,琅,琊,属于,徐州
3922|男人,出现
3922|诸城,葛式,成,复姓,诸葛,称葛君
3922|说琅,琊,臧霸,求来,高人,细辨
3923|号,龙岗
3923|早,两天,是因为,叔叔,投靠,袁术,反贼
3924|号,龙岗
3924|一家,真,经历,屠,徐州,事,大哥,诸葛瑾,孙权,说,事
3924|诸葛村,夫
3924|类似,中山,桥,一霸
3924|龙岗
3924|又名,卧槽,君
3925|龙,帝王,之征
3925|猜,为啥,年纪,跑,荆州
3925|一家,真,经历,屠,徐州,事,大哥,诸葛瑾,孙权,说,事
3925|大哥,龙,帝王,之征
3926|卧龙,龙,帝王,之征
3926|自号,龙岗
3926|自号,龙岗,先生
3926|184,帅哥,上线
3927|一篇,三顾
3927|琅,琊,诸葛亮,牛,逼,六六六
3927|澳洲,诸葛亮
3928|Wollongong
3928|去年,刚,去过,卧龙岗
3928|龙,帝王,之征
3928|龙,帝王,之征
3928|千古,名相
3929|偷,玉米,刘,关张,关,诸葛,事
3929|口令,正确
3930|琅,琊,阳,山东,临沂市,沂南县
3930|看着,缰绳,汉末,制皮,技术
3930|猜,为啥,年纪轻轻,离开,家乡,住,荆州
3930|卧龙,懂
3930|深圳,龙岗
3930|龙,帝王,之征
3930|庞统,推
3931|卧龙岗,悉尼
3931|三国,时期,恐怕,龙,没有,成为,帝王,专属
3931|我本,卧龙岗,散淡,闲人
3932|徐州人
3932|龙,帝王,之争
3932|梅长,苏,精神,图腾
3933|龙,帝王,之征
3933|小时候,诸葛,知道,刘备,救过,徐州
3933|主要,卧龙,先生,刘备,想,起来,前面,水镜,说
3933|号,龙岗,先生
3933|玄德,奥,走
3934|亮亮,备备,年龄,差,很大,亮亮,大学毕业,家里,蹲,28,岁,成功,入职,蜀汉,集团
3934|噢,原来,是因为,卧龙岗
3935|刘备,眼神,演,真
3935|南阳人,傲娇
3935|古代,徐州人,现代,讨厌,曹操
3935|卧龙岗,澳洲
3936|龙凤,没事,走
3936|刘备,真的,读书,少,莫骗
3936|吕望,周武王,老丈人
3937|诸葛亮,我本,卧龙岗,散淡
3938|古隆中,卧龙,镇人来
3939|马缰绳,看着,太,现代化
3939|说,推,庞统,三国演义,庞统,现在,东吴
3940|龙,帝王,之征
3941|孔明,士元,合体
3941|宝贝,现在,知道,卧龙,凤雏,心,够
3942|卧龙,陆军,北辰,凤雏,空军,张延廷
3942|龙
3943|凤雏,池子,现在,没开,主公,先,卧龙,限定,池
3943|糟,没,记住
3944|卧龙,诸葛,烤串
3944|卧龙,凤雏,刘备,当成,一个
3945|卧龙,凤雏,我超,盒
3945|龍,帝王,之征,doge
3945|卧龙,限定,卡池,开启
3945|史嗝,hhhh
3945|开盒
3946|卧龙,凤雏得,一可安,天下,宝贝,俩,正正,负,属于
3946|老子,现在,说
3946|好奇,徐庶,说,凤雏,庞统,面庞,统来,投靠,认识
3947|情报,解锁
3947|司马徽,特,话,听,一半,卧龙,凤雏,俩
3947|好家伙,买一送一
3947|备,我滴,妈,意外,收获
3948|实锤,刘备,现在,知道,卧龙,凤雏,一个
3948|走
3949|龙,帝王,之征
3949|诸葛瑾,跑,慢,一点,完
3949|妈呀,徐庶,亮眼,惊艳,十年
3949|说,襄阳,庞统,一起,请
3950|走,233333
3950|快,走,没,啥事
3950|刘备,行,没,事儿,麻溜儿
3950|贝贝,滚
3951|住,南阳,卧龙区
3951|早,晓得,个人,爬
3951|行,走
3951|快,走
3951|知道,多谢,走
3952|走
3952|卧龙,之旁,必有,凤雏
3952|呦,走,走
3952|备备,走
3953|先生,何不,早说
3953|备备,赶紧,走,赶不上,二路,汽车
3953|这声,叹,主公,瞬间,不想,见,徐庶
3954|哈哈哈,之前,是不是,卧龙,凤雏,传国,玉玺,东西
3954|卧龙,胜元直,十倍
3954|刘备,没白,哭
3954|走
3954|早,说
3954|元直,你别,打电话,我怕,孔明,误会
3954|襄阳,人才
3955|刘备,快,走,怕,卧龙,先生,误会
3955|马马,别跟我,说
3955|滚
3955|卧龙,凤雏
3955|中华,五千年,第一,丞相
3956|大宝,备,走
3956|早,说,忙
3956|备备,快,走,没,准备,晚饭
3956|走
3956|刘备,原来,两个
3957|合着,水镜,愣,皇叔,吹牛,没说,正事
3957|行,走
3958|刘备,姓,卧名,龙凤,雏
3958|走,不送
3958|水镜,说,二人,一安,天下,现在,应该,知道,俩
3958|赶紧,滚
3958|哈哈哈哈,我要,见,孔明
3958|元直,再见
3959|铺垫,真,没,看过,三国,听得出来,卧龙
3959|马,挨,劳资
3959|以后,不要,打电话,我怕,孔明,误会
3959|拍马,马
3960|刘备,小徐,走,走
3960|走
3960|历史,丞相,演义,厉害,演义,大部分,菜,鸡,诸葛,随手,吊打,历史,基本,丞相,小心翼翼,吊打
3960|赶紧,走
3961|哈哈哈哈,大宝,备好,会,说话,先生,真
3961|先生,快,走,高铁,误点
3961|徐庶,哥们
3961|走
3962|刘备,走
3962|话,说,之前,徐庶,为啥,一起,请
3962|一下子,感觉,可惜,足,徐庶,面子,称赞,一下
3962|徐庶,推荐,闺蜜,诸葛亮,刘备
3962|一刻,没有,徐庶,离去,哀悼,即刻,赶到,战场,卧龙,先生,诸葛亮
3963|刘备,呐,这片,树林,种上,卧龙,遮风挡雨
3963|牵,缰绳,小手,放,下来
3963|徐庶,荆州,可保
3963|那凤雏,更,近,襄阳,已经,下来,友方,领地
3963|刘备,走,UR,SSR
3963|徐庶,不差
3964|名字,知道,更何况,知道,找
3964|再见
3964|这会,走
3964|走,找,卧龙,凤雏辣
3964|刘备,元,直,知道,滚
3965|赶紧,麻,溜走
3965|行,走
3965|哈哈哈哈,瞬间,灰心,徐庶,走
3965|一直,卧龙,凤雏,一个
3966|徐庶,大猪,蹄子
3966|龙,帝王
3966|走
3966|上班,时会,老板,介绍,顶替
3967|没事,许昌,见,母亲,doge
3967|走
3967|刘备,行,走,耽误,咯,跑,快点
3967|解释,刘备,没去,找,卧龙,知道,这是,个人
3967|刘备,早,说
3968|走
3968|没,情报,知道,卧龙,凤雏
3968|走
3968|嘞,知道,走
3968|诸葛亮,刘表,亲戚关系,荆州,地区,相当,势力
3969|脑型,瞬间,正
3969|徐庶,没,问,呐
3969|卧龙,身边
3970|徐庶,已经,知道,备备,老板,这才,放心,同学,告诉
3970|语言,听,起来,真,舒服
3970|元直,一路,走,送
3970|刘备,好汉,何人
3970|徐庶,小甜甜,秒,变牛,夫人
3971|哈哈哈,哈哈哈
3971|听听,说
3971|刘盲,dige
3971|走,不送
3971|哈哈哈,哈哈哈
3972|树,考虑,感受
3972|徐庶,诸葛亮,一定,诸葛亮,做,一人,之上,万人,之下,那种
3972|行,快,走
3972|哈哈哈
3973|没,砍,本来,打算,明天,砍
3973|备备,出身,低,士族,读书,文化,垄断
3973|吃,特
3973|树,谢谢
3973|赶紧,走,不留,吃饭
3973|知道,卧龙,凤雏,俩,刘备
3973|实际上,孔明,元直,一起,共事
3973|全,游戏,SSR,中,数值,最高,到手
3974|快,走,走,赶不上,二路,汽车
3974|哈哈哈
3974|笑,死
3975|不用,付,钱,招聘,单位
3975|知道,走,不送
3975|2333
3975|哈哈哈哈
3975|知道,走,不送
3976|昨日,小甜甜,今日,牛,夫人
3976|刘备,元,直快,走,快,走,耽搁
3976|买辆,幻影,坦克,想,砍,开走,想种,摆回来
3976|徐庶,玛德,试探,试探,留,告辞
3977|瞬间,变心
3977|我能,走
3977|太,可爱,哈哈哈,哈哈哈哈
3978|皇叔,不送
3978|历史,上元直,亮亮,共事,曹操,大军,追击,时,母亲,分手
3978|树,我命,保矣
3978|获得,主线,任务,三顾茅庐
3978|云长
3978|知道,走
3978|细节,马鞍,下面,挂,干粮
3979|大寶備腦,闆,小徐,走,下一個,更好
3979|再晚,赶不上,路,汽车
3979|走,走,一路顺风
3979|知道,知道,走,走,走,走,走
3980|快,走,快,走
3980|智力,诸葛亮,99,庞统,98,徐庶,96
3980|曹操,士兵,砍,完,已经
3980|小徐,走
3981|再晚,赶不上,公共汽车
3981|赶紧,走,顿饭
3981|走
3982|刘备,走,走
3982|走,走,找,卧龙
3982|告辞
3983|马上,跨,干粮,盘缠,衣服,路上
3983|曹操,滚,感情
3983|抢,回车,钥匙
3983|徐庶,几句话,真,刘备,支棱,起来
3983|初恋,走
3984|男人,大猪,蹄子
3984|为啥,顺道去,襄阳,找,庞统
3984|前面,徐庶,一起,请,诸葛亮,剧情,需要,显得,刘备,缺人,推进,三顾,剧情
3984|走,走,走
3984|走,送
3984|树,盒饭,吃
3986|踏马,走,说
3986|重要,情报,得到
3986|走,ssr,ur
3987|种树
3987|备备,找,新,女友
3987|会,卢,带给,曹操
3988|元直
3989|其实,先去,一趟,诸葛亮,家,说,刘备,诸葛亮,骂,跑,许都
3989|走,再见,再见
3989|刘表,掉,刘备,知道,投奔
3989|滚,滚
3989|元,直此,万事,空,悲,不见,九州
3989|小徐,快,走,拍,孔明,先生,误会
3989|刘备,一直,徐庶,卧龙,凤雏,看待
3989|树,砍
3990|草
3992|真的,离去,感慨,前面,带点,大业,难成,悲伤
3993|君,相,别离,不知,何日,归期,朝露,转瞬,晞
3993|滚
3993|前面,黄字,脸,疼,疼,刘备,依旧,特别,想留,徐庶
3994|树,砍,新野,知道,地方,没树
3995|bug,刘备,知道,庞统,凤雏,后面,庞统,爱,搭,不惜,理
3996|有时候,世界,很大,很大,大到,一辈子,没有,机会,相见,辣
3997|徐庶,赤壁,对岸
3998|真,三七,主公,赤壁,再会
3998|看元直,哈哈哈
3998|备,初恋,一定,完美,一定,最好,一定,难忘
3998|没事,火烧,新野,相会,一次
3998|其实,刘备,应该,早就,认识,诸葛亮
4000|刚才,砍树,刚才,撕心裂肺,劲头
4000|快,快
4000|好像,至死,没见
4000|刘备,其实,当年,徐州,有个,谋士,陈登,非常,厉害,可惜,士族,没,处理,没,一起,带走
4000|真三,真的,太棒了
4001|演义,里元直,走,之前,特意,拜访,孔明,提前,替备备,孔明,踩点
4001|卧,徐坡
4002|一两,集,事儿
4002|事业,追求,重燃,友人,不舍
4002|天上,再会
4003|刘,关张,三人,适合,谋士,刘备,配法,正,关羽,配徐,庶,张飞,配庞统,演义,里,直接,无敌
4003|会,相会
4004|卧龙,更胜,颜良,文丑,十倍
4005|还好,见,一次
4006|赤壁之战,前,回来
4006|后来,派,徐庶,使者,送过,信
4006|赤壁之战,前,回来,一次,没见
4006|马上,再见,曹操,新野,派,徐庶,下书
4007|后来,真,见面
4007|后来,见,一次
4007|赤壁,前,见,一次
4008|曹刘,得到,白月光,宿命,回响,bushi
4011|当初,遇见,元直,地方
4012|哥,仨,骑马,挤,一起
4012|曹操,一手,可帮,刘备,大忙,233333
4013|没事,火烧,新野,之前,见
4013|突然,意识,现在,三个,骑,名马,卢,赤兔,绝影
4014|画面,构图,真棒
4016|徐庶,见,母亲,最后,一面
4017|刘备,新野,多年,没有,得到,士族,认可
4018|宋江,赚人,上山,熟
4019|长亭,外,古道,芳草,碧,连天
4021|三顾,其实,考验
4021|曹,老板,难度
4022|见,诸葛亮,没,识破,曹贼,奸计
4022|这俩,智力,顶尖,谋士,没想到,cc,用计
4025|三国志,孔明,传,序章,救,庞统,前提条件,孔明,大骂,徐庶
4025|赵云
4025|知道,计,阳谋,曹操,不来,不来,不孝
4025|识破,纯纯,阳谋
4025|诸葛亮,早,八,刘备,现在,卡拉,米,辅佐
4025|孔明,估计,反应,哥们,卖
4025|知道,计,妈,手里
4026|诸葛亮,元直,说,这人,魅力,100,先,身边,人试,一试
4027|细节,马到,地方,下马,牵行,惊扰,百姓,深得民心
4027|知道,计,曹操,真会,杀人,敢,母亲,命,赌,曹操,名声,不会,杀
4028|出门,远游
4028|诸葛亮,跑
4029|新,三,我家,先生,知道,提前,出门
4030|元直,好像,喷
4030|跑
4030|原著,诸葛亮,徐庶,举荐,徐庶,骂,一顿,说,当做,祭祀,猪狗,祭品
4031|亲妈,诸葛亮,说,阴谋,徐庶,回去
4031|徐庶,知道,计,那能,抛,母亲,汉朝,以孝治,天下
4031|这是,阳谋,阴谋,知不知道
4031|诸葛亮,家中,坐,朋友,找,班上,没,办法,老板,确实,不错,跟着,干
4031|出门,远游,doge
4032|孔明,没有,帮忙,分析,分析,曹操,不妥
4032|诸葛亮,骂
4032|不合理,见过,诸葛亮,曹操,计,破
4032|这是,阳谋,知道,计,母亲,手里
4032|夜,观天象,就行
4032|图,画
4033|诸葛亮,游历
4033|连夜,背诵,隆中对
4034|亮亮,做,ppt
4035|赵云,放假,咯
4035|当年,首播,版里,拍,这段,徐庶,诸葛亮,赶出去
4035|老崽种,知道,阳谋,无解
4036|一个,镜头,说明,大宝,备在,新野,得民心,算是,后边,携民,渡江,伏笔
4037|骂,哈哈哈
4038|知道,计,威胁,徐庶
4038|其实,孔明,徐庶,两个,人一,交流,应该,发现,曹操,计
4039|原著,里,这段,徐庶,亮亮,骂
4039|子龙,不带,玩
4040|徐庶,太厚道
4040|其实,不太,合理,见过,孔明,应该,会,不要,许都
4041|泳池,趴体
4043|水池子,沐浴,更衣
4043|说,孝为,知道,计谋,会
4043|徐庶,说,两句,诸葛亮,气,走,离席,根本,知道,许都
4043|徐母家,泳池
4044|发现,计,徐母,确实,曹营
4044|游泳池
4045|知道,计,徐庶,知道,曹操,奸计
4045|知道,计,问题,徐母,休,休书,徐母,曹操,扣押
4046|歪,一下,好像,东周,列国志,里,崔杼,张绣,宅邸
4046|阳谋,谜底,摆在,谜面,妈妈,手里,不来
4046|计,毕竟,亲娘,手上
4047|说,徐庶,推荐,备备,一定,顺利
4048|想,说,张绣家
4048|知道,计,徐庶,母亲,陷在,曹营
4048|诸葛亮,年轻,火气,比较,一听,哥们,卖,急,没管,为啥,走
4049|计,母亲,手上,不来,这是,阳谋,知道,无解,徐母,看破,自杀
4049|是不是,计都,老娘,敌方,大本营,古代人,观念
4050|出师表
4050|子龙守家
4050|怪不得,隆中对,特别,企划,PPT,做好
4051|一顿,劈头盖脸
4052|骗,徐庶,阳谋,徐母,变故,破,不了
4052|丸辣
4053|池有
4054|母亲,准备,大棒
4054|诸葛亮,哥们,走,糟心
4054|这一计,看似,阴谋,实为,阳谋,汉朝,重孝,道,徐庶,孝顺,之人,不敢,赌
4055|挺,多次,里面,布置,略有不同
4055|豪宅,泳池,doge
4057|亮子,计,敢,娘,命,赌
4059|徐母,刘备,许昌
4060|徐母,下线
4060|身在曹营心在汉
4062|曹仁,没,城门口,迎接
4062|丸辣
4063|啷,回来,嘞
4063|计,姜维说,不要,妈,不要
4063|发生,火灾,知道,池子,用处
4063|这是,阳谋,母亲,许昌,知道,中计
4063|你好,糊涂
4064|早期,家里人,自称,字
4065|丸辣
4065|字,不能,自称
4066|悲剧
4066|徐母,皇叔,攻下,许都
4066|孔明,出山
4067|徐母,内心,刘备,许都
4067|知道,计,曹操,人性,搞,搞
4067|徐母,我命,休
4067|问题,自称,字
4067|刘备,过来
4068|徐母,许昌,解放
4069|表情,喜,怒
4069|一窜,逆之辈
4069|徐母
4069|徐母,知道,不孝
4070|徐母,刘皇叔,打到,许昌
4071|老妈,不来,宽恕
4072|其实,诸葛亮,说,徐庶,不来,派,制造舆论,说,曹操,抓,母亲,曹操,真,不敢,杀,这种,事太,下流,得不偿失,许都,泥马,肯定,羞愧,寻短见
4072|不合理,诸葛亮,徐庶,出谋划策
4073|此人,见,不可,屈致,将军,宜,枉驾,顾
4074|刘皇叔,解放,许昌
4074|诸葛,徐州,跑,难,大爷,自带,好感
4076|刘备,过来,母亲
4077|刚,见到,儿子,高兴,加,疑惑
4079|这种,事,诸葛亮,没法
4082|当初,曹操,屠,徐州,诸葛亮,12,岁,乱军,之中,家人,走散,只能,带,弟弟,往外,跑,丞相,曹操,恨之入骨,当时,丞相,看到,仅,千余,刘备,仍然,敢,救,徐州,大爷,自带,好感
4083|关键词,星夜,冂
4084|每日,星夜
4084|星夜
4086|星夜,警觉
4086|星夜
4089|星夜
4089|美貌,吴国太,遑
4090|原文,母,书,星夜,至此
4090|现在,赶紧,星夜,赶回,可否
4090|徐庶,擦,中计
4091|要素,察觉,星夜
4091|星夜,警觉
4092|为娘,识字,写,手书
4094|司马昭,孝顺
4095|如来
4096|反应,知道,中计,前面,一直,没想到,其实,感觉,太,合理
4097|看守,索性,带,老娘,回去
4097|没,办法,不来,徐母,曹操,控制
4098|反刍
4100|言之有理
4100|徐庶,从未有过
4100|问好,兄弟
4101|跑,孙权,来个,不忠,不孝
4101|丸辣
4101|效力,铁索,连环,真相,告诉,气死,气死
4102|忠孝,皆,失
4102|嗝
4102|徐庶,经略,已经,完全,陷入,新,三,漩涡,里,不知,天地,何物
4102|句句,不提,句句,不离,爱之深,恨,之切
4102|真,星夜
4103|如来
4103|如来
4104|折中,一下,不来,曹操,效力
4104|如来
4104|不好,中计
4104|每日,史嗝
4105|许临,勿,cue,已经,死
4105|笑,死
4106|如来,doge
4106|打嗝
4106|宇智波,一打,七,行为
4107|每日,一史
4107|折中,法,不来,许都,徐母,断绝关系
4107|反刍
4107|如来
4108|史嗝,上来
4108|这该,算,工伤
4108|行,行,味够,继续,正题
4109|充分,必要条件
4109|领略,新,三,阉透
4109|错,蘸,酱
4109|求
4109|蘸,酱
4110|因果律,武器
4110|史嗝
4110|忘不掉,新,三国
4111|笑,死
4111|蘸,酱
4111|蘸,酱,超,大声
4112|身在曹营心在汉
4112|曹操,这不忠,不孝之子,吾,不敢,用乎
4112|每日,蘸,酱
4112|蘸,酱
4112|徐母,演员,河北,冀州,村庄,称为,黄家,庄,很多,复姓,澹台,现在,省事,写作,台姓
4113|如来
4113|陈宫,从来,没有
4113|停,停停
4113|干活,工资,想
4113|腌入,味儿
4114|病入膏肓
4114|腌,入味
4116|笑,死
4116|蘸,酱
4117|徐母,演员,复姓,澹台,当年,第一次,见,姓
4118|蘸,酱
4119|澹台,灭明,子羽
4119|一点,徐庶,学,高祖
4121|每日,史嗝
4122|第一次,知道,澹台,姓,小说,神,墓,作者,瞎编,原来,真有,这姓
4124|折叠,屏
4124|夜航,船,大哥,澹台,灭明,一个,两个
4125|徐母,好你个,程昱
4125|徐庶,不好
4126|后遗症,怕,不了
4127|细节,远视眼
4127|细节,月光
4127|孔子,有个,弟子,澹台,灭明,以貌取人,失子子,羽
4127|一个
4127|此刻,应该,响起,关羽,之歌
4128|萍踪侠影,里,澹台,灭明
4128|六亲不认,许仲康
4130|UP,没法,腌,入味
4131|澹台
4131|噔,噔,噔,噔,噔,噔,噔,噔,噔,噔,噔,噔
4132|不来,错,徐庶,选择,如来
4133|徐母,→,澹,臺,複,姓,音,談,台,仁慧,老師飾,演,話劇,演員,出身
4133|确实,BUG,孔明,应该,这是,阳谋,破,只能,说,老罗写,bug,挺
4138|徐庶,赶紧,出城
4138|澹台,不多见,记得,孔子,有个,徒弟,姓,澹台
4139|澹台,灭明,姓,澹台,受教
4139|见,诸葛,想,清楚,这是,无解,之题
4139|澹台,灭明,孔子,七十二,贤人
4139|徐庶,直接,先,程昱,砍
4140|你好,糊嘟
4140|简直,愚蠢,害得,更,愚蠢
4144|梁羽生,萍踪侠影,录,里,颇,份量,配角,澹台,灭明
4144|俩,试试,星夜,偷偷,骑马,回去,滑稽
4144|你好,葫芦
4148|徐庶,母亲,大贤,居然,自尽,明志,了不起
4148|没有,软肋
4149|关心,乱,徐庶,这种,顶级,谋士,例外
4151|哈哈哈哈,家人
4151|无敌
4151|陈蛐义,无敌,之人
4152|徐庶,离职,回原,公司,原,岗位
4152|玛莎,拉
4153|绷,不住
4153|角度,讲,诸葛亮,父亲,早逝,确实,没有,把柄,地狱,笑话
4153|笑,死
4153|徐庶,先,经略,摔
4153|第一次,知道,澹台,评书,澹台,镜,大帅
4154|神,tm,没有,家人
4154|哈哈哈哈,花草
4154|陈,蛐蛐,从来,没有
4154|元直,破碎,感,美
4155|蛐蛐,精
4156|一口,始,一口,饭,大滴
4157|哈哈哈,哈哈哈哈
4157|陈宫,三,国宝,可梦,大师
4157|哈哈哈哈,哈哈哈哈
4157|无敌,之人
4158|懂,徐庶,当年,离家,之前,应该,徐母,摔,走,bushi
4159|可怜,重情,重义,蛐蛐
4159|徐庶,演义,算不得,顶级,谋士
4159|程昱,伪书,赚,徐庶
4159|蛐,陈氏
4159|不能,说,家人,把柄
4160|后面,家人,冒出来,哈哈哈
4161|太难,绷
4162|知道,中计,老么实,跪下,等待,骂
4162|自灭,满门
4163|完,大宝,备,抽,ssr,没,位置
4164|一人,吃饱,全家,不饿
4165|漫画,剑,豪,生死,斗,里,武士,练剑,女人,耽误,蛋,噶,未婚妻,杀,心无旁骛,练,剑,新,陈宫,应该,学
4165|徐庶,在线,咨询,离职,社保,断缴,回原,单位,补缴
4166|家人,事实上,把柄
4166|把柄,软肋
4166|徐庶,跑,回去,刘备,知道,屁股,插个,螺旋桨,飞出,城外,迎接
4167|软肋
4167|蛐蛐儿,有情有义
4168|蚌埠,住
4168|这招,真损
4168|知不知道
4169|回去
4169|星夜,跑,回去
4170|回去
4170|可怜,可爱,元,直,嘤,QAQ,意识,错,母亲,教育,乖乖,跪下
4171|户口本
4171|没人,发现,赶紧,偷偷,溜回,新野
4172|父母,远游
4173|懂,父母,远游,游必先,杀
4174|曹操,肯定,安,眼线,拉
4174|骗
4175|真,家,想来,想,走,走
4175|成,孩子,搁,训话
4176|乖巧,无助
4176|娃,老娘,骂
4176|关心,乱
4177|现在,曹操,绝对,不会,徐庶,出城
4177|徐庶,犯错,孩子,手足无措
4179|年纪,越大越,舍不得,放不下
4180|张昭,反,如初
4181|经略,是不是,偷摸,骂,一句
4181|越学越,倒出
4181|徐庶,耍,团团转,成,不忠,不孝,之人,再也,没有,脸面,回归,刘备,阵营
4182|别骂,骂
4182|别骂,骂
4183|味儿,妈,说,一模一样
4183|老夫,人大,义
4183|许都,曹操,地盘,想来,想,走,走
4183|视感,别骂,骂
4184|别骂,骂
4184|别念,师傅
4184|这下,听懂
4184|别骂,骂
4184|小时了了,大未必佳
4185|没,办法,老太太,太,大义
4185|少年,包青天,里,隐逸,村,卓七婶,演员,老师,贵族气
4185|其实,游侠,性格,使然,一个,楞,头,钻
4185|老贼,吾,无仇,安敢,恶语伤人,doge
4185|别骂,别骂
4186|突然,骂,干什么
4186|别骂,别骂
4186|徐庶,可怜,江湖,飘荡,本是,一个,故事,结尾,反是,一个,故事,开端
4186|别骂,骂
4187|徐庶,回去,砍
4188|别骂,骂
4188|别骂,骂
4188|住口
4188|母亲,太,厉害
4189|别骂
4189|软肋
4189|聪明,可能,电诈,毕竟,心中,弱点
4190|回去
4190|元直,委屈
4190|徐母,大义,自裁,元直,中计,无地自容
4191|真的,方寸大乱
4191|别骂,骂,破防
4191|孙策,妈,演
4192|越活,越,回陷
4193|关心,乱
4194|徐妈,认为,徐庶,其实,识破,计策,尽孝,装糊涂
4194|孙权,这种,娘,真的,存在
4195|想起,黄旭华,院士
4196|杀,父兄,恶贼,逆贼,奸贼
4198|人人,缺点,实在,没辙
4198|老夫,人好,范儿,一看,读书人,家
4198|孙策,娘,死
4199|皇叔,仁义,著于,四海,汉室,正统
4199|曹操,知道,刘备
4200|老夫,学识,渊博
4201|其实,徐庶,不来,还好,徐庶,徐母,绝不,可能,活着
4201|黑心,老板,心腹,戏耍,单纯,名校,高材生
4202|老三,演员,真好
4202|徐,妈妈,真,深明大义
4202|徐母,说,写信,不该
4203|女中豪杰,句句,直中,要害,骂,徐元直,弃明投暗,印象,深刻
4204|伯符,演
4205|元,直整,越,听,越,难受
4205|母亲,真,佩服
4205|玩意,吹,刘备,吹,上瘾,杀人,不吐骨头,军阀
4205|老,三国,出场,女性,真的,心怀,家国,大义,新,三,鲜明对比
4205|国企,班不上,跑,回来,干
4205|老夫,士族,之后,懂得,肯定
4207|人品,这块
4208|徐母,智慧,之人
4211|名者,命,名声,臭,寸步难行
4212|老太太,文化
4212|孙策,可能,绝对,可能
4213|孙策,成为,母亲,女人
4213|孙策,羡慕,妈
4213|守完,孝再,逃出来
4214|母亲,害死
4214|胖,东来,想,工作
4216|姜维,母亲,差不多,深明大义
4216|可能,逃,回去,味儿
4217|徐母,女中豪杰
4217|正史,陈登,好几个,刘备,共过,事儿,说,刘备,没有,根基,最后,曹操
4217|古时,曹操,一辈子,仗,基业,名声,不行
4217|败仗,俘虏,救回去,猜,组织,上会,不会,调查
4218|逃,成,反复无常,小人,后面,徐庶,出使,刘备,刘备,留,没,留下,古人,重,名节,反复无常,直接,死
4219|突然,感叹,老,三国,女性,形象,刻画,真的
4220|刘备,东汉,魅魔,昂,战术,后仰
4222|况,刘豫州,王室,之胄,英才,盖世,众士,仰慕,若水,归海
4222|东汉,魅魔
4222|刘备,带盐
4223|蜀汉,祸根
4224|古人,名声,比命,重要
4224|没,毛病,现在,跑,这来,高低,混
4225|汉末,魅魔
4225|老夫,人演,真
4226|徐庶,骂,快,钻洞
4226|工作,辞,不要
4226|盖,追,先帝,殊遇,欲,报之于,陛下
4227|风投
4228|东汉,魅魔,名不虚传
4228|刘备,教,处世之道,有人,骂,伪君子,23333
4228|没,儿子
4228|投,刘备,心里,舒服
4229|不为,刘备,投,曹操,更好
4232|老夫,夜,观天象,荆州,明,许都,暗,弃明投暗
4232|卡,里斯,玛
4233|徐庶,做,名声,属于,中等偏上
4234|大汉,魅魔
4235|好多,士族,觉得,下个,刘秀
4235|徐庶,没得选,知道,计,总,不能,放着,母亲
4236|伪书,相间
4237|先见,诸葛亮,回来,诸葛亮,没有,帮,点破,这件,事
4237|应该,母子,商量一下,找,机会,跑,路
4238|上将,渔夫
4239|卧槽,孙策,母亲,徐庶,母亲,一半,估计,孙策,不会,死
4240|母亲,不来,不行
4240|自古,忠孝,难两全
4240|愚夫
4241|察
4241|刘备,三国,魅魔,草根,出身,徐州,陈登,糜竺,荆州,诸葛,庞统,益州,法正,李严,地方,名士,望族,投
4242|别骂,老夫
4242|娘,手里,自投罗网,选择
4243|徐母,曹,老板,骂,破防
4243|实际上,阳谋,真假,得来
4243|渔夫,徐庶
4243|骂,真狠
4244|孙策,他妈,贴点,符有,错,老妇人,懂,科学,孙策,糊弄,糊弄,过去,非要,气
4244|李陵,说,丈夫,不能,再辱,徐庶,可能,回去
4245|打鱼
4245|不能,回去,投,刘备
4245|艺术家,演,太好了
4246|孩子,大都会,母亲,呵斥
4246|演技,张力,加上,台词,绝
4246|渔夫
4247|徐母,怼,王,不了,口,一怼,一个,吱声
4247|说,伯约,后来,没有,回来,好像,没,骂
4247|台词,功力,绝
4247|知道,计,不能不,回,名声,臭,没法,混
4248|看得,真,难受
4248|进,城,容易,出去
4248|别骂,骂
4248|骂,更,狠,后面
4249|fishman
4249|姜维,良田,百顷,一亩,母
4249|徐庶,真的,可惜
4250|诸葛亮,刚,听,说,推荐,刘备,赶人,走,压根,没,听,说,许都
4250|演得
4250|徐母,记得,自裁,痛心
4251|书读
4252|刘备,刘秀,唯一,差,没有,夺取,天下
4252|是不是,说,迂夫
4252|玻璃心,孩子,听,这话,马上,离家出走,破防,甚者,自刎,归天
4253|投,刘备,当个,会计,应该,没,问题
4254|程昱,计策,真的,太狗
4254|别骂
4255|现在,晚上,干净,往回,跑
4255|脸,骂,牛,直接,自杀,不用,回来
4255|回来,码,肯定,没,没想到,回来,没
4256|牙疼
4256|回来,母亲,不会,死,曹,老板,好好,养着
4257|徐庶,真的,可惜
4257|主要,说,没有,详查,回来
4257|没,办法,难道,能放,母亲
4258|现在,忠孝,两名
4258|必须,回来,一万,怕,徐母,被害
4259|汉朝,忠孝,治,天下
4259|校名,比斯,母亲
4259|徐庶,颖川,曹魏,做到,实权,九卿
4260|几句,心,喊,碎
4260|这是,一辈子,事,严重
4261|说到底,程昱,害
4261|老夫,知道,害,儿子,心里,惭愧
4261|这要,是要,孝,名,母亲,活,方寸大乱,可能,没想
4262|姜维,正相反,远志,当归
4263|好比,中美,之间,选,美国
4263|三国群英,传好,徐母,走,跑,刘备
4263|老,刘家,分钱,所有人,会,支持
4263|后世,评价,回来
4264|老娘,聪明,有远见,曹操,找到,一头,撞死
4264|反观,吴国太,活活,孙笨,气死
4264|没,办法,老娘,扣住,不来,不行,太难
4266|带,母亲,走
4266|回来,母亲,死,最好,肯定,识破,伪书,计,母亲,命,成全,孝道
4267|没人,说,徐庶,不忠,知道,曹操,计
4267|配音,红楼梦,王夫人,这句,好像,哭,宝玉,那段
4268|徐庶,太难,会,遗憾
4268|说,冷汗
4269|忠,孝前
4269|应该,说,汉朝,忠孝,仁义,治理,天下,四个,带来,名声
4270|现在,问题,日后,史官,写实,徐母,写,书,等于,恶名,徐母,一人,背
4270|跑,回去
4271|中华文化,脊梁,气节
4271|庶母,这话,里外里,好几层,含义
4271|曹操,地盘,跑
4271|带,母亲,走,徐庶,过五关斩六将
4272|带,走,关羽,带,刘备,二位,夫人,走,多难,知道
4272|徐母,愧疚,愧疚,当天,应该,自杀
4272|老太太,演得,真好
4272|这波,挺,伤,徐母,被囚,死局,徐母,大局观,更,希望,孩子,成就,更大,拖累,孩子,气死,看似,责怪,徐庶,实际上,不了,心里,那关
4274|泪目
4274|哭
4274|曹,老板,混,工资,不错
4274|没,面目,—,—,徐,母
4274|徐母,这段,唱戏,老太太,戏曲,演员
4275|徐母,高义
4275|骂,徐庶,恨,成,儿子,累赘
4275|民国,有人,作反,三国志,识破,伪书,偷偷,搬取,徐母
4275|不去,曹操,嫌,没意思,徐母,杀,名声,更,臭
4275|姜维,没回
4276|这为,娘,唱,京剧,手势
4277|诸葛亮,收姜维
4278|民国,好像,周,大荒,写,反,三国演义
4278|田,书记,沙,书记,喊
4279|汉朝,其实,剩下,忠孝,仁,丢,商朝,义,丢,春秋
4279|带,母亲,偷偷,溜,唄
4279|现在,走,来得及
4279|两人,高颧骨,真的,有点像
4281|门外,应该,堵
4281|庶母,徐庶,没有,嫡母
4282|田,国富
4282|忽然,想起,李萍
4282|徐母,这话,太重,可能,这时候,已经,决定,自我,了结
4282|真,回来
4283|一回,其母,必死
4283|骂,太狠
4283|这话,重
4284|这句,骂,真狠
4284|反,三国,赵云,接,徐母
4285|骂,狠
4285|演,真
4285|带,老娘,走,过五关斩六将
4285|骂,太狠,徐庶,顶不住
4286|骂
4286|岂能,郁郁,久居人下
4286|老娘,曹操,找到,那一刻,结局,已经,不了
4286|一点,不狠,大汉,垂危,亲妈,一直,相信,儿子,栋梁之才,辅佐,刘备,大业,必成,许昌,断送
4286|毕竟,三国演义,篇文章,捧,大汉,抬高,明初,汉,正统
4286|骂,真狠
4287|这话,有点,重
4288|这话,好狠
4288|有何,脸面,见,汉朝,24,代,先帝,DG
4288|这句,最狠
4288|徐庶,一点,历史,姜维
4289|没,严重
4289|徐母,觉得,没,教育,儿子,愧对,亡夫
4289|没,严重
4289|自刎,归天
4289|骂,真重,我妈,骂,自刎,归天
4290|徐,妈别,骂,骂,我太难
4290|怪,徐庶,孔明,赚,姜维,没入,职,已经,全家,搬,过来,没,事儿
4290|骂,太狠
4291|徐母,出破甲
4291|诸葛亮,第一,时间,家,搬走
4291|话,太重,徐庶,难顶
4291|骂,有点,狠
4291|严重
4292|娘,诶
4292|骂,太脏
4293|言重
4293|孙策,母亲,真的,存在,doge
4293|这罪,可大
4293|一看,唱戏,角,举手投足,台词
4293|老,徐家,真刚
4294|徐母,骂,成,把柄
4294|别骂,骂
4294|徐庶,演员,太,端正
4294|据说,徐庶,母亲,觉得,耽误,儿子,前途,自杀,不够,严重
4294|骂,太狠,听,有点,顶不住
4294|别骂,骂
4295|一点,不为过,徐母,看来,儿子,助,曹不助,刘,于不忠,假信,骗,气伤,母亲,不孝
4295|徐庶,进城,盯上,可能,溜
4295|太狠
4296|家教,严,尊孝
4296|以前,很多,哭,强调
4297|换成,现在,类似,高级人才,骗,美国,严重
4297|古人,视,气节,很重
4297|这句,话,骂,徐母,觉得,拖累,儿子
4297|徐母,觉得,连累,儿子
4297|徐母,真的,骂,太狠,元直,实惨
4297|母凭子,贵
4298|说,一点,不重,古代,重视,名声,气节,不像,现在
4299|徐母,不想,徐庶,回来,之前,故意,激怒,曹操,求死来,看到,儿子,骗回来,怒气,上头,一时,情绪,发作,骂,狠,点
4299|可能,是因为,徐母,觉得,拖累,徐庶,非本意,徐庶,弃明投暗,自觉,无颜,存活,性情,太,刚烈
4299|别骂,骂
4299|玷污,祖宗,有点,重
4299|杀人,诛心
4300|佩服,徐母,真要,骂,重
4300|郭靖妈,是不是,写
4300|徐母,侠女,性格,刚烈
4300|徐母,真高义
4301|徐母,这句,话,骂,徐庶,骂,母亲,肯定,希望,儿子,有个,主公,因素,儿子,前途,搞,没,徐母,肯定,自责
4301|骂,狠,骂,狠,这是,人生大事,名声,气节,真,古代,重情义,现代人
4301|徐母,自杀,重不重
4302|其实,骂
4302|女性,名声,性命,重要,哪像,现在
4302|徐母,妈,连累到,儿子
4303|徐母,太,刚烈,进去,立马,上吊
4303|父母,不想,拖累,孩子,希望,孩子
4303|骂,太狠
4303|母亲,刚烈,第二天,死
4304|徐庶,曹贼我
4304|原来,真的,上吊
4305|徐母,养出,徐庶,儿子
4306|说,确实,重,曹操,多人
4306|骂,太狠
4306|听,徐母,自责
4306|没,办法,徐庶,过来,前程,肯定,毁,徐母,一个,儿子,前程,没,痛心
4307|老太太,一头,撞死,舒服
4307|徐母,其实,更,像是,骂
4307|徐庶,恨,疯,曹操
4307|汉昭烈,母
4308|说明,古人,名节,多重
4309|一边
4309|妈,妈
4310|这要,查出,程昱,干,直接,手,撕
4311|觉得,徐母,死,曹操,派,徐庶,刘备,居然,没有,留下,真的,迂腐,他妈,说,好像,没,明白,式
4312|删,记得,拍
4312|玷污,祖宗
4314|嘴脸
4314|号
4314|记得,徐庶,抱,哭,出声
4314|记得,最早,吊,镜头
4314|记得,小时候,看电视,徐母,上吊,镜头
4315|名者,命
4316|删减,原版,删减,很多很多,徐母,刚烈,切,忠君爱国,真高义
4316|记忆里,上吊
4317|高兴
4317|记得,叼,画面
4317|记得,上吊,镜头
4317|转瞬即逝,一点,拖泥带水
4318|哈哈哈,哈哈哈
4319|笑嘻嘻
4320|刘备,了解,徐母,徐庶,曹营,母子,团聚,挺,开心
4320|毕,老师,拍
4320|记得,电视剧,里,自刎
4321|亮亮,谢邀,烂摊子,接下来,地狱,开局
4321|神奇,运镜
4322|此事,劳大哥,前往,绑
4323|贝贝,衣服,真,好看
4323|狱吏,足矣
4324|动画片,营帐,直接,上吊,央视,播过
4324|徐庶,刚,分手,不见,旧人,哭,只见,新人,笑
4324|更,放心
4324|徐庶,本来,大好,前途,立,盖世,功绩,落得,发一言,美名
4324|记住,张飞,现在,高高兴兴,样子
4325|来坂田,拜见,孔明
4325|尊重,后续,故事,徐庶,荆州,失守,要编,更好,理由
4325|俩,魅力,不够
4325|魅力值,触发,不了,事件
4325|笑
4327|读过,书,难
4327|拍,徐母,上吊,站,版,剪
4327|飞飞,绑,便是
4327|分手,男女,方,视角
4328|飞,知道,二哥,谱
4328|张飞,一条,麻绳,就够
4329|他俩,请,过来,擒,过来
4329|取
4330|现在,卧龙岗,悉尼
4331|张三,放,火
4331|张飞,下午,绑回来
4331|好帅,刘备
4331|家中,事,子龍守家,放心
4331|请,先生,大胆,动手,叭
4332|亲自,求,娶
4332|俩,糙,人怕,绑
4334|俩,找,不到
4334|子龙,玛德,守家,不干
4335|徐母,没,抓,徐庶,肯定,能大施,拳脚
4335|二人,诸葛亮,态度,积极
4335|俩,魅力值,不够
4335|子龙,守家
4336|兄,同往
4337|子龙,日常,守家
4337|哈哈哈哈
4337|毕竟,元直,推荐
4337|毕竟,云妹,柔贤,慈惠
4337|元直,或士元,后面,荆州,不会,丢
4338|画师,作画,子龙,守家
4338|诸葛亮,草庐,站,不下,两万多
4338|尤其,赵云
4338|保姆,赵子龙
4339|子龙,我会,空城计
4339|经典,子龙守家
4339|子龙,带,玩
4339|子龙,出去玩,带
4339|玷污,祖宗,空手,立于,天地,之间,好狠
4340|烧,房子
4340|子龙,日常,守家
4340|赵四,这是,孤立
4341|子龙,我成,家庭,煮夫,doge
4341|家中,事
4341|boss,直聘
4341|练得身,形似,鹤形
4341|知道,澳足,卧龙岗,不错,不错
4342|千万别,带,张飞,容易,失火
4342|家中,事
4342|紫龙,孤立
4343|卧龙
4344|汉末,魅魔,俩,不了
4344|子龙,真,放心,留着,看家
4344|小兵,嘴甜,司马徽,银子,doge
4344|想,挺,美
4344|门卫,文化
4345|张飞,请,诸葛,绑,便是
4345|玛德,没,门童,文化
4345|大宝,备,现在,瞧,孔明
4345|刘备,魅力,100
4346|满脑子,孔明
4346|子龙,想
4346|见,孔明
4347|放,火,行
4347|司马,吧唧,先生
4347|孔明,脑袋
4347|现在,做梦,孔明
4347|刘备,想,卧龙,想,魔,怔
4347|刘备,现在,卧龙,先生
4347|卧龙,哈哈哈哈
4347|现在,孔明,笑,死,真,求贤若渴
4348|现在,皇叔,一种,看见,认识,觉得,孔明,病
4348|徐庶,走,刘备,诸葛亮
4348|三国,编剧
4348|魔,怔
4349|门卫,眼光
4349|孔明,听,描述,大帅,词
4349|现在,刘备,满脑子,孔明
4350|孔明
4350|中门,狙
4350|哈哈哈,魔,怔
4350|万物,皆,孔明
4350|第一次,二爷,三爷,耐心
4350|打开,中门,狙
4351|人均,孔明
4351|狙
4353|大爷,现在,觉得,孔明,太,想要
4353|巴沙尔,谢谢
4353|门卫,肯定,眼光,说不定,啥时候,得罪人
4353|大宝,备,魔,怔,卧龙,先生,见到,真人
4354|人均,孔明
4355|刘备,现在,活像,急,见,女神,小伙子
4355|整理,领带,好像,见,初恋,感觉
4355|整理,着装
4356|礼节,真的,太多
4356|戳,罗贯中
4356|中门,对车
4357|现在,刘备,见,孔明
4358|没,办法,刘备,现在,听,卧龙,凤雏,名字,压根,认识
4358|gm
4358|水镜,先生,能来,辅佐,更好
4358|嚯,哈哈哈哈,哈哈哈哈
4358|季汉,氛围,真的,太好了
4360|原来,水镜,先生,关闭,中门
4361|刘备,盼,贤才,快,魔,怔
4361|水镜,吃,冰枪,白莲,华
4361|刘备,先,中门,关上
4361|反正,开中门,猎头公司
4362|水镜,当得起,玄德,中门,之礼
4362|水镜,先生,姓罗,名贯,中,号,司马徽
4362|刘备,口才,真好
4363|水镜,孔明
4363|水镜,演员,挺,何冰
4364|行,行
4364|↑,罗贯中,姓罗名,字贯,中
4364|水镜,刚刚,写,一段,三国,故事,大纲,特来,告知
4364|黑中介
4364|猎头,回访,带,售后服务
4365|关键,大宝,备有,卧龙,之后,招凤雏,事儿,全忘,干净
4365|水镜,先生,化名,司马徽,原名,罗贯中
4365|孔明,中门,关上,开,侧门
4365|罗贯中,先生
4366|关中,门开,侧门
4366|水镜,猎头,辅佐
4366|真,松形鹤骨
4366|好好
4366|岂不知,水镜,门下,有八奇
4367|几句,三国演义,原文
4367|贝贝,失望
4367|三国,第一,猎头
4367|这话,说,真,漂亮
4367|东汉,第一,猎头
4368|这时候,玄德,患上,卧龙,幻视,症,23333
4368|镜子,哥
4368|司马徽,听,没,听,水镜,八奇
4369|先生
4369|博士生,导师
4369|谜语,人来
4369|教务主任,忙
4369|司马,微好,年轻
4370|这话,真中,听
4371|魅魔,术
4372|卧龙,中门,关上
4372|水镜,猎头,不会,下场
4374|作者
4374|水镜,大才,之士,此话,合理,中,听
4375|这话,说,漂亮
4376|原来,水镜,先生,赶紧,中门,关上,doge
4376|水,镜,没听说过
4377|大宝,备请
4377|此人,孙策,父亲,孙坚
4378|是否,太过
4379|张嘴,不愧,魅力值,100
4382|水镜,人才,市场
4382|司马徽,司马懿,关系
4382|八奇
4383|听到,元直,伤心
4383|司马徽,208,年,死,编
4384|濮存昕,爸爸
4386|提元直,已经,云淡风轻
4388|元直,其母,尚存,徐母,刚烈,必无,面目,见元直,必死
4390|哈哈哈哈,没有,叹口气,大宝,备
4392|张三,表情,賊,逗
4393|是因为,徐庶,甘心,徐庶,活着,马上,拜访,诸葛亮,伤心
4394|最恨,怎么回事
4396|惊呆
4399|皇叔,这身,好好看
4401|这事,孔明,难道,看不出来
4402|我大,许昌
4403|孙策,演员,父亲
4403|水镜,先生,早来,一会,元直,不会,走,真是,天命难违
4406|徐庶,走,急,应该,没,细说
4407|诸葛亮,有没有,徐庶,见,诸葛亮,根本,没,提,事儿
4408|估计,徐庶,没,说
4409|这事,阳谋,必须
4409|元直,没有,说,母亲,事
4409|宝贝儿,这身,真,好看
4410|诸葛亮,看不出来,这是,阳谋,回去,不孝,骂名,没得选
4411|朋友,徐庶,突然,拜访,诸葛亮,诸葛亮,问问,何去何从,徐庶,刘备,账下,诸葛亮,一下,原因
4411|其实,知道,计
4412|哈哈哈,三爷,真的,好学,或者说,八卦
4412|秒,懂
4412|邬,先生,剧本,乃吾所书,吾,岂不知
4413|徐庶,好意思,说,投,曹操
4413|开
4413|春秋战国,鬼谷子
4414|看过,剧本
4415|徐母,一计,属,阳谋,不得不,不能不,曹操,直接,一句,话,不来,娘,杀
4415|史,彼得,·,瓦,根
4415|元直,找,亮亮的,亮亮,为啥,没,分析
4415|水镜,先生,人称,罗贯中
4415|徐庶,诸葛亮,好友,提,事儿,干嘛
4416|大号,罗贯中
4416|这是,阳谋
4416|简称,看过,剧本,挂壁
4417|罗贯中,号,水镜,先生
4417|水镜,独自,升级
4417|邬,先生,手里,剧本
4417|水镜,人才,市场
4417|是否,找,佐天,泪子
4418|唯一,解法,徐母,直接,立刻,自杀,死,天下,尽知,徐庶,两难
4418|雍正,王朝,里,康熙
4419|编剧
4419|快,讲,雍正,王朝
4419|比较,神棍,bushi
4419|问灵
4419|一个,想,雍正,王朝
4420|回去,肯定,不行,其母,必定,受折磨
4420|单,有人,模仿,其母,字,一点,说明,其母,必,抓,重孝,前提,其母,真的,死,必须,许都
4421|邬,先生,编剧
4422|不再,开,一个,坑来,雍正,赏析
4422|孔明来,气,特,拉,干,提醒
4422|经略,使下,一个,讲,雍正,王朝
4422|其实,阳谋,手书,是不是,真的,忠孝不能两全
4424|徐庶,见,孔明,可能,简单,说,想,探望,母亲
4424|像易,先生
4425|开个,系统,忘关
4425|持,剧本,而来
4426|水,比特,瓦根
4427|阳谋,知道,计,徐母,曹操,事实,不去
4427|国强,我演,一个,诸葛,雍正,看看
4427|罗贯中,影射
4428|降低,阅读,难度
4429|说,明白,点,开桂
4430|没辙,徐庶,不敢,赌,这事,到底,真是假,不去,徐母,杀,咋办
4430|邬,先生,坚定,守住,办法
4430|水镜,八奇
4430|下部,讲大,明王朝,1566
4431|作者,小号,相当于,jojo,里,西北,老汉
4433|亮亮,可能,知道,徐母,性格
4433|俗称,找补
4433|不去,曹操,会,散布,消息,说,徐庶,不孝
4434|诸葛亮,雍正皇帝
4435|三公,归于,司马
4436|史,比特,瓦根,解说,熟
4436|倒,觉得,水镜,先生,老罗在,书,中,安排,化身
4437|要害,主,雍,剧,主在,做,肯定
4439|乌,先生,编剧
4439|故事,里,老爷爷,送人,送命
4443|罗贯中
4444|敢,赌,徐庶,不敢,赌
4444|水镜,系统
4445|徐母,刚直,老三,女性,角色,塑造,极其,尊重,貂蝉,邹氏,徐母,小乔,孙尚香,基本,识大体
4446|道光帝
4446|记得,三国志,RE,里,破,伪书,之计,司马徽
4446|局外人,局内,当迷
4449|确实,优秀,儿子,母亲
4450|司马徽,智力,98
4450|矫诏,bushi
4451|智力,英雄,特有,朋友圈
4451|水镜,先生,早来,几天,初恋,白月光,走
4451|孔明,近,妖,水镜,先生,差,等级,徐庶,见,孔明,点破,这条计,可能,一个,故事
4453|刘备,早来,两天,没,这事
4453|吴先生,太挂
4454|老,三国,演员,台词,形态,看着,真爽
4454|单福,马甲,没,阳谋,知道,徐夫人,曹操,手上,基本,必,回去
4456|此书,定然,有炸,抵,广岛,小男孩
4457|徐庶,长坂坡,以后,投,曹操
4459|问题,进退两难,徐庶,可能,没想到,母亲,贞烈,自缢,孔明,知道,进退两难,不说
4459|古代,一个,名声,相当于,信用卡
4461|阳谋
4462|概率,存,不了,肯定,最后,被害
4463|幕落,幕,看客,清醒
4465|姜维,想通,一点,名声,真毁
4465|太,理想化,他妈,上吊,猜
4465|程昱,徐庶,同学,虽事,曹操,纵计,应该,坐,徐母,杀,之前,说,杀母,只能,激怒,徐庶,火力,全开
4467|儿子,母亲,做
4467|水镜,先生,太牛,推测
4468|诸葛亮,没有,提醒,徐庶
4469|母亲,伟大,徐母,不要,乱,夸
4470|真,了解,徐庶,妈
4470|徐庶,不敢,赌,可能性
4472|曹,老板,主动,杀,程昱,应该,会救,一下
4472|314,里伐,蜀,先锋,徐元直
4474|现在,徐母,角度,拖累,儿子,刚强,徐母,儿子,豁出去
4475|可能,徐庶,没,诸葛亮,提,事,诸葛亮,知道,劝
4475|学习,火箭,烈
4475|阳谋,诸葛亮,提醒,徐庶,不救,母亲,诸葛亮,万能
4476|教出,徐朝云,徐,暮云
4477|水镜,先生,应该,说,原著,里面,徐母,自裁,说,曹操,杀
4478|无解,赌
4479|长坂坡,徐母,刘备,两个,女儿,抓,要说,长坂坡,刘备,虚伪
4479|徐庶,臧霸,一起,打过,马腾,bushi
4479|抓,刘备,两个,女儿
4480|徐庶,娘,学,妈,孩子,身边,不成器,孩子,限在,身边
4481|徐母,自缢,大义,气节,程昱,何干
4481|当时,谋士,武将,阵营,中,到处,跳槽,司空见惯,问题,吕布,每换,一个,新,老板,会,前,老板,砍,跳槽,没人敢,信
4482|特别,武侯,北伐,时,说,几个,老朋友,曹魏,屈才
4482|伐,蜀,先锋
4483|御史中丞,实权,九卿
4483|四品,官,曹魏,人才,真多
4483|高位,实权,少,意思
4484|混到,九卿,级别
4485|曹丕,篡位,还跟着,一起,上书,好像
4485|孔明,不过如此,居然,没看,阴谋
4485|轩辕剑,外传,主角,义父,徐庶
4485|内政,打仗
4485|屈才,那段,取自,裴松之,注释,存疑,说,经商
4486|怕,投靠,曹操,自尽
4486|阳谋,元直,回去,母亲,保证,曹操,不害
4487|好像,曹丕,要求,禅让,时,徐庶,签名
4487|徐庶,出身,寒门,曹魏,做到,位置,不错
4487|徐庶,刘备,献计,孙权,一记,一记
4489|徐庶,好像,渤海,当官
4489|曹丕,劝进,表里,徐庶,联名
4490|瞎说,徐庶,没伐,蜀,诸葛亮,北伐,感叹,徐庶,不受,重用,后面,升官
4490|诸葛亮,后来,徐庶,写信,时,感叹,徐元直,大才,做到,御史中丞,曹魏,人才库,真是,不得了,诸葛亮,心中,徐庶,铁定,三公,级别,人才
4491|御史中丞,实权,高官
4491|劝进,表里,没有,徐庶,查不到,乱说
4493|三,14,剧情,一过,徐庶,伐,刘大,先锋,没,办法,数值,太高
4496|夏侯惇,滴,刚烈
4496|懂,徐母,加个,刚烈
4498|徐母,伤,休想,全身而退
4501|庞统,孔明,徐庶,IG,线里,应该,三公
4502|司马徽,表情,动作,真,到位,节奏
4506|徐庶,做,汉臣,曹操,关系,曹操,出谋划策,汉臣,百姓,谋生,计
4508|二爷,以死,明大义,记住
4509|鼠辈,竟敢,抄
4509|害,儿子
4510|关张,肃然起敬
4511|关公,丫,忠义
4511|玉可碎,不可,改其白,竹可焚,不可,毁,其节
4512|关公,丫,忠义
4514|老,刘,替人,打工,乙方,现在,哪来,前途,光明
4514|汉帝,衣带诏,在外,出力,曹操,有何面目,说,汉室,出力
4514|二爷,敬重,这种
4515|二爷,老太太,脾气
4515|二爷,触动
4516|徐庶,一直,留在,刘备,复兴,汉室,真有,可能,真,37,里面,徐庶,帮,关羽,守,荆州,荆州,不失,大业,成,可能
4517|杀伯仁,伯仁,死
4517|二爷,泪目
4518|关羽,暗示,面临,相似,境地,他会,做
4521|武圣,肯定
4522|二爷,敬佩
4522|不行,阳谋,知道,计,知道,计,不能不,徐母,不能不,死
4523|说明,为啥,他俩,反感,诸葛亮,主要,徐庶,好感度,太大
4523|没,办法,母亲,写,得知,母亲,曹操,不管不顾,徐庶
4523|二哥,实名,羡慕
4524|母亲,孩儿,对不住,呱
4524|转瞬即逝
4525|文武,刚,试戏,镜头
4526|转瞬即逝
4527|水镜,是不是,准备,投,徐庶,听闻,徐庶,走,没有,留下,心思
4528|吊死,自缢
4529|太惨
4530|早来
4530|转瞬即逝
4530|这一下,眼泪,整,本来,讲解,不会,有太大,触动
4531|猫哭耗子,假慈悲
4532|转瞬即逝
4534|光速,去世
4534|杀,祭,天下,无耻,事情
4539|这会,返回,投,刘备
4540|衔接,匆忙
4541|墓碑,应该,徐门,氏,徐母,概率,不姓,徐
4543|原,单位,离职,会,新,回去
4543|二爷,好样,元,直
4545|这会,回去,投,刘备,徐庶,这时候,可能,有字,肯定,曹操,控制,起来
4545|回去,反复无常,小人
4545|回不去
4545|猜,二爷,会,过五关斩六将
4546|徐庶,二爷,本事
4546|正好,守孝,三年,闭门不出
4546|回,许都,曹,老板,大本营
4546|曹操,肯定,可能,徐庶,放走,一走,派,追杀
4547|主要,史书,原著,没,提到,徐母,姓氏,只能,徐氏,代替
4549|三国,杀,唯一,一张,蓝底,蜀,卡
4549|可能,说,徐庶,随母,姓
4549|徐庶,气死
4549|说,西凉,马腾
4549|曹操,等于,变相,杀,母之仇,徐庶,估计,恨死
4550|程昱,干,好事
4552|暗,下决心,没有,明确,表示
4552|想,走,曹操,能放
4552|偷,跑,回来
4553|徐庶,母亲,徐氏,夫人,史书,没,提到,许母,姓氏
4553|原著,一个,徐母
4554|明确,表示,作死,做,没事,说,纯作,死
4554|汝有,良策,何必,问
4555|徐庶,字,绝策
4555|←,现在,一张,承,关羽
4556|现在,徐庶,早,黄底,一将,成名,刚出,蓝底
4556|直接,回去
4556|配队,真,开国,阵容,一直,持续,后面,想,复兴,汉室,难
4557|马超,姜维,不要,亲爹,亲妈
4557|历史,长坂坡,获,徐母,庶往,救,应该,没有,自缢,存在,回来,这一说,演义,没,写
4557|后期,丞相,没人能
4557|徐母,演员,康熙,微服私访,记里,苏麻喇,姑,演员,复姓,澹台
4558|不能,溜走
4558|不能,他妈,姓,徐
4559|三国,杀,喜欢,卡面,蓝底,红,卡面,老,版本,徐庶,一群,大哥,求,举荐
4560|徐庶,二,绝不会,丢,荆州
4560|不能,偷跑
4560|徐庶,姓,徐,徐母,姓,徐,八成,父亲,姓,徐
4560|徐母,死,干脆,投,刘备
4561|关羽,徐庶,守,荆州,多好
4561|徐庶,法正,庞统,没,留住,天要,灭汉
4561|徐庶,诸葛亮,累死
4562|诸葛丞相,希望,几个,帮
4562|刘备,太缺,谋士
4562|蜀军,需要,徐庶,庞统,擅长,军阵,微操,谋士,诸葛亮,擅长,总体布局
4562|荆州,诸葛亮,徐庶,庞统,一个,不让,糜芳,背叛,不会,丢
4563|刘备,阵营,谋士,太少
4563|徐庶,如能配,关羽,驻守,荆州
4563|徐庶配,关羽,庞,统配,张飞,法正配,刘备,魏延,诸葛亮,坐镇,大后方,简直,完美,阵容
4563|皇叔,谋士,太少,徐庶,庞统,法正,留下来,一个,最后,丞相,累死,北伐,说不定,成功
4564|真三国,无双,里,真有,徐庶,刘备,帮忙,救,二爷,打野,樊城,之战,幻想,剧情
4564|徐庶,不会,丢,荆州,丢,荆州,后面,可能,历史,篡改,说,反正,历史,品鉴
4564|徐庶,二爷,后面,概率,不会,失,荆州
4564|后面,派,见,刘备,没,留在
4565|关羽,需要,徐庶,徐庶,曹操,迁都
4565|徐庶,守,荆州,跟着,刘备,夷陵
4566|马良,文人,劝,不住,关羽,徐庶配,关羽
4566|母亲,死,守完,孝,跑,回去,找,刘备
4566|襄樊,之战,徐庶,结局,真,不好,说
4566|孔明,元,直,熟人,说话
4567|打仗,必带,徐庶,丞相,专心,运营,事事躬亲,累死
4567|丞相,后期,累,累死
4567|三国,里面,徐庶,智力,97
4567|法,正要,配,黄忠,魏延
4568|徐庶,庞统,一个,荆州,丢,不了
4568|不好,说,曹,老板,派,暗杀,老,刘,贤才,真是,下作
4568|徐庶,荆州,二爷,不会,死
4568|诸葛亮,庞统,徐庶,法正,排名,不分,先后
4569|马良,配,关羽,徐庶,关羽,合得来,配,关羽,荆州,无忧
4569|梦,不敢,做
4570|徐庶,相当于,法,正平
4570|基本,没有,李严,事
4570|假设,刘备,阵营,卧龙,凤雏元,直孝直,都在
4570|提真,三,含金量
4570|徐庶,诸葛亮,关系,不差
4570|曹操,阵容,投了,算了
4571|好家伙,一个,武将,配,一个,军师
4571|曹,老板,五子,良将,剁,献给,刘备,助兴
4571|阵容,打下,长安,够
4571|三国,无双,蜀国,路线
4572|文官,版本,五虎上将
4572|大汉,天数
4572|我于,貂蝉,尚香,大小,二乔,华佗,屯于,梓潼,成,掎角之势,大势,可成
4572|曹操,小孙,我俩,结盟
4572|马良,劝不动,关羽,后面
4572|我滴,妈,再造,大汉,属于
4572|真三兴,炎汉
4572|徐庶,关羽,不错
4573|五虎,添翼,属于
4573|马超,我带,轲比能
4573|徐庶配,关羽,关羽,徐庶,侠客,出身,关羽,看不起,唯独,看得起,徐庶,侠义
4573|诸葛亮,配,赵云,诸葛亮,能入,算无遗策,赵云,执行力,强,优势互补
4573|庞,统配,刘备,庞统,心气,高,刘备,能容,庞统,只服,刘备,仁义,看不起
4573|徐庶,能力,稍微,弱点,这件,事上,反映
4573|荆州
4573|马良,同族,兄弟,马超,想必,愤青,没,意见
4574|天胡,开局
4574|梦幻,阵容
4574|丞相,一个,人撑,最后
4574|马良,压不住,关羽
4574|线
4574|汉室,可兴
4574|阵容,真能安,天下
4575|阵容,无敌
4575|曹,老板,妈呀,吓哭
4575|曹,老板,地狱,绘图
4575|我配,华佗,大小,乔孙尚,香守,后方
4575|无敌
4575|陈登,爱吃鱼
4576|三国志,11,搭配,徐庶,必配,三爷
4576|可能,好事,占,天地,本不全,哪有,十全十美
4576|无敌
4576|无敌
4576|马超,马超,马超,配彭,羕
4576|三造,大汉
4576|新,三,蔡夫人,配
4576|剩,丞相,一个,全管
4576|无敌
4577|无敌,哥们
4577|不敢,想
4577|子龙百,搭,需要,搬
4577|无敌,阵容
4577|全,阵容,保底,SSR
4577|我配,大小,乔孙,尚香,甄姬,貂蝉,再配,华佗,暂居,小沛,成,犄角之势,蜀汉,霸业,可成,呐
4577|曹,老板,不好,说,打孙,十万,够用
4577|子龙配,阿斗
4577|庞统,魏延,太,路,绝活,哥
4577|曹操,我光,想想,头风病,犯
4578|无敌
4578|蜀汉,群星,闪耀,时
4578|无敌,直接
4578|子龙
4578|起飞,直接,起飞
4578|阵容,怕,真能,再造,大汉
4579|反,三国演义
4579|是否,找,真三国,无双,线
4579|玩,三国志,配
4579|卧槽,无敌
4579|无敌
4579|赵云,合着,单身
4579|一路,北伐,西伯利亚
4579|赵云,死,晚
4579|起飞
4580|嘞,全,明星阵容
4580|说不定,季汉真能,翻盘
4580|总,预备队,子龙
4580|现在,估计,汉
4580|无敌
4580|赵云,一路
4581|黄权,没,事儿
4581|子龙,守家,勿扰
4581|徐庶,带,赵云,好点
4581|不敢,想,阵容
4581|子龙,看看
4582|老,将军,带个,姜维
4582|刘备,死后,最强,阵容,基本,没,武将,可用,马超,早死,赵云,老
4582|无敌,足以,改写,历史
4582|阿斗,赵叔
4582|赵云,攻高,魔免,需要,智力,副将
4582|是不是,偷看,玩,三国志,11
4582|子龙管,救火,哈哈哈
4582|是非成败,转头,空
4582|人均,一个,大脑
4582|陈登配
4582|三造,大汉,可能
4582|赵云,配,刘禅
4583|不行,徐庶配,关羽
4583|子龙带,孩子
4584|赵云,奶,孩子
4584|三国志,阵容
4584|曹操,问题,奈何,曹操,牌太多,完
4584|子龙,我带,阿斗
4584|阵容,曹操
4584|没有,人才培养,体系,浩,下去
4585|配置,太爽了
4585|初创,团队,人少事,折寿
4585|没事,对面,以后,更惨,指,司马,家,夺权,灭门
4585|担子,压,丞相,一个,肩上,太,累
4585|想,不敢,想,一统天下
4585|刘巴管,财政
4585|想想,难受
4585|子龙带,阿斗
4585|是不是,偷看,三国群英,传,阵营
4586|这样的话,后面,一堆,王朝,自称,大汉,跑
4586|陈登,一直,说,曹操
4586|游戏,魅力
4586|徐庶,能管,徐庶,真会,说话,这俩,忠孝,之人
4586|←,陈,登,配,华佗,还用,问
4586|整个,MOD
4587|陈登配,鱼生
4587|关键,关羽,会,听,徐庶
4587|何太后,配
4587|我配,吴国太,足矣
4587|现在,幻想,时间
4588|搁,玩,暗耻,三国志
4588|我配,貂蝉,大乔小乔,甄宓,孙尚香,夫人,谢谢
4588|直接,全,明星阵容,对面
4588|三国,无双,剧情
4588|说,汉室,气数已尽,非,人力,改变
4588|只能,玩游戏,配
4589|曹,老板,玩
4589|非,刘姓,天子,成,历史,共识,三造,一朝,古今中外,罕有
4589|司马徽,元直,我教,孔明,徒弟
4589|法正,真的,可惜
4590|忠义,之人,天,寿
4590|只能,说,大汉,气数已尽
4590|提到,中意,弟子,马上,开心,不行
4590|不行,看到,配置,必须,重开,三国志,11,统,天下
4590|子龙配,阿斗
4591|诸葛,坐,后方,刘备,带,赵云,配庞统,关羽,配,马良,张飞,配徐,庶,黄忠,配法,正,魏延配,陈登
4591|陈登配,华佗,地狱,笑话,hhhh
4592|真有,配置,可能,历史,真的,改写
4592|三国,杀,刘备,配法,正
4592|BOSS,做,背调
4592|关羽,帅才,原始,股东,背刺,输
4593|刘备,坐镇,中央,收拢,人心,宣扬,正统,徐庶,关羽,坚守,荆州,固若金汤,庞统,张飞,摧城拔,寨,侵略,如火,法正,黄忠,魏,延,兵行诡道,疾风,徐林,孔明,子,龙,马超,智勇兼备,四方,驰援
4593|阿斗,龙叔,曹军七进,七出
4593|居然,小堂弟,司马懿
4594|阿斗,想当年,赵叔,长坂坡,七进,七出
4594|这才,白月光
4594|此乃鸟,哈哈哈
4594|水镜,先生,教,东西,全,还给
4595|华佗,大小,乔孙尚,香守,后方
4596|徒弟
4596|法正,厉害
4596|玩,三国志,游戏,配
4597|等于,一百个,程昱
4597|·,心,·,沥,·,血
4598|开启,谜语,模式
4598|阿斗,高达,驾驶员
4599|预言
4600|说
4600|真的,预言,丞相,最后,结局
4600|完星落,秋风,五丈,原,看不得
4600|预言家,刀,呕心沥血,其主不逢,其时
4600|水镜,先生,确实,看透,诸葛亮,真,一辈子,呕心沥血
4600|打破,第三,面墙
4601|原来,高深,术士,知道,最终,结局
4601|成语,合适,不可避免,穿越,李贺,呕心,应该,算,家喻户晓
4602|仿佛,旁白,置身,现场
4602|千万,不可,火并
4603|诶,想,哭
4603|一句,话,一辈子
4604|真,·,呕心沥血
4604|真是,语言,丞相,结局
4605|呕心沥血
4605|水镜,先生,看人,很准,知道,诸葛亮,肯定,一辈子,胶带
4605|话虽如此,卧龙,凤雏,先,说,哈哈哈
4606|一言定,终生
4608|水镜,完,学生,性命不保
4609|卧龙,其主,其时
4609|三顾,频烦,天下,计,两朝,开济,老臣,心
4610|卧龙,高端,局,简单
4611|卧龙,苍天,陨落,老子,扛起来
4611|鞠躬尽瘁,死而后已
4611|当初,推荐
4611|诸葛亮,相当于,张良,萧何,工作,交,做,管辖,大部分,韩信,工作,可能,不累
4611|估计,水镜,看透,未来,三分,局势,卧龙,个人,之力,难以,独撑,大局
4612|丞相,辛苦
4612|关键,指挥,打仗,最是,费命,几天几夜,不吃不喝,就光,指挥,常事,参考,解放战争
4613|呕心沥血
4614|周瑜,累死,本来,做,谋士,后来
4614|鞠躬尽瘁,死而后已
4614|复兴,汉室,更,准确
4614|出山,干,大事,肯定,清楚
4616|经天纬地,之才
4616|看看,玄德,地盘,想想,隆中对,想想,最后,实现,一步,知道,军师,多牛
4616|亮,框架,搭,谢谢
4617|主公,胆子,西征,不列颠
4618|真的,活活,累死
4618|后期,丞相,何尝,赤壁,时,周瑜,一个,没,庞统,一个,没,孙策,夙夜,辛劳,积劳成疾
4618|统一天下,匡扶汉,室
4619|水镜,本来,先,安排,徐庶,辅佐,推荐,孔明,出山,徐庶,没,孔明,难
4619|炎汉三兴
4620|崔钧,石韬,孟建
4621|崔钧,字州平,石韬,字,广元,孟建,字,公威,三人,后面,均,曹魏,做,太守
4621|吕布,第一,华雄,第四
4622|目标
4622|诸葛亮,累死
4623|奖池,展示
4623|此四君者,皆,明智,忠信,宽厚,爱人,尊贤,重士
4623|孟公戚,QI,新,三,文化
4623|多多,密友
4624|崔均,石,滔,孟,建
4625|新,三,孟公戚,doge
4625|真是,呕心沥血
4625|水镜,大学,校友
4626|闺蜜
4626|丞相,真是,累死
4626|人才,诸葛,萝卜,拔出,泥,带,加上,水镜,投,刘备,诸葛,不会,短命,水镜,不会,曹操,所害,乱世,之中,荆州,一直,世外桃源,想
4628|懂,凤雏,关系,doge
4628|徐庶,诸葛亮,密友,完,刘备,举荐,假装,认识,哈哈哈哈
4628|说,难听,点,徐庶,被迫,离去,季汉,最终,悲剧,序幕,一切都是
4628|三人,曹魏,其实,没,得到,大用
4629|水镜,先生,是不是,想,双手,插入,衣袖,没找,位置,doge
4630|一个,过人之处,一个,独门,绝技,智慧,谋略,更是,惊技,四座,秘密,手段,带来,意想不到,惊喜
4631|孟公戚,水镜,懂
4631|诶,请来,好了
4631|主公,胆略,亮,便,谋略
4631|大宝,备,太缺
4634|懂,凤雏,认识
4635|徐庶,诸葛亮,剩下,几个,同一,年,瘟疫,死,记得
4636|权一
4636|真是,孔明,真,有定,总体,战略,方向,纯,谋士
4637|阿其
4637|眼睛,直
4637|寻找,一个,主公,创造,一个,主公
4638|闺蜜
4639|最早,圈层
4639|诸葛,胤,禛
4639|刘备,一听,馋,哭
4640|才智,才智,宏图,大略,可不,火影,思维
4641|答,曰,寻找,主公,创造,主公
4641|刺史,郡守,已经,省部级,领导
4641|创造,一个,主公
4643|翼德,带,50,甲士,取来
4644|能当,武庙,庙长
4645|戏言
4645|诸葛亮,姐夫,房陵,太守,蒯祺,姐夫,庞,山民
4646|主要,诸葛亮,可能,投,曹操,家乡,曹操,屠杀,一遍,逃难,荆州
4646|二爷,满脸,不服
4646|大汉,丞相
4647|看人,真准
4648|三国,时期,第定,大方向,谋士,真是,重要,孙策,曾经,得到,张肱,谋划,最后,打下,江东
4648|创造,一个,主公
4648|五龙,上将
4649|鸿鹄,安知,鲲鹏,之志乎
4649|自比,伊尹,霍光
4650|没有,刘备,诸葛亮,准备,苟全性命,乱世
4650|水镜,先生,越,越,魅力,身姿,动作,太好了
4650|万古流芳
4650|扶持,一个,主公,创造,一个,主公
4650|创造,一个,主公
4650|新,三,村妇,创造,一个,主公
4651|抚,菊花,笑,不语
4651|二爷,不忿
4652|千古,一相
4652|斡旋,天地,补缀,乾坤
4653|孔明,做,丞相
4653|忠,武侯
4653|诸葛亮,先定,目标,封侯,拜相
4653|亮,复姓,book
4653|皓月,之明,岂,繁星,可比
4654|诸葛亮,野心,出山,成霸业
4654|丞相,写个,书,剩下,三人耗,过来
4654|自比,管仲,乐毅,暗指,理想,出将入相
4654|承前,啓,後,後,丞相,成,專有,稱號
4655|一个,寻常,比喻
4655|汉,丞相,武乡侯
4655|现在,管仲,乐毅,真,比不上,诸葛亮
4655|吹牛,逼,呐,加纳
4656|万古流芳,大汉,丞相
4656|关羽,敢,自比,管仲,乐毅,肯定,不服
4657|感觉,乐毅,高攀
4657|总,战略眼光,和解,燃眉之急
4657|从此以后,自比,武侯
4657|孔明,创造,一个,主公
4657|伯牙,子期
4658|创造,一个,主公
4658|二爷,未必
4659|二爷,好感度,10
4660|竟能,装
4660|程昱,我量,不了
4660|诸葛武侯,万古流芳
4661|千古,一相,含金量
4661|关羽,哥们儿,真能,装
4661|乐毅,狠,最高,成就,带,姬,燕,躺,赢
4661|关将军,找到,法,加,尊,句,话
4661|觉得,乐毅,比不上,丞相
4662|备备,知道,剩下,两个,一起,收
4662|虚心,求教,言,法不加,尊,文中
4662|关羽,张飞,不服,孔明,徐庶,性格,合得来
4663|管乐,高攀,不敢当
4663|二爷,竟然,有人,能装
4663|二爷,净,吹牛,逼
4664|我读,春秋
4665|我读,春秋
4665|关羽,张飞,前期,不服,孔明,徐庶,性格,合得来
4666|投降,一个,主公
4666|亮,一个,寻常,比喻
4667|二爷,不服气
4667|我读,春秋
4668|诸葛,之前,自比,管乐,诸葛,之后,自比,诸葛,李二,之前,自比,汉文,李二,之后,自比,太宗
4669|之前,自比,管仲,乐毅,之后,自比
4669|只读,春和秋,两个,字
4670|读本,春秋,骄傲,不行
4670|功,盖,寰宇,四个,字,现在,挂,武侯祠,里
4671|丞相,以后,管仲,乐毅,名声,更大,想不到
4672|傲归傲,礼貌
4672|诸葛,大名,垂,宇宙
4673|单项,逊,少许,全科,优,数分
4673|没事,二爷,后来,评价
4674|二爷,更,有名
4674|乐毅,赫赫战功,前提,苏秦,弱齐
4674|后世,观之,孔明,提升,管仲,乐,毅,知名度
4674|讲道理,春秋,里面,没有,乐毅
4674|当时,生产力,识字率,熟读,春秋,基本,等于,现在,自学,大学毕业
4674|关公,比较,服徐,庶,不大服,诸葛
4674|何人
4674|是否,是否,太过
4674|谦虚
4675|事,管仲,或乐毅,实际上,管仲,加乐毅
4676|肯定,不服,二爷,觉得,叼
4676|如今,斗大,字,不识,一箩筐,知,诸葛亮,很多,知道,管仲,乐毅
4676|关羽,可比,白起,王翦
4676|二爷,吹牛,逼
4677|确实,超过,管乐,应该,吕望,张良
4677|搂,说
4677|实际,管仲,乐,毅,地位,最高,一次
4677|二人,表示,比得
4678|关羽,张飞,前期,不服,孔明,徐庶,性格,合得来
4678|不太,喜欢,吹牛,逼
4679|好比,听到,谁谁谁,自比,诸葛亮,笑话,敢,诸葛亮,相比
4679|管仲,确实,牛
4679|触发,二爷,傲上
4679|孔明,确实,能比,管仲,政治,清廉
4680|三国,前,自比,管仲,乐毅,三国,自比,孔明,在世
4680|孔明,确实,超过,两个
4680|说明,为啥,徐庶,相处,愉快,卧龙,没来,牛批,吹,满天,再见,二十六七,关羽,张飞,不服
4680|管仲,乐毅,谢谢您,抬举
4680|管仲,乐毅
4680|丞相,太,谦虚
4680|亮,生平,一个,寻常,比喻
4681|自谦
4681|太,谦虚
4681|武侯祠,牌匾,写,功盖,寰宇
4682|管仲,战国,法家,狠人,商鞅,狠
4682|孔明,太,谦虚
4682|其实,超模
4683|这话,说,其实,克制
4683|管仲,乐毅,确实,丞相
4683|后面,更新,说,诸葛亮
4683|丞相,武庙,排在,俩,前面
4683|孔明自,管乐,后世,吹,智谋,自比,诸葛
4684|管仲,乐毅,没听说过,诸葛亮,全,中国,知
4684|孔明,何许人也
4684|寻常,一个,比喻
4685|晋朝,后面,诸葛亮,将乐毅,取代,隐士,基本,自比,管仲,诸葛
4685|真
4686|诸葛亮,真的,管仲,乐毅,自谦
4686|管仲,不说,乐毅,纯属,渣,渣
4686|二爷,记得,现在,说
4687|二爷,直接,封神
4687|司马徽,真是,精神,矍铄
4687|从今往后,世人,卧龙,知道,管仲,乐毅
4687|刘备,人手,多点,丞相,累死
4688|二人,便是,大乔小乔
4688|作者,肯定
4689|颜良,文丑
4689|管仲,乐毅
4689|可比,关张
4689|吕望,张良
4690|伊尹,霍光
4690|真是
4690|营销
4690|王莽,曹操
4690|谦虚
4690|乃伊尹,霍光
4691|伊尹,霍光
4691|贝贝,个人
4692|伊尹,霍光,bushi
4692|张良,韩信
4692|过谦
4692|吹太高,俩,不服
4692|伊尹,霍光,dogo
4693|伯牙,子期
4695|两个,差不多,乐毅,真,差点
4696|这位,老师,是不是,西游记,里,出演
4696|姜子牙,打神,鞭
4698|伊霍,还行,孔明,搞,废立
4698|现在,真比
4698|四百年
4699|可比,伯牙,叔齐,二人,耳,doge
4699|姜子牙,张良,同级
4699|伊尹,霍光,即答
4699|400,年,问题,当下,时间,线,确实,已经,延续,400,年
4699|姜子牙,张良
4700|哇偶
4700|武庙,十哲
4700|这位,萧,何不,张良,非,逼,跨行,干活
4701|六边形,战士,爱
4701|牛
4701|这段,每次,听来,头皮发麻,丞相,丞相
4702|没,发现,管仲,外,仨,加上,丞相,自个,全是,武庙,十哲
4702|张亮,其实,没,发挥,作用,真,诸葛亮
4702|确实,咖位,便是,丞相
4702|确实,武庙
4702|400,年,没,问题,毕竟,刘邦,建国,现在,确实,400,年
4702|进,武庙
4702|这是,当时,说出,最高,评价
4702|仔细,刘备,两个,眼睛,里,孔明,二字
4703|万古,云宵,羽毛
4704|武庙,同事
4704|诸葛亮,生不逢时,刘备,对手,太强,太弱,刘,阿斗,算了,别提,阿斗
4704|两个,更,厉害,管仲,乐毅,只能,帮主,称霸一方,两个,帮主,夺取,天下
4704|现在,四百年,说,不行
4705|张良
4705|这是,濮存昕,爹
4705|不得了,评价
4705|武侯,武庙,之位
4706|开汉,四百年,类似,现在,说,建国,七十年,没,问题
4706|没错,目前为止,四百年,没,说,一共,四百年
4706|备
4706|当时,观念,里,没有,东西,汉之分,刘秀,自认,继承,西汉,法统,说,四百年,汉朝,当时,没,问题
4707|武庙,正神,亚圣
4707|顶级,营销,大师,司马徽
4707|铁打,武庙,十哲
4708|两位,大佬,开国功臣
4708|西汉,206,东汉,195,关键,现在,时间,线,东汉,没亡
4709|没,毛病
4709|应该,周公得,吕望,汉王,张良
4709|绝不,弱
4710|确实,三个,一个,级别,没,毛病
4710|刘备,super,big,cup
4711|近,400,没,毛病
4711|可不是,营销,号,丞相,能力,太强
4712|现在,四百年,没,问题
4712|刘备,太欧,三,抽,出,SSR,后面,还单,抽出,庞统
4713|UR
4713|UR
4713|UR,SSR,靠边
4713|诸葛亮,确实,厉害,三国,实在,高手,太多
4713|这特,外挂
4713|全,三国,唯一,一张,最终,获得,完全,成长,UR,六边形,全面,圆形,战神
4714|大概,数,毕竟,周一,共,七百多年,没
4714|UR,海上,传奇,doge
4715|刘备,已经,钓成,翘,嘴
4715|贝贝,惊呆
4715|新,三,创造,一个,主公
4715|震惊,备备,整年
4716|古今,诸葛,两周,公
4716|真猛
4716|导师,推荐,制
4717|外挂
4717|张,USSR
4717|UR,doge
4717|UR,独有,卡
4717|UR,卡,抽,次,出來,不能,最後一個,648
4717|ur
4717|统一,做,不到
4718|备备,惊呆
4718|三国,里,能力,顶尖,人品,顶尖,忠诚度,顶尖,少数,人能,两个,诸葛亮,基本,唯一,一个,三个,全满
4718|sp
4718|倒吸,一口,凉气
4718|SP,卡
4718|ur,决战,方案
4718|UR,卡
4718|MR
4719|ur,卡
4719|ur
4719|刘备,噢,认识
4719|红卡
4719|ur
4719|武,庙里,太公,之下,丞相,张亮
4719|这得,SP,卡
4720|sp
4720|诸葛,大名,垂,宇宙
4720|UR
4720|周,其实,200,年,后面,东周,周天子,没什么,存在,感
4720|金色,传说
4721|曹操,真,可惜,差点儿,屠
4721|中华民族,存在,诸葛亮,会,一直,有名,下去,代代相传
4721|诸葛亮,其实,一直,成长,出山,时,外交,点满,内政,一流,军事,差点,几个,胜仗,老罗硬,编,当时,队伍,里,打仗,厉害,刘关,二人,一直,北伐,时,已经,属于,超一流,军事家,胜过,司马懿,曹操
4721|不要,结巴
4721|操,早,知道,应该,徐,留给,刘,免得,刘再,抽卡
4722|真,做到,现在,武侯祠,那立
4722|镜碎,UR
4722|挂
4722|UR,丞相,能力,在历史上,够
4722|全服,唯一,一件,顶级,装备
4722|UR
4722|晚上,做梦,喊,孔明
4723|彩船
4723|不能,上阵,杀敌,全能,还会,发明创造
4723|诸葛亮,主要,差,刘备,底子,太少,早,十年,出山
4723|弹幕,圆形,战神,绷,不住
4723|关键,诸葛亮,萧何,张良,结合,俩,差点
4723|UR,卡
4724|进度条,稳住
4724|刘备,内心,到底,神人
4724|主要,占,地盘
4724|刘备,死,之前,能算,US,三张,荀彧,荀,攸,诸葛亮
4725|UR
4725|怦然心动
4725|中国,长,历史,没,几个
4725|大汉,没亡,400,年
4726|挂
4726|武力,数值,满分,接近,满分
4726|UR
4726|100,程昱
4726|人形,外挂
4726|抽到,苏联,卡,一张
4726|卦
4727|UTR
4727|诸葛亮,六边形,几乎,全满,超模
4727|馋,哭,备备
4727|SGR
4728|UR,彩卡,SSR,金卡,SR,紫卡
4728|搅
4728|UR
4728|SSS,无量数
4728|闪光,UR
4728|金碎
4728|全,三国,唯一,一张,UR
4728|现实,残酷,蜀汉,第一个,灭
4728|sd,卡
4729|可恶,剩,一分钟,明天,见
4729|友,诸葛亮
4729|球形,战神
4729|两周,公
4730|想到,donk,六边形,能力,图
4730|乃亮,平生,比喻
4730|诸葛亮,应该
4731|金卡,ur
4731|NPC,跑,发个,任务,走
4731|刘备,快,拜礼,加倍
4731|前,周公,前,周朝,后周,公,本朝
4731|刘备,必须,得到
4732|老贼,更新,短,没
4732|全服,唯一,限定
4732|上千年
4732|张,UUUUUR
4733|可恶,进度条,没
4733|大老远,跑过来,饭,不吃,水,喝,一口,仁德
4733|USSR,笑,喷
4733|金色,传说
4733|红碎,黑,魔女
4735|UR,卡
4735|关羽,一脸,不服
4735|足球,比较,徐庶,豪门,常规,主力,水平,诸葛亮,金球奖,水平
4736|先生,实不相瞒,剩,分钟
4736|诸葛武侯,算是,千古,名相
4737|后天,见
4737|这倒,提醒
4737|完,进度条,撑不住
4737|历史,孔明,强,演义,孔明,太,夸张,几乎,没有,短板,阻碍,孔明,历史,北伐,失败
4737|诸葛,算是,历史,文臣,第一,档
4738|老先生,儀態,真的,背影,真是,神仙,級別
4740|知乎,宇宙,武侯,已经,得到,派,蒙,抽卡
4740|不愧,诸葛亮,老师
4740|一次,搞不定
4742|现在,想想,结局,已经,想,哭
4742|请,三次,三百次
4743|三国,唯一,限定,UR
4744|这句,其时,真的,太沉重
4744|卧龙,导游
4746|其实,这句,话,观众,想,说
4747|这种,卡,风灵,月影
4747|这句,话,听,诛心
4747|预言家
4747|审时,宽严,皆,误
4749|刘备,意思,一块,引荐,一下,卧龙,肯定,卖,一个,面子
4749|找补
4749|之前,晚上,聊到,卧龙,凤雏,马上,住嘴,句,天色已晚,怀疑,突然,想到,刘备,诸葛亮,年龄,鸿沟,导致,诸葛亮,注定,刘备,擦屁股,没有,推,诸葛亮
4749|一句,话,贯穿,全篇
4749|预言家,刀
4750|话密,嗷
4750|真的,厉害,司马徽,三国,早就,看穿,看透
4750|重温,看到,这句,真的,一瞬间,泪崩
4750|预示,诸葛亮,命运,知其不可,悲剧,英雄
4751|曹操,大势,已成,太晚
4751|预言家
4751|预言家
4753|预言家
4753|搁,搞,预言
4753|听到,这句,话,想到,季汉,丞相,结局,心情,突然,不好
4753|太,悲壮
4753|罗贯中
4753|刀,刀
4753|水镜,先生,老罗,没错,剧本
4754|作者,卧龙,判词
4754|手,掐,剧本
4754|看过,剧本,钨,先生
4755|UUUU
4755|预言家,不刀,玩
4755|卧龙,早,出生,十年,赶上,机会,更,那段,时期,刘备,集团,可能,成,天命,季汉
4755|话密,奥
4756|易经,内算,确实,预测,现在,数学,外算
4756|运移,汉祚终,难复,志决,身歼,军务,劳
4757|五丈,原,回来,看不得,这句,话
4757|看过,剧本,说话,硬气
4757|老,毕登,回来,话,说,清楚
4757|先生,知道,诸葛,先生,背,君王,拜见,待遇
4758|走,出去,踩,云彩,飞,观音菩萨
4758|说白了,刘备,其时
4758|水镜,先生,何人,挖,坑
4758|水镜,军师,是不是,匡扶汉,室,成功
4758|钱,赚,完,生命,有限
4759|观音菩萨
4760|土地,老儿
4760|哈哈哈哈
4760|水镜,看得出来,刘备,去求,孔明,肯定,会,出山
4761|心痛
4761|HAHAHAHAHAH
4762|脚底,白云,消失
4762|匹夫,速,更
4762|诸葛亮,打仗,后勤
4762|确实,类似,小卖部,干到,上市公司,做,真能,累死
4763|一朵,祥云
4765|刘备,徐州,牧,可能
4766|地狱,开局,这活,敢接
4766|一个,人小,公司,个人,干到,世界,500,强前,10,位,呕个,几斤,血能,搞定,目标
4766|水镜,先生,算,真准
4766|看着,流泪,诸葛亮,知道,其时
4768|其时,理解,过早,请,孔明,导致,贤才,未能,得到,导致,孔明,事事,亲力亲为,孔明,交好,请来,辅佐
4768|刘备,势力,相比之下,太小,三分,天下,飞,老劲
4768|五十,军棍,诸葛,大锤,亲自动手,太累
4768|UUUU
4768|做,不到,晚
4769|唐国强,累
4770|消失,太过了,应该,直接,变,堵墙,门,其实,后面
4770|5090,配,点读机
4770|刘备,集团,电源,带不动,诸葛亮,级别,cpu
4772|一个,人要,做汉初,三杰,工作量
4772|有个,游戏,诸葛亮,出山,之前,会星落,五丈,原都算
4772|庞统,法正,人能,死,早,帮,分担
4772|快,丞相,发,无限量,方便面,doge
4772|关键,没,诸葛亮,刘备,发展,起来
4772|问题,刘备,徐州,牧,诸葛亮,小学
4773|食少事烦,确实,太,消耗
4774|好比,一家,超市,请个,经理,做到,世界,五百强
4774|保证,以后,不会,新,谋士,分担,工作
4774|刚刚,有人,小米,手机,充电
4774|上帝,视角,知道,面庞,统法,正,死,早
4775|仅仅,上市,龙头,已经,算
4775|张飞,丢,徐州,马谡,丢,街亭
4775|丞相,王猛,可惜,太累
4776|曹操,没举,事,阵容,不敢,想
4776|50,多岁,当时,平均年龄,不算,短
4776|刘备,前期,犹豫不决,多次,错失良机
4776|阿牛,小卖部,做到,淘宝,天猫
4777|朱元璋,干
4777|徐庶,走,前,拜,诸葛亮,是不是,徐庶,会,劝回来,刘备,手下,谋臣,多些,庞统,走险,棋,早亡,谓之,其时
4777|关键,丞相,做,有人,拉后腿
4777|无限量,猪脚,饭,帮帮,场子
4778|韩信,萧何,张良
4778|丞相,整一个,专业,医疗,会诊,团队
4779|诸葛亮,十万,铁,浮屠
4779|诸葛亮,曹操,岂,迎来,盛世
4780|我麦,炸
4780|前方,赛博坦,入侵
4780|无限量,方便面,丞相,怕,一统,欧亚大陆
4780|方便面,不要,大学生
4780|像是,胖,东来,开满,全世界,一家,胖,东来,原版
4780|帮忙
4781|上市,雾
4781|千古,一相
4781|杀人,太多减,阳寿
4781|受任,败军,之际,奉命,危难,之间
4782|何止,上市,三大,龙头
4783|蜀汉,人才,储备,大爷,复仇,之战,送,一大半,这事,真,不好,说,大爷,毕竟,无情无义,帝王,比比皆是,兄弟,报仇,不要,江山,只此一家
4783|徐庶,庞统,法正,其实,丞相,没,累
4784|一直,今天,希望,丞相,赢
4784|主要,曹操,刘表,孙权,名士,太多,诸葛亮,仕官,一定,重用,刘备,起点,低,施展,能力,平台,两人,互相,成就
4784|黑暗,以太,口音
4784|何止,庞统,威震,天
4785|阿瑞斯,口音
4785|受任,败军,之际,奉命,危难,之间
4785|幽,冥,鬼,语
4785|特,喵,10,元破麦
4785|欧克瑟,口音
4785|塞伯坦,口音
4785|恶魔,低语
4786|庞统,嫉妒心,有点,强,嫉妒,急于,立功,不会,落凤坡,中,埋伏
4786|赛博坦,过来
4787|麦,炸
4787|丫,外神,假扮,说
4787|说,武侯,含金量,巨高
4787|明之,不可,太,敬佩
4787|正宗,幽冥,魔,口音
4788|诸葛亮,27,岁,后来,27,年,死
4788|麦炸,麦干,俩,小时,受不了
4789|麦,炸吗
4789|庞统,死,孔明,很多,法正,长寿,孔明,舒服,起码,不用,操心,军事
4789|其实,50,古代,不算,短寿
4789|变异
4789|骇死
4790|法正,死,更累
4790|先想,办法,获取,原始积累,创立,几家,上市公司,能量,部门
4791|一集,卧龙,吟,催泪,余年,做,陇亩,民,猿鹤,听,抚琴
4791|Up,掉,水里
4792|麦,没,弄,哈哈哈
4793|关键,刘,关张,年纪
4793|新,三,诸葛亮,起来,算,轻松
4793|听,口音,经略,实乃,汉末,仙人,亲临,现代,吾,讲述,历史
4794|幽冥,魔,赔,汽水,喷,衣服
4795|丞相,其实,法正,关系,不错,帮,省,不少,事
4795|季汉,阵营,庞统,死,一连串,蝴蝶效应,一路,下滑
4796|麦,炸
4796|居然,黑,丞相,良心
4796|一个,汉初,三杰,活儿,全干
4796|绍伊古,格拉西莫夫,职责,合并,成,一个
4797|后勤,政治,军事,献策,纳,外交,赋税,生产,科技,丞相,真是,呕心沥血
4797|徐庶,庞,统,法,正,完美
4797|后面,任用,刘巴,刘巴,死,早
4798|期待,一集
4799|庞统,死,蜀汉,转衰,第一步
4799|神带,群坑
4800|丞相,内政,战略,庞统,强,战略,战术
4800|汉中,之战,襄樊,之战,那会,差不多,巅峰,凤雏,死,转衰,第一步
4800|丞相,大爷,绝配,大爷,早年,没能,守住,徐州,底蕴,太差,没有,兵
4800|戛然而止,卧槽
4800|新,三,诸葛亮,受累,受气
4801|其实,后面,得到,西川,之后,需要,庞统
4801|门,糜芳,傅士仁,锅
4802|徐庶,走
